2026-05-03 22:16:54.201 | INFO     | __main__:<module>:132 - 🚀 Running FULL pipeline...
2026-05-03 22:16:54.201 | INFO     | __main__:step_init:30 - ═══ STEP 1: Init Database ═══
2026-05-03 22:16:54.720 | SUCCESS  | __main__:step_init:33 - Database initialized ✓
2026-05-03 22:16:54.720 | INFO     | __main__:step_scrape:37 - ═══ STEP 2: Scrape Historical Data ═══
2026-05-03 22:16:56.559 | INFO     | data.scraper:download_season:51 - [Scraper] soccer_epl 2021: 380 trận
2026-05-03 22:16:56.822 | INFO     | data.scraper:run_scraper:109 - [Scraper] Đã lưu 380 trận mới vào DB
2026-05-03 22:16:58.185 | INFO     | data.scraper:download_season:51 - [Scraper] soccer_epl 2122: 380 trận
2026-05-03 22:16:58.423 | INFO     | data.scraper:run_scraper:109 - [Scraper] Đã lưu 380 trận mới vào DB
2026-05-03 22:17:00.775 | INFO     | data.scraper:download_season:51 - [Scraper] soccer_epl 2223: 380 trận
2026-05-03 22:17:01.005 | INFO     | data.scraper:run_scraper:109 - [Scraper] Đã lưu 380 trận mới vào DB
2026-05-03 22:17:02.384 | INFO     | data.scraper:download_season:51 - [Scraper] soccer_epl 2324: 380 trận
2026-05-03 22:17:02.622 | INFO     | data.scraper:run_scraper:109 - [Scraper] Đã lưu 380 trận mới vào DB
2026-05-03 22:17:04.044 | INFO     | data.scraper:download_season:51 - [Scraper] soccer_epl 2425: 380 trận
2026-05-03 22:17:04.280 | INFO     | data.scraper:run_scraper:109 - [Scraper] Đã lưu 380 trận mới vào DB
2026-05-03 22:17:05.623 | INFO     | data.scraper:download_season:51 - [Scraper] soccer_germany_bundesliga 2021: 306 trận
2026-05-03 22:17:05.823 | INFO     | data.scraper:run_scraper:109 - [Scraper] Đã lưu 306 trận mới vào DB
2026-05-03 22:17:07.122 | INFO     | data.scraper:download_season:51 - [Scraper] soccer_germany_bundesliga 2122: 306 trận
2026-05-03 22:17:07.317 | INFO     | data.scraper:run_scraper:109 - [Scraper] Đã lưu 306 trận mới vào DB
2026-05-03 22:17:08.651 | INFO     | data.scraper:download_season:51 - [Scraper] soccer_germany_bundesliga 2223: 306 trận
2026-05-03 22:17:08.837 | INFO     | data.scraper:run_scraper:109 - [Scraper] Đã lưu 306 trận mới vào DB
2026-05-03 22:17:10.155 | INFO     | data.scraper:download_season:51 - [Scraper] soccer_germany_bundesliga 2324: 306 trận
2026-05-03 22:17:10.350 | INFO     | data.scraper:run_scraper:109 - [Scraper] Đã lưu 306 trận mới vào DB
2026-05-03 22:17:11.720 | INFO     | data.scraper:download_season:51 - [Scraper] soccer_germany_bundesliga 2425: 306 trận
2026-05-03 22:17:11.915 | INFO     | data.scraper:run_scraper:109 - [Scraper] Đã lưu 306 trận mới vào DB
2026-05-03 22:17:11.915 | SUCCESS  | data.scraper:run_scraper:111 - [Scraper] Hoàn thành. Tổng cộng 3430 trận mới.
2026-05-03 22:17:11.915 | SUCCESS  | __main__:step_scrape:40 - Scraped 3430 new matches ✓
2026-05-03 22:17:11.915 | INFO     | __main__:step_train:44 - ═══ STEP 3: Train Models ═══
2026-05-03 22:17:20.087 | ERROR    | __main__:<module>:137 - Step train failed: No module named 'xgboost'
2026-05-03 22:20:26.773 | INFO     | __main__:<module>:132 - 🚀 Running FULL pipeline...
2026-05-03 22:20:26.773 | INFO     | __main__:step_init:30 - ═══ STEP 1: Init Database ═══
2026-05-03 22:20:27.059 | SUCCESS  | __main__:step_init:33 - Database initialized ✓
2026-05-03 22:20:27.059 | INFO     | __main__:step_scrape:37 - ═══ STEP 2: Scrape Historical Data ═══
2026-05-03 22:20:28.582 | INFO     | data.scraper:download_season:51 - [Scraper] soccer_epl 2021: 380 trận
2026-05-03 22:20:28.719 | INFO     | data.scraper:run_scraper:109 - [Scraper] Đã lưu 0 trận mới vào DB
2026-05-03 22:20:30.104 | INFO     | data.scraper:download_season:51 - [Scraper] soccer_epl 2122: 380 trận
2026-05-03 22:20:30.240 | INFO     | data.scraper:run_scraper:109 - [Scraper] Đã lưu 0 trận mới vào DB
2026-05-03 22:20:31.615 | INFO     | data.scraper:download_season:51 - [Scraper] soccer_epl 2223: 380 trận
2026-05-03 22:20:31.756 | INFO     | data.scraper:run_scraper:109 - [Scraper] Đã lưu 0 trận mới vào DB
2026-05-03 22:20:33.145 | INFO     | data.scraper:download_season:51 - [Scraper] soccer_epl 2324: 380 trận
2026-05-03 22:20:33.282 | INFO     | data.scraper:run_scraper:109 - [Scraper] Đã lưu 0 trận mới vào DB
2026-05-03 22:20:34.676 | INFO     | data.scraper:download_season:51 - [Scraper] soccer_epl 2425: 380 trận
2026-05-03 22:20:34.813 | INFO     | data.scraper:run_scraper:109 - [Scraper] Đã lưu 0 trận mới vào DB
2026-05-03 22:20:36.118 | INFO     | data.scraper:download_season:51 - [Scraper] soccer_germany_bundesliga 2021: 306 trận
2026-05-03 22:20:36.239 | INFO     | data.scraper:run_scraper:109 - [Scraper] Đã lưu 0 trận mới vào DB
2026-05-03 22:20:37.594 | INFO     | data.scraper:download_season:51 - [Scraper] soccer_germany_bundesliga 2122: 306 trận
2026-05-03 22:20:37.700 | INFO     | data.scraper:run_scraper:109 - [Scraper] Đã lưu 0 trận mới vào DB
2026-05-03 22:20:39.049 | INFO     | data.scraper:download_season:51 - [Scraper] soccer_germany_bundesliga 2223: 306 trận
2026-05-03 22:20:39.160 | INFO     | data.scraper:run_scraper:109 - [Scraper] Đã lưu 0 trận mới vào DB
2026-05-03 22:20:40.488 | INFO     | data.scraper:download_season:51 - [Scraper] soccer_germany_bundesliga 2324: 306 trận
2026-05-03 22:20:40.597 | INFO     | data.scraper:run_scraper:109 - [Scraper] Đã lưu 0 trận mới vào DB
2026-05-03 22:20:41.996 | INFO     | data.scraper:download_season:51 - [Scraper] soccer_germany_bundesliga 2425: 306 trận
2026-05-03 22:20:42.112 | INFO     | data.scraper:run_scraper:109 - [Scraper] Đã lưu 0 trận mới vào DB
2026-05-03 22:20:42.112 | SUCCESS  | data.scraper:run_scraper:111 - [Scraper] Hoàn thành. Tổng cộng 0 trận mới.
2026-05-03 22:20:42.112 | SUCCESS  | __main__:step_scrape:40 - Scraped 0 new matches ✓
2026-05-03 22:20:42.112 | INFO     | __main__:step_train:44 - ═══ STEP 3: Train Models ═══
2026-05-03 22:20:47.662 | INFO     | models.trainer:run_training_pipeline:122 - [Trainer] Train size: 2744 | Cal size: 686
2026-05-03 22:20:47.662 | INFO     | models.trainer:run_training_pipeline:125 - [Trainer] Computing OOF for XGBoost...
2026-05-03 22:20:48.632 | DEBUG    | models.trainer:get_oof_predictions:46 - [Trainer] Fold 1/5 done
2026-05-03 22:20:49.381 | DEBUG    | models.trainer:get_oof_predictions:46 - [Trainer] Fold 2/5 done
2026-05-03 22:20:50.195 | DEBUG    | models.trainer:get_oof_predictions:46 - [Trainer] Fold 3/5 done
2026-05-03 22:20:51.068 | DEBUG    | models.trainer:get_oof_predictions:46 - [Trainer] Fold 4/5 done
2026-05-03 22:20:52.026 | DEBUG    | models.trainer:get_oof_predictions:46 - [Trainer] Fold 5/5 done
2026-05-03 22:20:52.030 | INFO     | models.trainer:run_training_pipeline:128 - [Trainer] Computing OOF for LightGBM...
2026-05-03 22:20:52.722 | DEBUG    | models.trainer:get_oof_predictions:46 - [Trainer] Fold 1/5 done
2026-05-03 22:20:53.474 | DEBUG    | models.trainer:get_oof_predictions:46 - [Trainer] Fold 2/5 done
2026-05-03 22:20:54.345 | DEBUG    | models.trainer:get_oof_predictions:46 - [Trainer] Fold 3/5 done
2026-05-03 22:20:55.278 | DEBUG    | models.trainer:get_oof_predictions:46 - [Trainer] Fold 4/5 done
2026-05-03 22:20:56.152 | DEBUG    | models.trainer:get_oof_predictions:46 - [Trainer] Fold 5/5 done
2026-05-03 22:20:56.157 | INFO     | models.trainer:train_base_models:24 - [Trainer] Training XGBoost...
2026-05-03 22:20:57.327 | INFO     | models.trainer:train_base_models:28 - [Trainer] Training LightGBM...
2026-05-03 22:20:58.389 | INFO     | models.trainer:train_meta_model:56 - [Trainer] Meta model trained
2026-05-03 22:20:58.427 | INFO     | models.trainer:run_training_pipeline:141 - [Trainer] Before calibration: {'brier_Home': 0.2212, 'brier_Draw': 0.1857, 'brier_Away': 0.2187, 'log_loss': 1.0409}
2026-05-03 22:20:58.428 | ERROR    | __main__:<module>:137 - Step train failed: EnsembleWrapper should either be a classifier to be used with response_method=['decision_function', 'predict_proba'] or the response_method should be 'predict'. Got a regressor with response_method=['decision_function', 'predict_proba'] instead.
2026-05-03 22:22:09.916 | INFO     | __main__:step_train:44 - ═══ STEP 3: Train Models ═══
2026-05-03 22:22:18.000 | INFO     | models.trainer:run_training_pipeline:122 - [Trainer] Train size: 2744 | Cal size: 686
2026-05-03 22:22:18.000 | INFO     | models.trainer:run_training_pipeline:125 - [Trainer] Computing OOF for XGBoost...
2026-05-03 22:22:19.207 | DEBUG    | models.trainer:get_oof_predictions:46 - [Trainer] Fold 1/5 done
2026-05-03 22:22:19.904 | DEBUG    | models.trainer:get_oof_predictions:46 - [Trainer] Fold 2/5 done
2026-05-03 22:22:20.677 | DEBUG    | models.trainer:get_oof_predictions:46 - [Trainer] Fold 3/5 done
2026-05-03 22:22:21.523 | DEBUG    | models.trainer:get_oof_predictions:46 - [Trainer] Fold 4/5 done
2026-05-03 22:22:22.390 | DEBUG    | models.trainer:get_oof_predictions:46 - [Trainer] Fold 5/5 done
2026-05-03 22:22:22.394 | INFO     | models.trainer:run_training_pipeline:128 - [Trainer] Computing OOF for LightGBM...
2026-05-03 22:22:22.965 | DEBUG    | models.trainer:get_oof_predictions:46 - [Trainer] Fold 1/5 done
2026-05-03 22:22:23.643 | DEBUG    | models.trainer:get_oof_predictions:46 - [Trainer] Fold 2/5 done
2026-05-03 22:22:24.369 | DEBUG    | models.trainer:get_oof_predictions:46 - [Trainer] Fold 3/5 done
2026-05-03 22:22:25.121 | DEBUG    | models.trainer:get_oof_predictions:46 - [Trainer] Fold 4/5 done
2026-05-03 22:22:25.876 | DEBUG    | models.trainer:get_oof_predictions:46 - [Trainer] Fold 5/5 done
2026-05-03 22:22:25.878 | INFO     | models.trainer:train_base_models:24 - [Trainer] Training XGBoost...
2026-05-03 22:22:26.781 | INFO     | models.trainer:train_base_models:28 - [Trainer] Training LightGBM...
2026-05-03 22:22:27.570 | INFO     | models.trainer:train_meta_model:56 - [Trainer] Meta model trained
2026-05-03 22:22:27.599 | INFO     | models.trainer:run_training_pipeline:141 - [Trainer] Before calibration: {'brier_Home': 0.2212, 'brier_Draw': 0.1857, 'brier_Away': 0.2187, 'log_loss': 1.0409}
2026-05-03 22:22:27.664 | INFO     | models.trainer:run_training_pipeline:163 - [Trainer] After calibration:  {'brier_Home': 0.2129, 'brier_Draw': 0.1856, 'brier_Away': 0.2145, 'log_loss': 1.0203}
2026-05-03 22:22:27.688 | INFO     | models.trainer:save_models:88 - [Trainer] Saved D:\dream_project\pipeline_dish\models\saved\xgb_all.pkl
2026-05-03 22:22:27.776 | INFO     | models.trainer:save_models:88 - [Trainer] Saved D:\dream_project\pipeline_dish\models\saved\lgb_all.pkl
2026-05-03 22:22:27.777 | INFO     | models.trainer:save_models:88 - [Trainer] Saved D:\dream_project\pipeline_dish\models\saved\meta_all.pkl
2026-05-03 22:23:31.041 | INFO     | __main__:step_train:44 - ═══ STEP 3: Train Models ═══
2026-05-03 22:23:36.517 | INFO     | models.trainer:run_training_pipeline:143 - [Trainer] Train size: 2744 | Cal size: 686
2026-05-03 22:23:36.518 | INFO     | models.trainer:run_training_pipeline:146 - [Trainer] Computing OOF for XGBoost...
2026-05-03 22:23:37.283 | DEBUG    | models.trainer:get_oof_predictions:46 - [Trainer] Fold 1/5 done
2026-05-03 22:23:38.008 | DEBUG    | models.trainer:get_oof_predictions:46 - [Trainer] Fold 2/5 done
2026-05-03 22:23:38.799 | DEBUG    | models.trainer:get_oof_predictions:46 - [Trainer] Fold 3/5 done
2026-05-03 22:23:39.666 | DEBUG    | models.trainer:get_oof_predictions:46 - [Trainer] Fold 4/5 done
2026-05-03 22:23:40.573 | DEBUG    | models.trainer:get_oof_predictions:46 - [Trainer] Fold 5/5 done
2026-05-03 22:23:40.577 | INFO     | models.trainer:run_training_pipeline:149 - [Trainer] Computing OOF for LightGBM...
2026-05-03 22:23:41.154 | DEBUG    | models.trainer:get_oof_predictions:46 - [Trainer] Fold 1/5 done
2026-05-03 22:23:41.890 | DEBUG    | models.trainer:get_oof_predictions:46 - [Trainer] Fold 2/5 done
2026-05-03 22:23:42.647 | DEBUG    | models.trainer:get_oof_predictions:46 - [Trainer] Fold 3/5 done
2026-05-03 22:23:43.440 | DEBUG    | models.trainer:get_oof_predictions:46 - [Trainer] Fold 4/5 done
2026-05-03 22:23:44.211 | DEBUG    | models.trainer:get_oof_predictions:46 - [Trainer] Fold 5/5 done
2026-05-03 22:23:44.213 | INFO     | models.trainer:train_base_models:24 - [Trainer] Training XGBoost...
2026-05-03 22:23:45.151 | INFO     | models.trainer:train_base_models:28 - [Trainer] Training LightGBM...
2026-05-03 22:23:45.977 | INFO     | models.trainer:train_meta_model:56 - [Trainer] Meta model trained
2026-05-03 22:23:46.013 | INFO     | models.trainer:run_training_pipeline:162 - [Trainer] Before calibration: {'brier_Home': 0.2212, 'brier_Draw': 0.1857, 'brier_Away': 0.2187, 'log_loss': 1.0409}
2026-05-03 22:23:46.078 | INFO     | models.trainer:run_training_pipeline:171 - [Trainer] After calibration:  {'brier_Home': 0.2129, 'brier_Draw': 0.1856, 'brier_Away': 0.2145, 'log_loss': 1.0203}
2026-05-03 22:23:46.105 | INFO     | models.trainer:save_models:109 - [Trainer] Saved D:\dream_project\pipeline_dish\models\saved\xgb_all.pkl
2026-05-03 22:23:46.195 | INFO     | models.trainer:save_models:109 - [Trainer] Saved D:\dream_project\pipeline_dish\models\saved\lgb_all.pkl
2026-05-03 22:23:46.195 | INFO     | models.trainer:save_models:109 - [Trainer] Saved D:\dream_project\pipeline_dish\models\saved\meta_all.pkl
2026-05-03 22:23:46.310 | INFO     | models.trainer:save_models:114 - [Trainer] Saved calibrated model → D:\dream_project\pipeline_dish\models\calibrated\calibrated_all.pkl
2026-05-03 22:23:46.310 | SUCCESS  | models.trainer:run_training_pipeline:175 - [Trainer] Pipeline hoàn thành cho league=all
2026-05-03 22:23:46.310 | SUCCESS  | __main__:step_train:68 - Training complete. Metrics: {'brier_Home': 0.2129, 'brier_Draw': 0.1856, 'brier_Away': 0.2145, 'log_loss': 1.0203} ✓
2026-05-03 22:23:59.821 | INFO     | __main__:step_backtest:72 - ═══ STEP 4: Walk-Forward Backtest ═══
2026-05-03 22:24:01.054 | INFO     | betting.backtest:walk_forward_backtest:25 - [Backtest] Seasons: ['2020-21', '2021-22', '2022-23', '2023-24', '2024-25']
2026-05-03 22:24:01.062 | INFO     | betting.backtest:walk_forward_backtest:41 - [Backtest] Train: ['2020-21', '2021-22', '2022-23'] (2058 trận) | Test: 2023-24 (686 trận)
2026-05-03 22:24:09.326 | INFO     | models.trainer:run_training_pipeline:143 - [Trainer] Train size: 1646 | Cal size: 412
2026-05-03 22:24:09.328 | INFO     | models.trainer:run_training_pipeline:146 - [Trainer] Computing OOF for XGBoost...
2026-05-03 22:24:11.790 | DEBUG    | models.trainer:get_oof_predictions:46 - [Trainer] Fold 1/5 done
2026-05-03 22:24:12.673 | DEBUG    | models.trainer:get_oof_predictions:46 - [Trainer] Fold 2/5 done
2026-05-03 22:24:13.577 | DEBUG    | models.trainer:get_oof_predictions:46 - [Trainer] Fold 3/5 done
2026-05-03 22:24:14.511 | DEBUG    | models.trainer:get_oof_predictions:46 - [Trainer] Fold 4/5 done
2026-05-03 22:24:15.336 | DEBUG    | models.trainer:get_oof_predictions:46 - [Trainer] Fold 5/5 done
2026-05-03 22:24:15.340 | INFO     | models.trainer:run_training_pipeline:149 - [Trainer] Computing OOF for LightGBM...
2026-05-03 22:24:15.748 | DEBUG    | models.trainer:get_oof_predictions:46 - [Trainer] Fold 1/5 done
2026-05-03 22:24:16.272 | DEBUG    | models.trainer:get_oof_predictions:46 - [Trainer] Fold 2/5 done
2026-05-03 22:24:16.982 | DEBUG    | models.trainer:get_oof_predictions:46 - [Trainer] Fold 3/5 done
2026-05-03 22:24:17.772 | DEBUG    | models.trainer:get_oof_predictions:46 - [Trainer] Fold 4/5 done
2026-05-03 22:24:18.522 | DEBUG    | models.trainer:get_oof_predictions:46 - [Trainer] Fold 5/5 done
2026-05-03 22:24:18.524 | INFO     | models.trainer:train_base_models:24 - [Trainer] Training XGBoost...
2026-05-03 22:24:19.350 | INFO     | models.trainer:train_base_models:28 - [Trainer] Training LightGBM...
2026-05-03 22:24:20.130 | INFO     | models.trainer:train_meta_model:56 - [Trainer] Meta model trained
2026-05-03 22:24:20.155 | INFO     | models.trainer:run_training_pipeline:162 - [Trainer] Before calibration: {'brier_Home': 0.2329, 'brier_Draw': 0.1814, 'brier_Away': 0.1889, 'log_loss': 1.0095}
2026-05-03 22:24:20.209 | INFO     | models.trainer:run_training_pipeline:171 - [Trainer] After calibration:  {'brier_Home': 0.2316, 'brier_Draw': 0.1812, 'brier_Away': 0.1867, 'log_loss': 1.002}
2026-05-03 22:24:20.242 | INFO     | models.trainer:save_models:109 - [Trainer] Saved D:\dream_project\pipeline_dish\models\saved\xgb_wf_2023-24.pkl
2026-05-03 22:24:20.337 | INFO     | models.trainer:save_models:109 - [Trainer] Saved D:\dream_project\pipeline_dish\models\saved\lgb_wf_2023-24.pkl
2026-05-03 22:24:20.339 | INFO     | models.trainer:save_models:109 - [Trainer] Saved D:\dream_project\pipeline_dish\models\saved\meta_wf_2023-24.pkl
2026-05-03 22:24:20.453 | INFO     | models.trainer:save_models:114 - [Trainer] Saved calibrated model → D:\dream_project\pipeline_dish\models\calibrated\calibrated_wf_2023-24.pkl
2026-05-03 22:24:20.453 | SUCCESS  | models.trainer:run_training_pipeline:175 - [Trainer] Pipeline hoàn thành cho league=wf_2023-24
2026-05-03 22:24:20.485 | INFO     | betting.kelly:settle_bet:107 - [Bankroll] LOSS | stake=33.40 | odds=8.0 | bankroll=966.60 | ROI=-3.3%
2026-05-03 22:24:20.485 | INFO     | betting.kelly:settle_bet:107 - [Bankroll] LOSS | stake=16.05 | odds=5.5 | bankroll=950.55 | ROI=-4.9%
2026-05-03 22:24:20.486 | INFO     | betting.kelly:settle_bet:107 - [Bankroll] LOSS | stake=19.11 | odds=7.0 | bankroll=931.44 | ROI=-6.9%
2026-05-03 22:24:20.487 | INFO     | betting.kelly:settle_bet:107 - [Bankroll] LOSS | stake=15.93 | odds=15.0 | bankroll=915.51 | ROI=-8.4%
2026-05-03 22:24:20.487 | INFO     | betting.kelly:settle_bet:107 - [Bankroll] LOSS | stake=57.22 | odds=2.7 | bankroll=858.29 | ROI=-14.2%
2026-05-03 22:24:20.488 | INFO     | betting.kelly:settle_bet:107 - [Bankroll] WIN | stake=32.19 | odds=1.75 | bankroll=882.43 | ROI=-11.8%
2026-05-03 22:24:20.488 | INFO     | betting.kelly:settle_bet:107 - [Bankroll] LOSS | stake=55.15 | odds=2.2 | bankroll=827.28 | ROI=-17.3%
2026-05-03 22:24:20.489 | INFO     | betting.kelly:settle_bet:107 - [Bankroll] LOSS | stake=15.80 | odds=5.5 | bankroll=811.48 | ROI=-18.9%
2026-05-03 22:24:20.489 | INFO     | betting.kelly:settle_bet:107 - [Bankroll] LOSS | stake=26.05 | odds=9.0 | bankroll=785.43 | ROI=-21.5%
2026-05-03 22:24:20.490 | INFO     | betting.kelly:settle_bet:107 - [Bankroll] LOSS | stake=8.25 | odds=3.0 | bankroll=777.18 | ROI=-22.3%
2026-05-03 22:24:20.490 | INFO     | betting.kelly:settle_bet:107 - [Bankroll] LOSS | stake=21.53 | odds=2.38 | bankroll=755.65 | ROI=-24.4%
2026-05-03 22:24:20.491 | INFO     | betting.kelly:settle_bet:107 - [Bankroll] LOSS | stake=47.23 | odds=2.75 | bankroll=708.42 | ROI=-29.2%
2026-05-03 22:24:20.492 | INFO     | betting.kelly:settle_bet:107 - [Bankroll] LOSS | stake=7.30 | odds=5.5 | bankroll=701.12 | ROI=-29.9%
2026-05-03 22:24:20.492 | INFO     | betting.kelly:settle_bet:107 - [Bankroll] LOSS | stake=5.47 | odds=9.0 | bankroll=695.65 | ROI=-30.4%
2026-05-03 22:24:20.492 | INFO     | betting.kelly:settle_bet:107 - [Bankroll] LOSS | stake=27.97 | odds=7.5 | bankroll=667.68 | ROI=-33.2%
2026-05-03 22:24:20.492 | INFO     | betting.kelly:settle_bet:107 - [Bankroll] LOSS | stake=22.37 | odds=6.5 | bankroll=645.31 | ROI=-35.5%
2026-05-03 22:24:20.493 | INFO     | betting.kelly:settle_bet:107 - [Bankroll] WIN | stake=27.30 | odds=1.95 | bankroll=671.24 | ROI=-32.9%
2026-05-03 22:24:20.493 | INFO     | betting.kelly:settle_bet:107 - [Bankroll] LOSS | stake=17.59 | odds=7.0 | bankroll=653.65 | ROI=-34.6%
2026-05-03 22:24:20.494 | INFO     | betting.kelly:settle_bet:107 - [Bankroll] LOSS | stake=17.39 | odds=13.0 | bankroll=636.26 | ROI=-36.4%
2026-05-03 22:24:20.494 | INFO     | betting.kelly:settle_bet:107 - [Bankroll] LOSS | stake=31.75 | odds=2.45 | bankroll=604.51 | ROI=-39.5%
2026-05-03 22:24:20.495 | INFO     | betting.kelly:settle_bet:107 - [Bankroll] WIN | stake=15.96 | odds=2.63 | bankroll=630.52 | ROI=-36.9%
2026-05-03 22:24:20.495 | INFO     | betting.kelly:settle_bet:107 - [Bankroll] LOSS | stake=8.01 | odds=5.0 | bankroll=622.51 | ROI=-37.7%
2026-05-03 22:24:20.496 | INFO     | betting.kelly:settle_bet:107 - [Bankroll] LOSS | stake=8.84 | odds=7.0 | bankroll=613.67 | ROI=-38.6%
2026-05-03 22:24:20.496 | INFO     | betting.kelly:settle_bet:107 - [Bankroll] WIN | stake=10.86 | odds=2.9 | bankroll=634.31 | ROI=-36.6%
2026-05-03 22:24:20.497 | INFO     | betting.kelly:settle_bet:107 - [Bankroll] LOSS | stake=39.64 | odds=4.0 | bankroll=594.67 | ROI=-40.5%
2026-05-03 22:24:20.497 | INFO     | betting.kelly:settle_bet:107 - [Bankroll] LOSS | stake=1.55 | odds=4.33 | bankroll=593.12 | ROI=-40.7%
2026-05-03 22:24:20.499 | INFO     | betting.kelly:settle_bet:107 - [Bankroll] WIN | stake=30.31 | odds=2.8 | bankroll=647.68 | ROI=-35.2%
2026-05-03 22:24:20.499 | INFO     | betting.kelly:settle_bet:107 - [Bankroll] LOSS | stake=1.68 | odds=5.25 | bankroll=646.00 | ROI=-35.4%
2026-05-03 22:24:20.500 | INFO     | betting.kelly:settle_bet:107 - [Bankroll] LOSS | stake=11.43 | odds=4.5 | bankroll=634.57 | ROI=-36.5%
2026-05-03 22:24:20.500 | INFO     | betting.kelly:settle_bet:107 - [Bankroll] WIN | stake=3.24 | odds=3.75 | bankroll=643.47 | ROI=-35.7%
2026-05-03 22:24:20.501 | INFO     | betting.kelly:settle_bet:107 - [Bankroll] WIN | stake=6.76 | odds=1.95 | bankroll=649.89 | ROI=-35.0%
2026-05-03 22:24:20.502 | INFO     | betting.kelly:settle_bet:107 - [Bankroll] LOSS | stake=4.35 | odds=5.25 | bankroll=645.54 | ROI=-35.4%
2026-05-03 22:24:20.502 | INFO     | betting.kelly:settle_bet:107 - [Bankroll] LOSS | stake=2.65 | odds=7.5 | bankroll=642.89 | ROI=-35.7%
2026-05-03 22:24:20.502 | INFO     | betting.kelly:settle_bet:107 - [Bankroll] LOSS | stake=16.20 | odds=5.5 | bankroll=626.69 | ROI=-37.3%
2026-05-03 22:24:20.502 | INFO     | betting.kelly:settle_bet:107 - [Bankroll] LOSS | stake=6.58 | odds=5.5 | bankroll=620.11 | ROI=-38.0%
2026-05-03 22:24:20.502 | INFO     | betting.kelly:settle_bet:107 - [Bankroll] LOSS | stake=7.69 | odds=11.0 | bankroll=612.42 | ROI=-38.8%
2026-05-03 22:24:20.502 | INFO     | betting.kelly:settle_bet:107 - [Bankroll] LOSS | stake=8.82 | odds=4.0 | bankroll=603.60 | ROI=-39.6%
2026-05-03 22:24:20.504 | INFO     | betting.kelly:settle_bet:107 - [Bankroll] LOSS | stake=3.08 | odds=4.75 | bankroll=600.52 | ROI=-39.9%
2026-05-03 22:24:20.504 | INFO     | betting.kelly:settle_bet:107 - [Bankroll] WIN | stake=2.16 | odds=5.25 | bankroll=609.71 | ROI=-39.0%
2026-05-03 22:24:20.505 | INFO     | betting.kelly:settle_bet:107 - [Bankroll] LOSS | stake=38.11 | odds=3.0 | bankroll=571.60 | ROI=-42.8%
2026-05-03 22:24:20.505 | INFO     | betting.kelly:settle_bet:107 - [Bankroll] LOSS | stake=2.00 | odds=3.8 | bankroll=569.60 | ROI=-43.0%
2026-05-03 22:24:20.505 | INFO     | betting.kelly:settle_bet:107 - [Bankroll] LOSS | stake=35.60 | odds=7.0 | bankroll=534.00 | ROI=-46.6%
2026-05-03 22:24:20.505 | INFO     | betting.kelly:settle_bet:107 - [Bankroll] WIN | stake=8.17 | odds=5.0 | bankroll=566.68 | ROI=-43.3%
2026-05-03 22:24:20.505 | INFO     | betting.kelly:settle_bet:107 - [Bankroll] LOSS | stake=4.14 | odds=4.75 | bankroll=562.54 | ROI=-43.7%
2026-05-03 22:24:20.505 | INFO     | betting.kelly:settle_bet:107 - [Bankroll] LOSS | stake=9.62 | odds=6.0 | bankroll=552.92 | ROI=-44.7%
2026-05-03 22:24:20.507 | INFO     | betting.kelly:settle_bet:107 - [Bankroll] LOSS | stake=4.92 | odds=8.0 | bankroll=548.00 | ROI=-45.2%
2026-05-03 22:24:20.507 | INFO     | betting.kelly:settle_bet:107 - [Bankroll] LOSS | stake=13.65 | odds=3.5 | bankroll=534.35 | ROI=-46.6%
2026-05-03 22:24:20.507 | INFO     | betting.kelly:settle_bet:107 - [Bankroll] LOSS | stake=7.85 | odds=2.3 | bankroll=526.50 | ROI=-47.3%
2026-05-03 22:24:20.509 | INFO     | betting.kelly:settle_bet:107 - [Bankroll] WIN | stake=10.32 | odds=7.0 | bankroll=588.42 | ROI=-41.2%
2026-05-03 22:24:20.509 | INFO     | betting.kelly:settle_bet:107 - [Bankroll] LOSS | stake=8.18 | odds=13.0 | bankroll=580.24 | ROI=-42.0%
2026-05-03 22:24:20.509 | INFO     | betting.kelly:settle_bet:107 - [Bankroll] LOSS | stake=36.27 | odds=3.8 | bankroll=543.98 | ROI=-45.6%
2026-05-03 22:24:20.509 | INFO     | betting.kelly:settle_bet:107 - [Bankroll] LOSS | stake=34.00 | odds=2.3 | bankroll=509.98 | ROI=-49.0%
2026-05-03 22:24:20.511 | INFO     | betting.kelly:settle_bet:107 - [Bankroll] LOSS | stake=17.49 | odds=3.4 | bankroll=492.49 | ROI=-50.8%
2026-05-03 22:24:20.511 | INFO     | betting.kelly:settle_bet:107 - [Bankroll] LOSS | stake=19.45 | odds=2.38 | bankroll=473.04 | ROI=-52.7%
2026-05-03 22:24:20.512 | INFO     | betting.kelly:settle_bet:107 - [Bankroll] LOSS | stake=16.04 | odds=12.0 | bankroll=457.00 | ROI=-54.3%
2026-05-03 22:24:20.512 | INFO     | betting.kelly:settle_bet:107 - [Bankroll] LOSS | stake=9.60 | odds=19.0 | bankroll=447.40 | ROI=-55.3%
2026-05-03 22:24:20.512 | INFO     | betting.kelly:settle_bet:107 - [Bankroll] LOSS | stake=22.59 | odds=13.0 | bankroll=424.81 | ROI=-57.5%
2026-05-03 22:24:20.513 | INFO     | betting.kelly:settle_bet:107 - [Bankroll] LOSS | stake=14.02 | odds=8.0 | bankroll=410.79 | ROI=-58.9%
2026-05-03 22:24:20.513 | INFO     | betting.kelly:settle_bet:107 - [Bankroll] LOSS | stake=25.67 | odds=4.75 | bankroll=385.12 | ROI=-61.5%
2026-05-03 22:24:20.514 | INFO     | betting.kelly:settle_bet:107 - [Bankroll] WIN | stake=8.13 | odds=7.0 | bankroll=433.88 | ROI=-56.6%
2026-05-03 22:24:20.514 | INFO     | betting.kelly:settle_bet:107 - [Bankroll] LOSS | stake=4.64 | odds=9.5 | bankroll=429.24 | ROI=-57.1%
2026-05-03 22:24:20.515 | INFO     | betting.kelly:settle_bet:107 - [Bankroll] LOSS | stake=3.69 | odds=4.5 | bankroll=425.55 | ROI=-57.4%
2026-05-03 22:24:20.515 | INFO     | betting.kelly:settle_bet:107 - [Bankroll] WIN | stake=26.60 | odds=8.5 | bankroll=625.03 | ROI=-37.5%
2026-05-03 22:24:20.515 | INFO     | betting.kelly:settle_bet:107 - [Bankroll] LOSS | stake=23.13 | odds=3.6 | bankroll=601.90 | ROI=-39.8%
2026-05-03 22:24:20.515 | INFO     | betting.kelly:settle_bet:107 - [Bankroll] LOSS | stake=1.99 | odds=4.0 | bankroll=599.91 | ROI=-40.0%
2026-05-03 22:24:20.515 | INFO     | betting.kelly:settle_bet:107 - [Bankroll] LOSS | stake=12.66 | odds=3.75 | bankroll=587.25 | ROI=-41.3%
2026-05-03 22:24:20.517 | INFO     | betting.kelly:settle_bet:107 - [Bankroll] LOSS | stake=17.62 | odds=2.63 | bankroll=569.63 | ROI=-43.0%
2026-05-03 22:24:20.517 | INFO     | betting.kelly:settle_bet:107 - [Bankroll] LOSS | stake=16.23 | odds=8.0 | bankroll=553.40 | ROI=-44.7%
2026-05-03 22:24:20.517 | INFO     | betting.kelly:settle_bet:107 - [Bankroll] LOSS | stake=13.95 | odds=15.0 | bankroll=539.45 | ROI=-46.1%
2026-05-03 22:24:20.517 | INFO     | betting.kelly:settle_bet:107 - [Bankroll] WIN | stake=10.95 | odds=2.2 | bankroll=552.59 | ROI=-44.7%
2026-05-03 22:24:20.519 | INFO     | betting.kelly:settle_bet:107 - [Bankroll] WIN | stake=34.54 | odds=2.63 | bankroll=608.89 | ROI=-39.1%
2026-05-03 22:24:20.519 | INFO     | betting.kelly:settle_bet:107 - [Bankroll] LOSS | stake=17.84 | odds=2.5 | bankroll=591.05 | ROI=-40.9%
2026-05-03 22:24:20.519 | INFO     | betting.kelly:settle_bet:107 - [Bankroll] LOSS | stake=12.23 | odds=7.0 | bankroll=578.82 | ROI=-42.1%
2026-05-03 22:24:20.519 | INFO     | betting.kelly:settle_bet:107 - [Bankroll] LOSS | stake=8.34 | odds=12.0 | bankroll=570.48 | ROI=-43.0%
2026-05-03 22:24:20.521 | INFO     | betting.kelly:settle_bet:107 - [Bankroll] LOSS | stake=12.66 | odds=1.73 | bankroll=557.82 | ROI=-44.2%
2026-05-03 22:24:20.521 | INFO     | betting.kelly:settle_bet:107 - [Bankroll] LOSS | stake=23.32 | odds=8.5 | bankroll=534.50 | ROI=-46.6%
2026-05-03 22:24:20.521 | INFO     | betting.kelly:settle_bet:107 - [Bankroll] LOSS | stake=12.45 | odds=5.75 | bankroll=522.05 | ROI=-47.8%
2026-05-03 22:24:20.523 | INFO     | betting.kelly:settle_bet:107 - [Bankroll] WIN | stake=27.15 | odds=1.75 | bankroll=542.41 | ROI=-45.8%
2026-05-03 22:24:20.523 | INFO     | betting.kelly:settle_bet:107 - [Bankroll] LOSS | stake=3.04 | odds=4.5 | bankroll=539.37 | ROI=-46.1%
2026-05-03 22:24:20.524 | INFO     | betting.kelly:settle_bet:107 - [Bankroll] LOSS | stake=1.29 | odds=4.5 | bankroll=538.08 | ROI=-46.2%
2026-05-03 22:24:20.524 | INFO     | betting.kelly:settle_bet:107 - [Bankroll] WIN | stake=33.63 | odds=1.91 | bankroll=568.68 | ROI=-43.1%
2026-05-03 22:24:20.525 | INFO     | betting.kelly:settle_bet:107 - [Bankroll] LOSS | stake=18.99 | odds=2.1 | bankroll=549.69 | ROI=-45.0%
2026-05-03 22:24:20.525 | INFO     | betting.kelly:settle_bet:107 - [Bankroll] LOSS | stake=12.64 | odds=3.4 | bankroll=537.05 | ROI=-46.3%
2026-05-03 22:24:20.526 | INFO     | betting.kelly:settle_bet:107 - [Bankroll] LOSS | stake=12.57 | odds=7.0 | bankroll=524.48 | ROI=-47.6%
2026-05-03 22:24:20.526 | INFO     | betting.kelly:settle_bet:107 - [Bankroll] LOSS | stake=8.29 | odds=10.0 | bankroll=516.19 | ROI=-48.4%
2026-05-03 22:24:20.526 | INFO     | betting.kelly:settle_bet:107 - [Bankroll] WIN | stake=2.74 | odds=2.7 | bankroll=520.84 | ROI=-47.9%
2026-05-03 22:24:20.526 | INFO     | betting.kelly:settle_bet:107 - [Bankroll] LOSS | stake=5.00 | odds=6.0 | bankroll=515.84 | ROI=-48.4%
2026-05-03 22:24:20.526 | INFO     | betting.kelly:settle_bet:107 - [Bankroll] LOSS | stake=21.46 | odds=7.0 | bankroll=494.38 | ROI=-50.6%
2026-05-03 22:24:20.528 | INFO     | betting.kelly:settle_bet:107 - [Bankroll] LOSS | stake=2.72 | odds=4.5 | bankroll=491.66 | ROI=-50.8%
2026-05-03 22:24:20.528 | INFO     | betting.kelly:settle_bet:107 - [Bankroll] LOSS | stake=4.57 | odds=5.5 | bankroll=487.09 | ROI=-51.3%
2026-05-03 22:24:20.528 | INFO     | betting.kelly:settle_bet:107 - [Bankroll] LOSS | stake=5.85 | odds=11.0 | bankroll=481.24 | ROI=-51.9%
2026-05-03 22:24:20.529 | INFO     | betting.kelly:settle_bet:107 - [Bankroll] LOSS | stake=30.08 | odds=2.15 | bankroll=451.16 | ROI=-54.9%
2026-05-03 22:24:20.529 | INFO     | betting.kelly:settle_bet:107 - [Bankroll] LOSS | stake=10.02 | odds=5.5 | bankroll=441.14 | ROI=-55.9%
2026-05-03 22:24:20.529 | INFO     | betting.kelly:settle_bet:107 - [Bankroll] WIN | stake=7.90 | odds=1.91 | bankroll=448.33 | ROI=-55.2%
2026-05-03 22:24:20.530 | INFO     | betting.kelly:settle_bet:107 - [Bankroll] WIN | stake=7.31 | odds=2.1 | bankroll=456.37 | ROI=-54.4%
2026-05-03 22:24:20.530 | INFO     | betting.kelly:settle_bet:107 - [Bankroll] LOSS | stake=28.52 | odds=6.0 | bankroll=427.85 | ROI=-57.2%
2026-05-03 22:24:20.531 | INFO     | betting.kelly:settle_bet:107 - [Bankroll] LOSS | stake=7.02 | odds=5.0 | bankroll=420.83 | ROI=-57.9%
2026-05-03 22:24:20.531 | INFO     | betting.kelly:settle_bet:107 - [Bankroll] WIN | stake=18.52 | odds=2.25 | bankroll=443.98 | ROI=-55.6%
2026-05-03 22:24:20.532 | INFO     | betting.kelly:settle_bet:107 - [Bankroll] LOSS | stake=17.76 | odds=2.38 | bankroll=426.22 | ROI=-57.4%
2026-05-03 22:24:20.532 | INFO     | betting.kelly:settle_bet:107 - [Bankroll] WIN | stake=16.28 | odds=2.3 | bankroll=447.39 | ROI=-55.3%
2026-05-03 22:24:20.532 | INFO     | betting.kelly:settle_bet:107 - [Bankroll] LOSS | stake=8.59 | odds=6.0 | bankroll=438.80 | ROI=-56.1%
2026-05-03 22:24:20.533 | INFO     | betting.kelly:settle_bet:107 - [Bankroll] LOSS | stake=2.37 | odds=4.5 | bankroll=436.43 | ROI=-56.4%
2026-05-03 22:24:20.533 | INFO     | betting.kelly:settle_bet:107 - [Bankroll] LOSS | stake=26.62 | odds=4.33 | bankroll=409.81 | ROI=-59.0%
2026-05-03 22:24:20.534 | INFO     | betting.kelly:settle_bet:107 - [Bankroll] LOSS | stake=11.11 | odds=2.2 | bankroll=398.70 | ROI=-60.1%
2026-05-03 22:24:20.534 | INFO     | betting.kelly:settle_bet:107 - [Bankroll] LOSS | stake=0.88 | odds=8.0 | bankroll=397.82 | ROI=-60.2%
2026-05-03 22:24:20.534 | INFO     | betting.kelly:settle_bet:107 - [Bankroll] WIN | stake=24.86 | odds=2.5 | bankroll=435.12 | ROI=-56.5%
2026-05-03 22:24:20.535 | INFO     | betting.kelly:settle_bet:107 - [Bankroll] LOSS | stake=10.79 | odds=2.05 | bankroll=424.33 | ROI=-57.6%
2026-05-03 22:24:20.535 | INFO     | betting.kelly:settle_bet:107 - [Bankroll] LOSS | stake=16.04 | odds=1.8 | bankroll=408.29 | ROI=-59.2%
2026-05-03 22:24:20.535 | INFO     | betting.kelly:settle_bet:107 - [Bankroll] LOSS | stake=7.06 | odds=4.75 | bankroll=401.23 | ROI=-59.9%
2026-05-03 22:24:20.535 | INFO     | betting.kelly:settle_bet:107 - [Bankroll] LOSS | stake=3.97 | odds=4.75 | bankroll=397.26 | ROI=-60.3%
2026-05-03 22:24:20.535 | INFO     | betting.kelly:settle_bet:107 - [Bankroll] LOSS | stake=12.32 | odds=10.0 | bankroll=384.94 | ROI=-61.5%
2026-05-03 22:24:20.535 | INFO     | betting.kelly:settle_bet:107 - [Bankroll] LOSS | stake=8.08 | odds=19.0 | bankroll=376.86 | ROI=-62.3%
2026-05-03 22:24:20.538 | INFO     | betting.kelly:settle_bet:107 - [Bankroll] LOSS | stake=13.04 | odds=8.5 | bankroll=363.82 | ROI=-63.6%
2026-05-03 22:24:20.538 | INFO     | betting.kelly:settle_bet:107 - [Bankroll] LOSS | stake=15.35 | odds=15.0 | bankroll=348.47 | ROI=-65.2%
2026-05-03 22:24:20.538 | INFO     | betting.kelly:settle_bet:107 - [Bankroll] LOSS | stake=17.74 | odds=3.25 | bankroll=330.73 | ROI=-66.9%
2026-05-03 22:24:20.538 | INFO     | betting.kelly:settle_bet:107 - [Bankroll] LOSS | stake=19.84 | odds=1.91 | bankroll=310.89 | ROI=-68.9%
2026-05-03 22:24:20.540 | INFO     | betting.kelly:settle_bet:107 - [Bankroll] LOSS | stake=17.19 | odds=4.2 | bankroll=293.70 | ROI=-70.6%
2026-05-03 22:24:20.540 | INFO     | betting.kelly:settle_bet:107 - [Bankroll] LOSS | stake=1.70 | odds=4.2 | bankroll=292.00 | ROI=-70.8%
2026-05-03 22:24:20.540 | INFO     | betting.kelly:settle_bet:107 - [Bankroll] LOSS | stake=3.10 | odds=1.91 | bankroll=288.90 | ROI=-71.1%
2026-05-03 22:24:20.541 | INFO     | betting.kelly:settle_bet:107 - [Bankroll] LOSS | stake=5.14 | odds=5.25 | bankroll=283.76 | ROI=-71.6%
2026-05-03 22:24:20.541 | INFO     | betting.kelly:settle_bet:107 - [Bankroll] LOSS | stake=6.67 | odds=7.5 | bankroll=277.09 | ROI=-72.3%
2026-05-03 22:24:20.542 | INFO     | betting.kelly:settle_bet:107 - [Bankroll] LOSS | stake=1.22 | odds=5.0 | bankroll=275.87 | ROI=-72.4%
2026-05-03 22:24:20.542 | INFO     | betting.kelly:settle_bet:107 - [Bankroll] LOSS | stake=10.21 | odds=7.0 | bankroll=265.66 | ROI=-73.4%
2026-05-03 22:24:20.542 | INFO     | betting.kelly:settle_bet:107 - [Bankroll] LOSS | stake=2.60 | odds=4.75 | bankroll=263.06 | ROI=-73.7%
2026-05-03 22:24:20.543 | INFO     | betting.kelly:settle_bet:107 - [Bankroll] LOSS | stake=1.32 | odds=3.4 | bankroll=261.74 | ROI=-73.8%
2026-05-03 22:24:20.543 | INFO     | betting.kelly:settle_bet:107 - [Bankroll] LOSS | stake=4.37 | odds=6.5 | bankroll=257.37 | ROI=-74.3%
2026-05-03 22:24:20.543 | INFO     | betting.kelly:settle_bet:107 - [Bankroll] LOSS | stake=3.24 | odds=12.0 | bankroll=254.13 | ROI=-74.6%
2026-05-03 22:24:20.544 | INFO     | betting.kelly:settle_bet:107 - [Bankroll] LOSS | stake=10.01 | odds=3.1 | bankroll=244.12 | ROI=-75.6%
2026-05-03 22:24:20.544 | INFO     | betting.kelly:settle_bet:107 - [Bankroll] LOSS | stake=2.93 | odds=3.5 | bankroll=241.19 | ROI=-75.9%
2026-05-03 22:24:20.544 | INFO     | betting.kelly:settle_bet:107 - [Bankroll] LOSS | stake=14.21 | odds=3.4 | bankroll=226.98 | ROI=-77.3%
2026-05-03 22:24:20.544 | INFO     | betting.kelly:settle_bet:107 - [Bankroll] WIN | stake=0.75 | odds=4.2 | bankroll=229.38 | ROI=-77.1%
2026-05-03 22:24:20.544 | INFO     | betting.kelly:settle_bet:107 - [Bankroll] LOSS | stake=1.33 | odds=4.5 | bankroll=228.05 | ROI=-77.2%
2026-05-03 22:24:20.544 | INFO     | betting.kelly:settle_bet:107 - [Bankroll] LOSS | stake=3.63 | odds=7.0 | bankroll=224.42 | ROI=-77.6%
2026-05-03 22:24:20.547 | INFO     | betting.kelly:settle_bet:107 - [Bankroll] WIN | stake=14.03 | odds=3.0 | bankroll=252.47 | ROI=-74.8%
2026-05-03 22:24:20.547 | INFO     | betting.kelly:settle_bet:107 - [Bankroll] LOSS | stake=15.78 | odds=2.88 | bankroll=236.69 | ROI=-76.3%
2026-05-03 22:24:20.547 | INFO     | betting.kelly:settle_bet:107 - [Bankroll] LOSS | stake=5.96 | odds=5.75 | bankroll=230.73 | ROI=-76.9%
2026-05-03 22:24:20.548 | INFO     | betting.kelly:settle_bet:107 - [Bankroll] LOSS | stake=1.82 | odds=4.5 | bankroll=228.91 | ROI=-77.1%
2026-05-03 22:24:20.548 | INFO     | betting.kelly:settle_bet:107 - [Bankroll] WIN | stake=0.94 | odds=2.9 | bankroll=230.69 | ROI=-76.9%
2026-05-03 22:24:20.548 | INFO     | betting.kelly:settle_bet:107 - [Bankroll] WIN | stake=7.47 | odds=2.9 | bankroll=244.89 | ROI=-75.5%
2026-05-03 22:24:20.549 | INFO     | betting.kelly:settle_bet:107 - [Bankroll] LOSS | stake=14.01 | odds=5.5 | bankroll=230.88 | ROI=-76.9%
2026-05-03 22:24:20.549 | INFO     | betting.kelly:settle_bet:107 - [Bankroll] LOSS | stake=2.38 | odds=4.5 | bankroll=228.50 | ROI=-77.1%
2026-05-03 22:24:20.550 | INFO     | betting.kelly:settle_bet:107 - [Bankroll] WIN | stake=4.80 | odds=5.75 | bankroll=251.29 | ROI=-74.9%
2026-05-03 22:24:20.551 | INFO     | betting.kelly:settle_bet:107 - [Bankroll] WIN | stake=12.51 | odds=8.0 | bankroll=338.89 | ROI=-66.1%
2026-05-03 22:24:20.551 | INFO     | betting.kelly:settle_bet:107 - [Bankroll] LOSS | stake=7.66 | odds=5.75 | bankroll=331.23 | ROI=-66.9%
2026-05-03 22:24:20.552 | INFO     | betting.kelly:settle_bet:107 - [Bankroll] LOSS | stake=6.62 | odds=5.75 | bankroll=324.61 | ROI=-67.5%
2026-05-03 22:24:20.552 | INFO     | betting.kelly:settle_bet:107 - [Bankroll] LOSS | stake=5.94 | odds=9.0 | bankroll=318.67 | ROI=-68.1%
2026-05-03 22:24:20.552 | INFO     | betting.kelly:settle_bet:107 - [Bankroll] WIN | stake=19.92 | odds=2.55 | bankroll=349.54 | ROI=-65.0%
2026-05-03 22:24:20.553 | INFO     | betting.kelly:settle_bet:107 - [Bankroll] LOSS | stake=2.80 | odds=2.7 | bankroll=346.74 | ROI=-65.3%
2026-05-03 22:24:20.553 | INFO     | betting.kelly:settle_bet:107 - [Bankroll] LOSS | stake=21.67 | odds=4.75 | bankroll=325.07 | ROI=-67.5%
2026-05-03 22:24:20.554 | INFO     | betting.kelly:settle_bet:107 - [Bankroll] LOSS | stake=14.82 | odds=3.6 | bankroll=310.25 | ROI=-69.0%
2026-05-03 22:24:20.554 | INFO     | betting.kelly:settle_bet:107 - [Bankroll] LOSS | stake=6.79 | odds=2.9 | bankroll=303.46 | ROI=-69.7%
2026-05-03 22:24:20.554 | INFO     | betting.kelly:settle_bet:107 - [Bankroll] LOSS | stake=8.89 | odds=2.05 | bankroll=294.57 | ROI=-70.5%
2026-05-03 22:24:20.554 | INFO     | betting.kelly:settle_bet:107 - [Bankroll] WIN | stake=12.08 | odds=2.0 | bankroll=306.65 | ROI=-69.3%
2026-05-03 22:24:20.556 | INFO     | betting.kelly:settle_bet:107 - [Bankroll] LOSS | stake=7.24 | odds=6.0 | bankroll=299.41 | ROI=-70.1%
2026-05-03 22:24:20.556 | INFO     | betting.kelly:settle_bet:107 - [Bankroll] LOSS | stake=7.52 | odds=4.75 | bankroll=291.89 | ROI=-70.8%
2026-05-03 22:24:20.556 | INFO     | betting.kelly:settle_bet:107 - [Bankroll] WIN | stake=4.52 | odds=6.0 | bankroll=314.51 | ROI=-68.5%
2026-05-03 22:24:20.556 | INFO     | betting.kelly:settle_bet:107 - [Bankroll] LOSS | stake=4.15 | odds=11.0 | bankroll=310.36 | ROI=-69.0%
2026-05-03 22:24:20.556 | INFO     | betting.kelly:settle_bet:107 - [Bankroll] LOSS | stake=11.24 | odds=4.5 | bankroll=299.12 | ROI=-70.1%
2026-05-03 22:24:20.558 | INFO     | betting.kelly:settle_bet:107 - [Bankroll] WIN | stake=5.56 | odds=4.0 | bankroll=315.81 | ROI=-68.4%
2026-05-03 22:24:20.558 | INFO     | betting.kelly:settle_bet:107 - [Bankroll] LOSS | stake=19.74 | odds=2.2 | bankroll=296.07 | ROI=-70.4%
2026-05-03 22:24:20.559 | INFO     | betting.kelly:settle_bet:107 - [Bankroll] LOSS | stake=2.19 | odds=4.33 | bankroll=293.88 | ROI=-70.6%
2026-05-03 22:24:20.559 | INFO     | betting.kelly:settle_bet:107 - [Bankroll] LOSS | stake=7.41 | odds=5.25 | bankroll=286.47 | ROI=-71.4%
2026-05-03 22:24:20.560 | INFO     | betting.kelly:settle_bet:107 - [Bankroll] LOSS | stake=13.38 | odds=2.75 | bankroll=273.09 | ROI=-72.7%
2026-05-03 22:24:20.560 | INFO     | betting.kelly:settle_bet:107 - [Bankroll] LOSS | stake=3.60 | odds=6.0 | bankroll=269.49 | ROI=-73.1%
2026-05-03 22:24:20.561 | INFO     | betting.kelly:settle_bet:107 - [Bankroll] LOSS | stake=1.91 | odds=4.75 | bankroll=267.58 | ROI=-73.2%
2026-05-03 22:24:20.561 | INFO     | betting.kelly:settle_bet:107 - [Bankroll] WIN | stake=11.77 | odds=1.91 | bankroll=278.29 | ROI=-72.2%
2026-05-03 22:24:20.562 | INFO     | betting.kelly:settle_bet:107 - [Bankroll] LOSS | stake=14.50 | odds=4.75 | bankroll=263.79 | ROI=-73.6%
2026-05-03 22:24:20.562 | INFO     | betting.kelly:settle_bet:107 - [Bankroll] LOSS | stake=14.06 | odds=3.5 | bankroll=249.73 | ROI=-75.0%
2026-05-03 22:24:20.562 | INFO     | betting.kelly:settle_bet:107 - [Bankroll] WIN | stake=13.44 | odds=2.9 | bankroll=275.26 | ROI=-72.5%
2026-05-03 22:24:20.562 | INFO     | betting.kelly:settle_bet:107 - [Bankroll] LOSS | stake=2.17 | odds=5.5 | bankroll=273.09 | ROI=-72.7%
2026-05-03 22:24:20.562 | INFO     | betting.kelly:settle_bet:107 - [Bankroll] LOSS | stake=11.39 | odds=3.2 | bankroll=261.70 | ROI=-73.8%
2026-05-03 22:24:20.565 | INFO     | betting.kelly:settle_bet:107 - [Bankroll] LOSS | stake=7.14 | odds=8.5 | bankroll=254.56 | ROI=-74.5%
2026-05-03 22:24:20.565 | INFO     | betting.kelly:settle_bet:107 - [Bankroll] LOSS | stake=5.24 | odds=17.0 | bankroll=249.32 | ROI=-75.1%
2026-05-03 22:24:20.565 | INFO     | betting.kelly:settle_bet:107 - [Bankroll] LOSS | stake=7.48 | odds=6.5 | bankroll=241.84 | ROI=-75.8%
2026-05-03 22:24:20.565 | INFO     | betting.kelly:settle_bet:107 - [Bankroll] LOSS | stake=7.16 | odds=8.0 | bankroll=234.68 | ROI=-76.5%
2026-05-03 22:24:20.566 | INFO     | betting.kelly:settle_bet:107 - [Bankroll] WIN | stake=4.46 | odds=3.4 | bankroll=245.38 | ROI=-75.5%
2026-05-03 22:24:20.566 | INFO     | betting.kelly:settle_bet:107 - [Bankroll] LOSS | stake=3.29 | odds=1.67 | bankroll=242.09 | ROI=-75.8%
2026-05-03 22:24:20.567 | INFO     | betting.kelly:settle_bet:107 - [Bankroll] LOSS | stake=5.86 | odds=5.75 | bankroll=236.23 | ROI=-76.4%
2026-05-03 22:24:20.567 | INFO     | betting.kelly:settle_bet:107 - [Bankroll] LOSS | stake=8.29 | odds=7.5 | bankroll=227.94 | ROI=-77.2%
2026-05-03 22:24:20.568 | INFO     | betting.kelly:settle_bet:107 - [Bankroll] LOSS | stake=14.25 | odds=2.38 | bankroll=213.69 | ROI=-78.6%
2026-05-03 22:24:20.568 | INFO     | betting.kelly:settle_bet:107 - [Bankroll] WIN | stake=6.88 | odds=1.83 | bankroll=219.40 | ROI=-78.1%
2026-05-03 22:24:20.569 | INFO     | betting.kelly:settle_bet:107 - [Bankroll] LOSS | stake=1.73 | odds=5.25 | bankroll=217.67 | ROI=-78.2%
2026-05-03 22:24:20.569 | INFO     | betting.kelly:settle_bet:107 - [Bankroll] LOSS | stake=0.28 | odds=7.0 | bankroll=217.39 | ROI=-78.3%
2026-05-03 22:24:20.570 | INFO     | betting.kelly:settle_bet:107 - [Bankroll] LOSS | stake=9.78 | odds=9.0 | bankroll=207.61 | ROI=-79.2%
2026-05-03 22:24:20.570 | INFO     | betting.kelly:settle_bet:107 - [Bankroll] LOSS | stake=5.13 | odds=6.0 | bankroll=202.48 | ROI=-79.8%
2026-05-03 22:24:20.571 | INFO     | betting.kelly:settle_bet:107 - [Bankroll] LOSS | stake=0.57 | odds=4.33 | bankroll=201.91 | ROI=-79.8%
2026-05-03 22:24:20.571 | INFO     | betting.kelly:settle_bet:107 - [Bankroll] LOSS | stake=11.02 | odds=6.5 | bankroll=190.89 | ROI=-80.9%
2026-05-03 22:24:20.571 | INFO     | betting.kelly:settle_bet:107 - [Bankroll] LOSS | stake=3.53 | odds=5.25 | bankroll=187.36 | ROI=-81.3%
2026-05-03 22:24:20.571 | INFO     | betting.kelly:settle_bet:107 - [Bankroll] LOSS | stake=2.72 | odds=3.2 | bankroll=184.64 | ROI=-81.5%
2026-05-03 22:24:20.572 | INFO     | betting.kelly:settle_bet:107 - [Bankroll] WIN | stake=5.50 | odds=2.7 | bankroll=193.99 | ROI=-80.6%
2026-05-03 22:24:20.572 | INFO     | betting.kelly:settle_bet:107 - [Bankroll] LOSS | stake=9.02 | odds=5.0 | bankroll=184.97 | ROI=-81.5%
2026-05-03 22:24:20.572 | INFO     | betting.kelly:settle_bet:107 - [Bankroll] LOSS | stake=4.53 | odds=6.5 | bankroll=180.44 | ROI=-82.0%
2026-05-03 22:24:20.572 | INFO     | betting.kelly:settle_bet:107 - [Bankroll] LOSS | stake=1.55 | odds=4.75 | bankroll=178.89 | ROI=-82.1%
2026-05-03 22:24:20.572 | INFO     | betting.kelly:settle_bet:107 - [Bankroll] WIN | stake=10.30 | odds=1.85 | bankroll=187.65 | ROI=-81.2%
2026-05-03 22:24:20.575 | INFO     | betting.kelly:settle_bet:107 - [Bankroll] LOSS | stake=0.81 | odds=4.5 | bankroll=186.84 | ROI=-81.3%
2026-05-03 22:24:20.575 | INFO     | betting.kelly:settle_bet:107 - [Bankroll] LOSS | stake=2.52 | odds=6.0 | bankroll=184.32 | ROI=-81.6%
2026-05-03 22:24:20.575 | INFO     | betting.kelly:settle_bet:107 - [Bankroll] LOSS | stake=11.52 | odds=4.5 | bankroll=172.80 | ROI=-82.7%
2026-05-03 22:24:20.577 | INFO     | betting.kelly:settle_bet:107 - [Bankroll] LOSS | stake=4.22 | odds=2.7 | bankroll=168.58 | ROI=-83.1%
2026-05-03 22:24:20.577 | INFO     | betting.kelly:settle_bet:107 - [Bankroll] LOSS | stake=6.81 | odds=4.0 | bankroll=161.77 | ROI=-83.8%
2026-05-03 22:24:20.578 | INFO     | betting.kelly:settle_bet:107 - [Bankroll] LOSS | stake=5.47 | odds=12.0 | bankroll=156.30 | ROI=-84.4%
2026-05-03 22:24:20.578 | INFO     | betting.kelly:settle_bet:107 - [Bankroll] LOSS | stake=3.45 | odds=26.0 | bankroll=152.85 | ROI=-84.7%
2026-05-03 22:24:20.578 | INFO     | betting.kelly:settle_bet:107 - [Bankroll] WIN | stake=9.55 | odds=2.7 | bankroll=169.09 | ROI=-83.1%
2026-05-03 22:24:20.578 | INFO     | betting.kelly:settle_bet:107 - [Bankroll] LOSS | stake=5.06 | odds=4.2 | bankroll=164.03 | ROI=-83.6%
2026-05-03 22:24:20.579 | INFO     | betting.kelly:settle_bet:107 - [Bankroll] LOSS | stake=4.45 | odds=8.5 | bankroll=159.58 | ROI=-84.0%
2026-05-03 22:24:20.579 | INFO     | betting.kelly:settle_bet:107 - [Bankroll] LOSS | stake=3.43 | odds=19.0 | bankroll=156.15 | ROI=-84.4%
2026-05-03 22:24:20.579 | INFO     | betting.kelly:settle_bet:107 - [Bankroll] WIN | stake=9.76 | odds=2.15 | bankroll=167.37 | ROI=-83.3%
2026-05-03 22:24:20.580 | INFO     | betting.kelly:settle_bet:107 - [Bankroll] LOSS | stake=3.13 | odds=5.75 | bankroll=164.24 | ROI=-83.6%
2026-05-03 22:24:20.580 | INFO     | betting.kelly:settle_bet:107 - [Bankroll] LOSS | stake=5.49 | odds=11.0 | bankroll=158.75 | ROI=-84.1%
2026-05-03 22:24:20.581 | INFO     | betting.kelly:settle_bet:107 - [Bankroll] WIN | stake=1.25 | odds=3.3 | bankroll=161.63 | ROI=-83.8%
2026-05-03 22:24:20.581 | INFO     | betting.kelly:settle_bet:107 - [Bankroll] LOSS | stake=1.94 | odds=5.5 | bankroll=159.69 | ROI=-84.0%
2026-05-03 22:24:20.581 | INFO     | betting.kelly:settle_bet:107 - [Bankroll] LOSS | stake=2.60 | odds=11.0 | bankroll=157.09 | ROI=-84.3%
2026-05-03 22:24:20.581 | INFO     | betting.kelly:settle_bet:107 - [Bankroll] LOSS | stake=3.19 | odds=6.5 | bankroll=153.90 | ROI=-84.6%
2026-05-03 22:24:20.581 | INFO     | betting.kelly:settle_bet:107 - [Bankroll] LOSS | stake=1.72 | odds=9.5 | bankroll=152.18 | ROI=-84.8%
2026-05-03 22:24:20.581 | INFO     | betting.kelly:settle_bet:107 - [Bankroll] LOSS | stake=1.46 | odds=3.4 | bankroll=150.72 | ROI=-84.9%
2026-05-03 22:24:20.581 | INFO     | betting.kelly:settle_bet:107 - [Bankroll] LOSS | stake=4.97 | odds=5.0 | bankroll=145.75 | ROI=-85.4%
2026-05-03 22:24:20.581 | INFO     | betting.kelly:settle_bet:107 - [Bankroll] WIN | stake=0.47 | odds=4.2 | bankroll=147.24 | ROI=-85.3%
2026-05-03 22:24:20.581 | INFO     | betting.kelly:settle_bet:107 - [Bankroll] LOSS | stake=5.11 | odds=5.5 | bankroll=142.13 | ROI=-85.8%
2026-05-03 22:24:20.581 | INFO     | betting.kelly:settle_bet:107 - [Bankroll] LOSS | stake=5.91 | odds=11.0 | bankroll=136.22 | ROI=-86.4%
2026-05-03 22:24:20.584 | INFO     | betting.kelly:settle_bet:107 - [Bankroll] LOSS | stake=6.85 | odds=19.0 | bankroll=129.37 | ROI=-87.1%
2026-05-03 22:24:20.584 | INFO     | betting.kelly:settle_bet:107 - [Bankroll] WIN | stake=5.90 | odds=3.8 | bankroll=145.89 | ROI=-85.4%
2026-05-03 22:24:20.584 | INFO     | betting.kelly:settle_bet:107 - [Bankroll] WIN | stake=4.19 | odds=5.75 | bankroll=165.78 | ROI=-83.4%
2026-05-03 22:24:20.585 | INFO     | betting.kelly:settle_bet:107 - [Bankroll] LOSS | stake=3.03 | odds=3.2 | bankroll=162.75 | ROI=-83.7%
2026-05-03 22:24:20.585 | INFO     | betting.kelly:settle_bet:107 - [Bankroll] LOSS | stake=10.17 | odds=3.1 | bankroll=152.58 | ROI=-84.7%
2026-05-03 22:24:20.585 | INFO     | betting.kelly:settle_bet:107 - [Bankroll] LOSS | stake=5.10 | odds=5.0 | bankroll=147.48 | ROI=-85.3%
2026-05-03 22:24:20.585 | INFO     | betting.kelly:settle_bet:107 - [Bankroll] LOSS | stake=1.33 | odds=4.5 | bankroll=146.15 | ROI=-85.4%
2026-05-03 22:24:20.586 | INFO     | betting.kelly:settle_bet:107 - [Bankroll] WIN | stake=9.13 | odds=2.05 | bankroll=155.74 | ROI=-84.4%
2026-05-03 22:24:20.586 | INFO     | betting.kelly:settle_bet:107 - [Bankroll] LOSS | stake=5.12 | odds=2.55 | bankroll=150.62 | ROI=-84.9%
2026-05-03 22:24:20.587 | INFO     | betting.kelly:settle_bet:107 - [Bankroll] LOSS | stake=9.41 | odds=2.3 | bankroll=141.21 | ROI=-85.9%
2026-05-03 22:24:20.588 | INFO     | betting.kelly:settle_bet:107 - [Bankroll] LOSS | stake=8.83 | odds=4.0 | bankroll=132.38 | ROI=-86.8%
2026-05-03 22:24:20.588 | INFO     | betting.kelly:settle_bet:107 - [Bankroll] LOSS | stake=5.37 | odds=2.6 | bankroll=127.01 | ROI=-87.3%
2026-05-03 22:24:20.588 | INFO     | betting.kelly:settle_bet:107 - [Bankroll] WIN | stake=0.57 | odds=4.33 | bankroll=128.91 | ROI=-87.1%
2026-05-03 22:24:20.589 | INFO     | betting.kelly:settle_bet:107 - [Bankroll] LOSS | stake=5.39 | odds=12.0 | bankroll=123.52 | ROI=-87.6%
2026-05-03 22:24:20.589 | INFO     | betting.kelly:settle_bet:107 - [Bankroll] WIN | stake=3.09 | odds=6.5 | bankroll=140.50 | ROI=-86.0%
2026-05-03 22:24:20.590 | INFO     | betting.kelly:settle_bet:107 - [Bankroll] WIN | stake=8.78 | odds=4.2 | bankroll=168.60 | ROI=-83.1%
2026-05-03 22:24:20.590 | INFO     | betting.kelly:settle_bet:107 - [Bankroll] WIN | stake=7.57 | odds=4.5 | bankroll=195.10 | ROI=-80.5%
2026-05-03 22:24:20.590 | INFO     | betting.kelly:settle_bet:107 - [Bankroll] LOSS | stake=1.78 | odds=4.33 | bankroll=193.32 | ROI=-80.7%
2026-05-03 22:24:20.590 | INFO     | betting.kelly:settle_bet:107 - [Bankroll] LOSS | stake=11.62 | odds=2.0 | bankroll=181.70 | ROI=-81.8%
2026-05-03 22:24:20.592 | INFO     | betting.kelly:settle_bet:107 - [Bankroll] LOSS | stake=7.40 | odds=17.0 | bankroll=174.30 | ROI=-82.6%
2026-05-03 22:24:20.592 | INFO     | betting.kelly:settle_bet:107 - [Bankroll] LOSS | stake=4.50 | odds=21.0 | bankroll=169.80 | ROI=-83.0%
2026-05-03 22:24:20.592 | INFO     | betting.kelly:settle_bet:107 - [Bankroll] LOSS | stake=4.11 | odds=2.55 | bankroll=165.69 | ROI=-83.4%
2026-05-03 22:24:20.592 | INFO     | betting.kelly:settle_bet:107 - [Bankroll] LOSS | stake=1.06 | odds=5.25 | bankroll=164.63 | ROI=-83.5%
2026-05-03 22:24:20.592 | INFO     | betting.kelly:settle_bet:107 - [Bankroll] LOSS | stake=1.04 | odds=9.5 | bankroll=163.59 | ROI=-83.6%
2026-05-03 22:24:20.592 | INFO     | betting.kelly:settle_bet:107 - [Bankroll] LOSS | stake=1.49 | odds=2.45 | bankroll=162.10 | ROI=-83.8%
2026-05-03 22:24:20.592 | INFO     | betting.kelly:settle_bet:107 - [Bankroll] WIN | stake=10.13 | odds=4.75 | bankroll=200.09 | ROI=-80.0%
2026-05-03 22:24:20.592 | INFO     | betting.kelly:settle_bet:107 - [Bankroll] LOSS | stake=12.51 | odds=2.45 | bankroll=187.58 | ROI=-81.2%
2026-05-03 22:24:20.592 | INFO     | betting.kelly:settle_bet:107 - [Bankroll] LOSS | stake=5.44 | odds=7.0 | bankroll=182.14 | ROI=-81.8%
2026-05-03 22:24:20.592 | INFO     | betting.kelly:settle_bet:107 - [Bankroll] LOSS | stake=7.03 | odds=17.0 | bankroll=175.11 | ROI=-82.5%
2026-05-03 22:24:20.592 | INFO     | betting.kelly:settle_bet:107 - [Bankroll] WIN | stake=7.41 | odds=2.55 | bankroll=186.59 | ROI=-81.3%
2026-05-03 22:24:20.592 | INFO     | betting.kelly:settle_bet:107 - [Bankroll] LOSS | stake=1.14 | odds=5.0 | bankroll=185.45 | ROI=-81.5%
2026-05-03 22:24:20.592 | INFO     | betting.kelly:settle_bet:107 - [Bankroll] WIN | stake=2.69 | odds=5.75 | bankroll=198.22 | ROI=-80.2%
2026-05-03 22:24:20.596 | INFO     | betting.kelly:settle_bet:107 - [Bankroll] LOSS | stake=4.32 | odds=13.0 | bankroll=193.90 | ROI=-80.6%
2026-05-03 22:24:20.596 | INFO     | betting.kelly:settle_bet:107 - [Bankroll] LOSS | stake=2.89 | odds=5.0 | bankroll=191.01 | ROI=-80.9%
2026-05-03 22:24:20.596 | INFO     | betting.kelly:settle_bet:107 - [Bankroll] LOSS | stake=10.62 | odds=6.5 | bankroll=180.39 | ROI=-82.0%
2026-05-03 22:24:20.596 | INFO     | betting.kelly:settle_bet:107 - [Bankroll] LOSS | stake=3.30 | odds=6.0 | bankroll=177.09 | ROI=-82.3%
2026-05-03 22:24:20.596 | INFO     | betting.kelly:settle_bet:107 - [Bankroll] LOSS | stake=2.80 | odds=9.0 | bankroll=174.29 | ROI=-82.6%
2026-05-03 22:24:20.596 | INFO     | betting.kelly:settle_bet:107 - [Bankroll] LOSS | stake=9.62 | odds=4.0 | bankroll=164.67 | ROI=-83.5%
2026-05-03 22:24:20.596 | INFO     | betting.kelly:settle_bet:107 - [Bankroll] LOSS | stake=10.29 | odds=5.0 | bankroll=154.38 | ROI=-84.6%
2026-05-03 22:24:20.596 | INFO     | betting.kelly:settle_bet:107 - [Bankroll] LOSS | stake=5.53 | odds=3.1 | bankroll=148.85 | ROI=-85.1%
2026-05-03 22:24:20.596 | INFO     | betting.kelly:settle_bet:107 - [Bankroll] LOSS | stake=6.58 | odds=9.0 | bankroll=142.27 | ROI=-85.8%
2026-05-03 22:24:20.596 | INFO     | betting.kelly:settle_bet:107 - [Bankroll] LOSS | stake=4.23 | odds=7.0 | bankroll=138.04 | ROI=-86.2%
2026-05-03 22:24:20.596 | INFO     | betting.kelly:settle_bet:107 - [Bankroll] WIN | stake=8.63 | odds=2.55 | bankroll=151.41 | ROI=-84.9%
2026-05-03 22:24:20.596 | INFO     | betting.kelly:settle_bet:107 - [Bankroll] WIN | stake=1.11 | odds=4.2 | bankroll=154.95 | ROI=-84.5%
2026-05-03 22:24:20.596 | INFO     | betting.kelly:settle_bet:107 - [Bankroll] LOSS | stake=2.76 | odds=4.2 | bankroll=152.19 | ROI=-84.8%
2026-05-03 22:24:20.596 | INFO     | betting.kelly:settle_bet:107 - [Bankroll] LOSS | stake=9.51 | odds=3.4 | bankroll=142.68 | ROI=-85.7%
2026-05-03 22:24:20.596 | INFO     | betting.kelly:settle_bet:107 - [Bankroll] LOSS | stake=1.36 | odds=3.8 | bankroll=141.32 | ROI=-85.9%
2026-05-03 22:24:20.596 | INFO     | betting.kelly:settle_bet:107 - [Bankroll] LOSS | stake=6.66 | odds=3.2 | bankroll=134.66 | ROI=-86.5%
2026-05-03 22:24:20.596 | INFO     | betting.kelly:settle_bet:107 - [Bankroll] WIN | stake=2.71 | odds=3.6 | bankroll=141.70 | ROI=-85.8%
2026-05-03 22:24:20.596 | INFO     | betting.kelly:settle_bet:107 - [Bankroll] LOSS | stake=2.71 | odds=6.5 | bankroll=138.99 | ROI=-86.1%
2026-05-03 22:24:20.596 | INFO     | betting.kelly:settle_bet:107 - [Bankroll] LOSS | stake=1.65 | odds=5.0 | bankroll=137.34 | ROI=-86.3%
2026-05-03 22:24:20.596 | INFO     | betting.kelly:settle_bet:107 - [Bankroll] LOSS | stake=2.17 | odds=5.5 | bankroll=135.17 | ROI=-86.5%
2026-05-03 22:24:20.596 | INFO     | betting.kelly:settle_bet:107 - [Bankroll] WIN | stake=0.93 | odds=4.33 | bankroll=138.28 | ROI=-86.2%
2026-05-03 22:24:20.602 | INFO     | betting.kelly:settle_bet:107 - [Bankroll] LOSS | stake=4.27 | odds=5.75 | bankroll=134.01 | ROI=-86.6%
2026-05-03 22:24:20.602 | INFO     | betting.kelly:settle_bet:107 - [Bankroll] LOSS | stake=8.38 | odds=3.2 | bankroll=125.63 | ROI=-87.4%
2026-05-03 22:24:20.602 | INFO     | betting.kelly:settle_bet:107 - [Bankroll] LOSS | stake=1.52 | odds=4.5 | bankroll=124.11 | ROI=-87.6%
2026-05-03 22:24:20.602 | INFO     | betting.kelly:settle_bet:107 - [Bankroll] LOSS | stake=1.99 | odds=2.7 | bankroll=122.12 | ROI=-87.8%
2026-05-03 22:24:20.602 | INFO     | betting.kelly:settle_bet:107 - [Bankroll] LOSS | stake=7.63 | odds=2.3 | bankroll=114.49 | ROI=-88.6%
2026-05-03 22:24:20.602 | INFO     | betting.kelly:settle_bet:107 - [Bankroll] LOSS | stake=4.49 | odds=2.2 | bankroll=110.00 | ROI=-89.0%
2026-05-03 22:24:20.602 | INFO     | betting.kelly:settle_bet:107 - [Bankroll] WIN | stake=4.09 | odds=2.38 | bankroll=115.65 | ROI=-88.4%
2026-05-03 22:24:20.602 | INFO     | betting.kelly:settle_bet:107 - [Bankroll] WIN | stake=2.44 | odds=2.6 | bankroll=119.55 | ROI=-88.0%
2026-05-03 22:24:20.602 | INFO     | betting.kelly:settle_bet:107 - [Bankroll] WIN | stake=1.89 | odds=2.6 | bankroll=122.57 | ROI=-87.7%
2026-05-03 22:24:20.602 | INFO     | betting.kelly:settle_bet:107 - [Bankroll] LOSS | stake=2.44 | odds=7.0 | bankroll=120.13 | ROI=-88.0%
2026-05-03 22:24:20.602 | INFO     | betting.kelly:settle_bet:107 - [Bankroll] LOSS | stake=0.66 | odds=9.0 | bankroll=119.47 | ROI=-88.1%
2026-05-03 22:24:20.602 | INFO     | betting.kelly:settle_bet:107 - [Bankroll] LOSS | stake=1.49 | odds=5.25 | bankroll=117.98 | ROI=-88.2%
2026-05-03 22:24:20.602 | INFO     | betting.kelly:settle_bet:107 - [Bankroll] WIN | stake=5.40 | odds=1.91 | bankroll=122.90 | ROI=-87.7%
2026-05-03 22:24:20.602 | INFO     | betting.kelly:settle_bet:107 - [Bankroll] WIN | stake=2.86 | odds=1.8 | bankroll=125.19 | ROI=-87.5%
2026-05-03 22:24:20.602 | INFO     | betting.kelly:settle_bet:107 - [Bankroll] LOSS | stake=1.03 | odds=5.5 | bankroll=124.16 | ROI=-87.6%
2026-05-03 22:24:20.608 | INFO     | betting.kelly:settle_bet:107 - [Bankroll] LOSS | stake=1.42 | odds=12.0 | bankroll=122.74 | ROI=-87.7%
2026-05-03 22:24:20.608 | INFO     | betting.kelly:settle_bet:107 - [Bankroll] WIN | stake=7.67 | odds=2.63 | bankroll=135.24 | ROI=-86.5%
2026-05-03 22:24:20.609 | INFO     | betting.kelly:settle_bet:107 - [Bankroll] LOSS | stake=8.45 | odds=3.4 | bankroll=126.79 | ROI=-87.3%
2026-05-03 22:24:20.610 | INFO     | betting.kelly:settle_bet:107 - [Bankroll] LOSS | stake=7.48 | odds=2.55 | bankroll=119.31 | ROI=-88.1%
2026-05-03 22:24:20.610 | INFO     | betting.kelly:settle_bet:107 - [Bankroll] LOSS | stake=1.25 | odds=2.3 | bankroll=118.06 | ROI=-88.2%
2026-05-03 22:24:20.610 | INFO     | betting.kelly:settle_bet:107 - [Bankroll] LOSS | stake=4.13 | odds=3.8 | bankroll=113.93 | ROI=-88.6%
2026-05-03 22:24:20.610 | INFO     | betting.kelly:settle_bet:107 - [Bankroll] WIN | stake=1.55 | odds=6.0 | bankroll=121.68 | ROI=-87.8%
2026-05-03 22:24:20.610 | INFO     | betting.kelly:settle_bet:107 - [Bankroll] LOSS | stake=0.71 | odds=9.0 | bankroll=120.97 | ROI=-87.9%
2026-05-03 22:24:20.610 | INFO     | betting.kelly:settle_bet:107 - [Bankroll] LOSS | stake=2.26 | odds=6.5 | bankroll=118.71 | ROI=-88.1%
2026-05-03 22:24:20.610 | INFO     | betting.kelly:settle_bet:107 - [Bankroll] LOSS | stake=1.16 | odds=9.0 | bankroll=117.55 | ROI=-88.2%
2026-05-03 22:24:20.610 | INFO     | betting.kelly:settle_bet:107 - [Bankroll] WIN | stake=4.54 | odds=1.73 | bankroll=120.86 | ROI=-87.9%
2026-05-03 22:24:20.610 | INFO     | betting.kelly:settle_bet:107 - [Bankroll] LOSS | stake=4.52 | odds=17.0 | bankroll=116.34 | ROI=-88.4%
2026-05-03 22:24:20.610 | INFO     | betting.kelly:settle_bet:107 - [Bankroll] LOSS | stake=3.00 | odds=7.0 | bankroll=113.34 | ROI=-88.7%
2026-05-03 22:24:20.610 | INFO     | betting.kelly:settle_bet:107 - [Bankroll] LOSS | stake=1.35 | odds=4.2 | bankroll=111.99 | ROI=-88.8%
2026-05-03 22:24:20.613 | INFO     | betting.kelly:settle_bet:107 - [Bankroll] LOSS | stake=7.00 | odds=12.0 | bankroll=104.99 | ROI=-89.5%
2026-05-03 22:24:20.614 | INFO     | betting.kelly:settle_bet:107 - [Bankroll] LOSS | stake=3.28 | odds=7.5 | bankroll=101.71 | ROI=-89.8%
2026-05-03 22:24:20.614 | INFO     | betting.kelly:settle_bet:107 - [Bankroll] LOSS | stake=1.59 | odds=3.75 | bankroll=100.12 | ROI=-90.0%
2026-05-03 22:24:20.614 | INFO     | betting.kelly:settle_bet:107 - [Bankroll] WIN | stake=0.78 | odds=4.75 | bankroll=103.05 | ROI=-89.7%
2026-05-03 22:24:20.615 | INFO     | betting.kelly:settle_bet:107 - [Bankroll] WIN | stake=4.24 | odds=2.88 | bankroll=111.01 | ROI=-88.9%
2026-05-03 22:24:20.615 | INFO     | betting.kelly:settle_bet:107 - [Bankroll] LOSS | stake=6.94 | odds=2.25 | bankroll=104.07 | ROI=-89.6%
2026-05-03 22:24:20.615 | INFO     | betting.kelly:settle_bet:107 - [Bankroll] LOSS | stake=1.51 | odds=3.75 | bankroll=102.56 | ROI=-89.7%
2026-05-03 22:24:20.615 | INFO     | betting.kelly:settle_bet:107 - [Bankroll] LOSS | stake=2.12 | odds=1.75 | bankroll=100.44 | ROI=-90.0%
2026-05-03 22:24:20.615 | INFO     | betting.kelly:settle_bet:107 - [Bankroll] LOSS | stake=0.33 | odds=4.2 | bankroll=100.11 | ROI=-90.0%
2026-05-03 22:24:20.615 | INFO     | betting.kelly:settle_bet:107 - [Bankroll] LOSS | stake=3.66 | odds=4.75 | bankroll=96.45 | ROI=-90.4%
2026-05-03 22:24:20.615 | INFO     | betting.kelly:settle_bet:107 - [Bankroll] LOSS | stake=5.95 | odds=6.0 | bankroll=90.50 | ROI=-91.0%
2026-05-03 22:24:20.615 | INFO     | betting.kelly:settle_bet:107 - [Bankroll] LOSS | stake=1.05 | odds=4.5 | bankroll=89.45 | ROI=-91.1%
2026-05-03 22:24:20.615 | INFO     | betting.kelly:settle_bet:107 - [Bankroll] LOSS | stake=3.88 | odds=2.25 | bankroll=85.57 | ROI=-91.4%
2026-05-03 22:24:20.615 | INFO     | betting.kelly:settle_bet:107 - [Bankroll] WIN | stake=5.35 | odds=2.38 | bankroll=92.95 | ROI=-90.7%
2026-05-03 22:24:20.619 | INFO     | betting.kelly:settle_bet:107 - [Bankroll] WIN | stake=5.81 | odds=2.05 | bankroll=99.05 | ROI=-90.1%
2026-05-03 22:24:20.620 | INFO     | betting.kelly:settle_bet:107 - [Bankroll] WIN | stake=6.19 | odds=9.0 | bankroll=148.57 | ROI=-85.1%
2026-05-03 22:24:20.621 | INFO     | betting.kelly:settle_bet:107 - [Bankroll] LOSS | stake=3.05 | odds=5.5 | bankroll=145.52 | ROI=-85.4%
2026-05-03 22:24:20.621 | INFO     | betting.kelly:settle_bet:107 - [Bankroll] LOSS | stake=7.48 | odds=3.4 | bankroll=138.04 | ROI=-86.2%
2026-05-03 22:24:20.621 | INFO     | betting.kelly:settle_bet:107 - [Bankroll] WIN | stake=3.88 | odds=4.2 | bankroll=150.45 | ROI=-85.0%
2026-05-03 22:24:20.621 | INFO     | betting.kelly:settle_bet:107 - [Bankroll] WIN | stake=2.45 | odds=4.75 | bankroll=159.65 | ROI=-84.0%
2026-05-03 22:24:20.621 | INFO     | betting.kelly:settle_bet:107 - [Bankroll] LOSS | stake=3.83 | odds=6.0 | bankroll=155.82 | ROI=-84.4%
2026-05-03 22:24:20.624 | INFO     | betting.kelly:settle_bet:107 - [Bankroll] LOSS | stake=9.74 | odds=2.6 | bankroll=146.08 | ROI=-85.4%
2026-05-03 22:24:20.624 | INFO     | betting.kelly:settle_bet:107 - [Bankroll] LOSS | stake=4.85 | odds=4.33 | bankroll=141.23 | ROI=-85.9%
2026-05-03 22:24:20.624 | INFO     | betting.kelly:settle_bet:107 - [Bankroll] LOSS | stake=1.77 | odds=2.1 | bankroll=139.46 | ROI=-86.1%
2026-05-03 22:24:20.624 | INFO     | betting.kelly:settle_bet:107 - [Bankroll] LOSS | stake=5.22 | odds=17.0 | bankroll=134.24 | ROI=-86.6%
2026-05-03 22:24:20.626 | INFO     | betting.kelly:settle_bet:107 - [Bankroll] LOSS | stake=4.08 | odds=8.0 | bankroll=130.16 | ROI=-87.0%
2026-05-03 22:24:20.627 | INFO     | betting.kelly:settle_bet:107 - [Bankroll] WIN | stake=8.13 | odds=2.38 | bankroll=141.39 | ROI=-85.9%
2026-05-03 22:24:20.627 | INFO     | betting.kelly:settle_bet:107 - [Bankroll] WIN | stake=4.38 | odds=3.1 | bankroll=150.59 | ROI=-84.9%
2026-05-03 22:24:20.627 | INFO     | betting.kelly:settle_bet:107 - [Bankroll] WIN | stake=4.22 | odds=2.15 | bankroll=155.44 | ROI=-84.5%
2026-05-03 22:24:20.627 | INFO     | betting.kelly:settle_bet:107 - [Bankroll] LOSS | stake=9.09 | odds=2.3 | bankroll=146.35 | ROI=-85.4%
2026-05-03 22:24:20.630 | INFO     | betting.kelly:settle_bet:107 - [Bankroll] LOSS | stake=9.15 | odds=4.2 | bankroll=137.20 | ROI=-86.3%
2026-05-03 22:24:20.630 | INFO     | betting.kelly:settle_bet:107 - [Bankroll] LOSS | stake=2.99 | odds=2.0 | bankroll=134.21 | ROI=-86.6%
2026-05-03 22:24:20.630 | INFO     | betting.kelly:settle_bet:107 - [Bankroll] LOSS | stake=2.25 | odds=6.5 | bankroll=131.96 | ROI=-86.8%
2026-05-03 22:24:20.632 | INFO     | betting.kelly:settle_bet:107 - [Bankroll] LOSS | stake=1.85 | odds=13.0 | bankroll=130.11 | ROI=-87.0%
2026-05-03 22:24:20.632 | INFO     | betting.kelly:settle_bet:107 - [Bankroll] WIN | stake=4.85 | odds=2.7 | bankroll=138.36 | ROI=-86.2%
2026-05-03 22:24:20.633 | INFO     | betting.kelly:settle_bet:107 - [Bankroll] LOSS | stake=0.61 | odds=3.6 | bankroll=137.75 | ROI=-86.2%
2026-05-03 22:24:20.633 | INFO     | betting.kelly:settle_bet:107 - [Bankroll] WIN | stake=4.57 | odds=4.75 | bankroll=154.90 | ROI=-84.5%
2026-05-03 22:24:20.633 | INFO     | betting.kelly:settle_bet:107 - [Bankroll] LOSS | stake=9.06 | odds=3.5 | bankroll=145.84 | ROI=-85.4%
2026-05-03 22:24:20.633 | INFO     | betting.kelly:settle_bet:107 - [Bankroll] WIN | stake=0.60 | odds=4.2 | bankroll=147.75 | ROI=-85.2%
2026-05-03 22:24:20.636 | INFO     | betting.kelly:settle_bet:107 - [Bankroll] WIN | stake=4.54 | odds=8.0 | bankroll=179.50 | ROI=-82.0%
2026-05-03 22:24:20.636 | INFO     | betting.kelly:settle_bet:107 - [Bankroll] LOSS | stake=5.58 | odds=13.0 | bankroll=173.92 | ROI=-82.6%
2026-05-03 22:24:20.636 | INFO     | betting.kelly:settle_bet:107 - [Bankroll] LOSS | stake=1.08 | odds=5.0 | bankroll=172.84 | ROI=-82.7%
2026-05-03 22:24:20.636 | INFO     | betting.kelly:settle_bet:107 - [Bankroll] LOSS | stake=0.69 | odds=5.0 | bankroll=172.15 | ROI=-82.8%
2026-05-03 22:24:20.638 | INFO     | betting.kelly:settle_bet:107 - [Bankroll] LOSS | stake=10.76 | odds=3.2 | bankroll=161.39 | ROI=-83.9%
2026-05-03 22:24:20.638 | INFO     | betting.kelly:settle_bet:107 - [Bankroll] WIN | stake=4.52 | odds=2.15 | bankroll=166.59 | ROI=-83.3%
2026-05-03 22:24:20.639 | INFO     | betting.kelly:settle_bet:107 - [Bankroll] WIN | stake=4.31 | odds=6.0 | bankroll=188.16 | ROI=-81.2%
2026-05-03 22:24:20.639 | INFO     | betting.kelly:settle_bet:107 - [Bankroll] LOSS | stake=7.85 | odds=8.0 | bankroll=180.31 | ROI=-82.0%
2026-05-03 22:24:20.639 | INFO     | betting.kelly:settle_bet:107 - [Bankroll] LOSS | stake=9.12 | odds=4.2 | bankroll=171.19 | ROI=-82.9%
2026-05-03 22:24:20.639 | INFO     | betting.kelly:settle_bet:107 - [Bankroll] LOSS | stake=1.49 | odds=5.25 | bankroll=169.70 | ROI=-83.0%
2026-05-03 22:24:20.642 | INFO     | betting.kelly:settle_bet:107 - [Bankroll] LOSS | stake=0.63 | odds=5.0 | bankroll=169.07 | ROI=-83.1%
2026-05-03 22:24:20.642 | INFO     | betting.kelly:settle_bet:107 - [Bankroll] LOSS | stake=0.64 | odds=8.5 | bankroll=168.43 | ROI=-83.2%
2026-05-03 22:24:20.642 | INFO     | betting.kelly:settle_bet:107 - [Bankroll] LOSS | stake=3.32 | odds=5.0 | bankroll=165.11 | ROI=-83.5%
2026-05-03 22:24:20.642 | INFO     | betting.kelly:settle_bet:107 - [Bankroll] WIN | stake=1.19 | odds=4.5 | bankroll=169.27 | ROI=-83.1%
2026-05-03 22:24:20.644 | INFO     | betting.kelly:settle_bet:107 - [Bankroll] WIN | stake=1.62 | odds=5.0 | bankroll=175.77 | ROI=-82.4%
2026-05-03 22:24:20.644 | INFO     | betting.kelly:settle_bet:107 - [Bankroll] LOSS | stake=1.48 | odds=6.5 | bankroll=174.29 | ROI=-82.6%
2026-05-03 22:24:20.645 | INFO     | betting.kelly:settle_bet:107 - [Bankroll] WIN | stake=2.11 | odds=4.75 | bankroll=182.20 | ROI=-81.8%
2026-05-03 22:24:20.645 | INFO     | betting.kelly:settle_bet:107 - [Bankroll] LOSS | stake=0.35 | odds=5.25 | bankroll=181.85 | ROI=-81.8%
2026-05-03 22:24:20.645 | INFO     | betting.kelly:settle_bet:107 - [Bankroll] WIN | stake=3.98 | odds=1.95 | bankroll=185.63 | ROI=-81.4%
2026-05-03 22:24:20.645 | INFO     | betting.kelly:settle_bet:107 - [Bankroll] LOSS | stake=0.98 | odds=4.0 | bankroll=184.65 | ROI=-81.5%
2026-05-03 22:24:20.645 | INFO     | betting.kelly:settle_bet:107 - [Bankroll] LOSS | stake=6.33 | odds=3.8 | bankroll=178.32 | ROI=-82.2%
2026-05-03 22:24:20.645 | INFO     | betting.kelly:settle_bet:107 - [Bankroll] LOSS | stake=9.52 | odds=6.5 | bankroll=168.80 | ROI=-83.1%
2026-05-03 22:24:20.645 | INFO     | betting.kelly:settle_bet:107 - [Bankroll] LOSS | stake=4.71 | odds=5.75 | bankroll=164.09 | ROI=-83.6%
2026-05-03 22:24:20.645 | INFO     | betting.kelly:settle_bet:107 - [Bankroll] LOSS | stake=1.72 | odds=5.25 | bankroll=162.37 | ROI=-83.8%
2026-05-03 22:24:20.645 | INFO     | betting.kelly:settle_bet:107 - [Bankroll] LOSS | stake=1.43 | odds=7.5 | bankroll=160.94 | ROI=-83.9%
2026-05-03 22:24:20.645 | INFO     | betting.kelly:settle_bet:107 - [Bankroll] LOSS | stake=3.93 | odds=8.0 | bankroll=157.01 | ROI=-84.3%
2026-05-03 22:24:20.650 | INFO     | betting.kelly:settle_bet:107 - [Bankroll] LOSS | stake=2.59 | odds=15.0 | bankroll=154.42 | ROI=-84.6%
2026-05-03 22:24:20.650 | INFO     | betting.kelly:settle_bet:107 - [Bankroll] WIN | stake=2.10 | odds=2.8 | bankroll=158.20 | ROI=-84.2%
2026-05-03 22:24:20.650 | INFO     | betting.kelly:settle_bet:107 - [Bankroll] LOSS | stake=6.77 | odds=3.3 | bankroll=151.43 | ROI=-84.9%
2026-05-03 22:24:20.650 | INFO     | betting.kelly:settle_bet:107 - [Bankroll] WIN | stake=2.89 | odds=6.5 | bankroll=167.34 | ROI=-83.3%
2026-05-03 22:24:20.650 | INFO     | betting.kelly:settle_bet:107 - [Bankroll] LOSS | stake=2.84 | odds=12.0 | bankroll=164.50 | ROI=-83.5%
2026-05-03 22:24:20.650 | INFO     | betting.kelly:settle_bet:107 - [Bankroll] LOSS | stake=9.23 | odds=2.75 | bankroll=155.27 | ROI=-84.5%
2026-05-03 22:24:20.650 | INFO     | betting.kelly:settle_bet:107 - [Bankroll] WIN | stake=3.57 | odds=5.25 | bankroll=170.45 | ROI=-83.0%
2026-05-03 22:24:20.650 | INFO     | betting.kelly:settle_bet:107 - [Bankroll] LOSS | stake=2.95 | odds=2.6 | bankroll=167.50 | ROI=-83.2%
2026-05-03 22:24:20.650 | INFO     | betting.kelly:settle_bet:107 - [Bankroll] WIN | stake=1.04 | odds=3.75 | bankroll=170.36 | ROI=-83.0%
2026-05-03 22:24:20.650 | INFO     | betting.kelly:settle_bet:107 - [Bankroll] WIN | stake=10.65 | odds=2.6 | bankroll=187.40 | ROI=-81.3%
2026-05-03 22:24:20.650 | INFO     | betting.kelly:settle_bet:107 - [Bankroll] LOSS | stake=11.71 | odds=6.5 | bankroll=175.69 | ROI=-82.4%
2026-05-03 22:24:20.650 | INFO     | betting.kelly:settle_bet:107 - [Bankroll] LOSS | stake=3.02 | odds=5.25 | bankroll=172.67 | ROI=-82.7%
2026-05-03 22:24:20.650 | INFO     | betting.kelly:settle_bet:107 - [Bankroll] LOSS | stake=5.06 | odds=2.3 | bankroll=167.61 | ROI=-83.2%
2026-05-03 22:24:20.650 | INFO     | betting.kelly:settle_bet:107 - [Bankroll] WIN | stake=4.46 | odds=2.15 | bankroll=172.74 | ROI=-82.7%
2026-05-03 22:24:20.650 | INFO     | betting.kelly:settle_bet:107 - [Bankroll] LOSS | stake=6.01 | odds=5.0 | bankroll=166.73 | ROI=-83.3%
2026-05-03 22:24:20.650 | INFO     | betting.kelly:settle_bet:107 - [Bankroll] LOSS | stake=2.93 | odds=5.75 | bankroll=163.80 | ROI=-83.6%
2026-05-03 22:24:20.656 | INFO     | betting.kelly:settle_bet:107 - [Bankroll] LOSS | stake=10.24 | odds=1.95 | bankroll=153.56 | ROI=-84.6%
2026-05-03 22:24:20.656 | INFO     | betting.kelly:settle_bet:107 - [Bankroll] LOSS | stake=1.66 | odds=5.5 | bankroll=151.90 | ROI=-84.8%
2026-05-03 22:24:20.656 | INFO     | betting.kelly:settle_bet:107 - [Bankroll] WIN | stake=0.38 | odds=7.5 | bankroll=154.37 | ROI=-84.6%
2026-05-03 22:24:20.657 | INFO     | betting.kelly:settle_bet:107 - [Bankroll] LOSS | stake=1.25 | odds=2.6 | bankroll=153.12 | ROI=-84.7%
2026-05-03 22:24:20.657 | INFO     | betting.kelly:settle_bet:107 - [Bankroll] LOSS | stake=5.11 | odds=11.0 | bankroll=148.01 | ROI=-85.2%
2026-05-03 22:24:20.657 | INFO     | betting.kelly:settle_bet:107 - [Bankroll] LOSS | stake=3.76 | odds=29.0 | bankroll=144.25 | ROI=-85.6%
2026-05-03 22:24:20.658 | INFO     | betting.kelly:settle_bet:107 - [Bankroll] WIN | stake=4.56 | odds=2.2 | bankroll=149.72 | ROI=-85.0%
2026-05-03 22:24:20.659 | INFO     | betting.kelly:settle_bet:107 - [Bankroll] LOSS | stake=7.89 | odds=6.5 | bankroll=141.83 | ROI=-85.8%
2026-05-03 22:24:20.659 | INFO     | betting.kelly:settle_bet:107 - [Bankroll] LOSS | stake=0.78 | odds=4.2 | bankroll=141.05 | ROI=-85.9%
2026-05-03 22:24:20.660 | INFO     | betting.kelly:settle_bet:107 - [Bankroll] WIN | stake=7.02 | odds=3.2 | bankroll=156.50 | ROI=-84.4%
2026-05-03 22:24:20.660 | INFO     | betting.kelly:settle_bet:107 - [Bankroll] WIN | stake=5.37 | odds=2.63 | bankroll=165.25 | ROI=-83.5%
2026-05-03 22:24:20.661 | INFO     | betting.kelly:settle_bet:107 - [Bankroll] LOSS | stake=2.89 | odds=5.25 | bankroll=162.36 | ROI=-83.8%
2026-05-03 22:24:20.662 | INFO     | betting.kelly:settle_bet:107 - [Bankroll] LOSS | stake=7.47 | odds=7.5 | bankroll=154.89 | ROI=-84.5%
2026-05-03 22:24:20.662 | INFO     | betting.kelly:settle_bet:107 - [Bankroll] WIN | stake=1.15 | odds=5.25 | bankroll=159.76 | ROI=-84.0%
2026-05-03 22:24:20.663 | INFO     | betting.kelly:settle_bet:107 - [Bankroll] LOSS | stake=0.62 | odds=4.5 | bankroll=159.14 | ROI=-84.1%
2026-05-03 22:24:20.664 | INFO     | betting.kelly:settle_bet:107 - [Bankroll] LOSS | stake=0.91 | odds=4.5 | bankroll=158.23 | ROI=-84.2%
2026-05-03 22:24:20.664 | INFO     | betting.kelly:settle_bet:107 - [Bankroll] LOSS | stake=3.83 | odds=7.0 | bankroll=154.40 | ROI=-84.6%
2026-05-03 22:24:20.664 | INFO     | betting.kelly:settle_bet:107 - [Bankroll] LOSS | stake=9.65 | odds=2.45 | bankroll=144.75 | ROI=-85.5%
2026-05-03 22:24:20.664 | INFO     | betting.kelly:settle_bet:107 - [Bankroll] LOSS | stake=6.12 | odds=2.0 | bankroll=138.63 | ROI=-86.1%
2026-05-03 22:24:20.664 | INFO     | betting.kelly:settle_bet:107 - [Bankroll] LOSS | stake=3.90 | odds=9.0 | bankroll=134.73 | ROI=-86.5%
2026-05-03 22:24:20.664 | INFO     | betting.kelly:settle_bet:107 - [Bankroll] LOSS | stake=1.71 | odds=12.0 | bankroll=133.02 | ROI=-86.7%
2026-05-03 22:24:20.664 | INFO     | betting.kelly:settle_bet:107 - [Bankroll] LOSS | stake=3.38 | odds=5.25 | bankroll=129.64 | ROI=-87.0%
2026-05-03 22:24:20.664 | INFO     | betting.kelly:settle_bet:107 - [Bankroll] LOSS | stake=0.92 | odds=4.5 | bankroll=128.72 | ROI=-87.1%
2026-05-03 22:24:20.664 | INFO     | betting.kelly:settle_bet:107 - [Bankroll] LOSS | stake=0.63 | odds=4.5 | bankroll=128.09 | ROI=-87.2%
2026-05-03 22:24:20.664 | INFO     | betting.kelly:settle_bet:107 - [Bankroll] WIN | stake=2.40 | odds=7.5 | bankroll=143.66 | ROI=-85.6%
2026-05-03 22:24:20.664 | INFO     | betting.kelly:settle_bet:107 - [Bankroll] LOSS | stake=5.79 | odds=5.5 | bankroll=137.87 | ROI=-86.2%
2026-05-03 22:24:20.664 | INFO     | betting.kelly:settle_bet:107 - [Bankroll] LOSS | stake=1.21 | odds=4.33 | bankroll=136.66 | ROI=-86.3%
2026-05-03 22:24:20.664 | INFO     | betting.kelly:settle_bet:107 - [Bankroll] LOSS | stake=1.54 | odds=2.05 | bankroll=135.12 | ROI=-86.5%
2026-05-03 22:24:20.664 | INFO     | betting.kelly:settle_bet:107 - [Bankroll] LOSS | stake=1.35 | odds=3.4 | bankroll=133.77 | ROI=-86.6%
2026-05-03 22:24:20.664 | INFO     | betting.kelly:settle_bet:107 - [Bankroll] LOSS | stake=4.43 | odds=2.2 | bankroll=129.34 | ROI=-87.1%
2026-05-03 22:24:20.668 | INFO     | betting.kelly:settle_bet:107 - [Bankroll] LOSS | stake=2.56 | odds=5.25 | bankroll=126.78 | ROI=-87.3%
2026-05-03 22:24:20.668 | INFO     | betting.kelly:settle_bet:107 - [Bankroll] LOSS | stake=1.26 | odds=4.75 | bankroll=125.52 | ROI=-87.4%
2026-05-03 22:24:20.668 | INFO     | betting.kelly:settle_bet:107 - [Bankroll] LOSS | stake=7.84 | odds=2.2 | bankroll=117.68 | ROI=-88.2%
2026-05-03 22:24:20.668 | INFO     | betting.kelly:settle_bet:107 - [Bankroll] WIN | stake=3.67 | odds=3.5 | bankroll=126.86 | ROI=-87.3%
2026-05-03 22:24:20.668 | INFO     | betting.kelly:settle_bet:107 - [Bankroll] LOSS | stake=3.31 | odds=2.15 | bankroll=123.55 | ROI=-87.6%
2026-05-03 22:24:20.668 | INFO     | betting.kelly:settle_bet:107 - [Bankroll] LOSS | stake=5.52 | odds=2.8 | bankroll=118.03 | ROI=-88.2%
2026-05-03 22:24:20.668 | INFO     | betting.kelly:settle_bet:107 - [Bankroll] LOSS | stake=2.48 | odds=4.0 | bankroll=115.55 | ROI=-88.4%
2026-05-03 22:24:20.668 | INFO     | betting.kelly:settle_bet:107 - [Bankroll] LOSS | stake=0.72 | odds=3.8 | bankroll=114.83 | ROI=-88.5%
2026-05-03 22:24:20.668 | INFO     | betting.kelly:settle_bet:107 - [Bankroll] LOSS | stake=1.58 | odds=5.75 | bankroll=113.25 | ROI=-88.7%
2026-05-03 22:24:20.668 | INFO     | betting.kelly:settle_bet:107 - [Bankroll] LOSS | stake=1.14 | odds=9.0 | bankroll=112.11 | ROI=-88.8%
2026-05-03 22:24:20.668 | INFO     | betting.kelly:settle_bet:107 - [Bankroll] LOSS | stake=4.26 | odds=3.4 | bankroll=107.85 | ROI=-89.2%
2026-05-03 22:24:20.668 | INFO     | betting.kelly:settle_bet:107 - [Bankroll] WIN | stake=4.13 | odds=2.7 | bankroll=114.87 | ROI=-88.5%
2026-05-03 22:24:20.668 | INFO     | betting.kelly:settle_bet:107 - [Bankroll] LOSS | stake=7.18 | odds=4.5 | bankroll=107.69 | ROI=-89.2%
2026-05-03 22:24:20.668 | INFO     | betting.kelly:settle_bet:107 - [Bankroll] LOSS | stake=6.73 | odds=2.7 | bankroll=100.96 | ROI=-89.9%
2026-05-03 22:24:20.668 | INFO     | betting.kelly:settle_bet:107 - [Bankroll] LOSS | stake=3.62 | odds=11.0 | bankroll=97.34 | ROI=-90.3%
2026-05-03 22:24:20.668 | INFO     | betting.kelly:settle_bet:107 - [Bankroll] WIN | stake=2.58 | odds=21.0 | bankroll=148.93 | ROI=-85.1%
2026-05-03 22:24:20.668 | INFO     | betting.kelly:settle_bet:107 - [Bankroll] LOSS | stake=6.82 | odds=4.2 | bankroll=142.11 | ROI=-85.8%
2026-05-03 22:24:20.668 | INFO     | betting.kelly:settle_bet:107 - [Bankroll] LOSS | stake=1.24 | odds=4.5 | bankroll=140.87 | ROI=-85.9%
2026-05-03 22:24:20.668 | INFO     | betting.kelly:settle_bet:107 - [Bankroll] LOSS | stake=8.80 | odds=3.4 | bankroll=132.07 | ROI=-86.8%
2026-05-03 22:24:20.668 | INFO     | betting.kelly:settle_bet:107 - [Bankroll] LOSS | stake=3.57 | odds=1.91 | bankroll=128.50 | ROI=-87.2%
2026-05-03 22:24:20.668 | INFO     | betting.kelly:settle_bet:107 - [Bankroll] WIN | stake=0.50 | odds=4.33 | bankroll=130.17 | ROI=-87.0%
2026-05-03 22:24:20.668 | INFO     | betting.kelly:settle_bet:107 - [Bankroll] LOSS | stake=0.73 | odds=5.0 | bankroll=129.44 | ROI=-87.1%
2026-05-03 22:24:20.674 | INFO     | betting.kelly:settle_bet:107 - [Bankroll] LOSS | stake=2.87 | odds=7.0 | bankroll=126.57 | ROI=-87.3%
2026-05-03 22:24:20.674 | INFO     | betting.kelly:settle_bet:107 - [Bankroll] LOSS | stake=2.97 | odds=17.0 | bankroll=123.60 | ROI=-87.6%
2026-05-03 22:24:20.674 | INFO     | betting.kelly:settle_bet:107 - [Bankroll] LOSS | stake=4.82 | odds=3.5 | bankroll=118.78 | ROI=-88.1%
2026-05-03 22:24:20.674 | INFO     | betting.kelly:settle_bet:107 - [Bankroll] LOSS | stake=4.13 | odds=1.83 | bankroll=114.65 | ROI=-88.5%
2026-05-03 22:24:20.674 | INFO     | betting.kelly:settle_bet:107 - [Bankroll] WIN | stake=1.54 | odds=5.5 | bankroll=121.56 | ROI=-87.8%
2026-05-03 22:24:20.674 | INFO     | betting.kelly:settle_bet:107 - [Bankroll] LOSS | stake=2.16 | odds=10.0 | bankroll=119.40 | ROI=-88.1%
2026-05-03 22:24:20.674 | INFO     | betting.kelly:settle_bet:107 - [Bankroll] WIN | stake=3.86 | odds=2.63 | bankroll=125.69 | ROI=-87.4%
2026-05-03 22:24:20.674 | INFO     | betting.kelly:settle_bet:107 - [Bankroll] WIN | stake=0.64 | odds=4.5 | bankroll=127.93 | ROI=-87.2%
2026-05-03 22:24:20.674 | INFO     | betting.kelly:settle_bet:107 - [Bankroll] LOSS | stake=8.00 | odds=4.33 | bankroll=119.93 | ROI=-88.0%
2026-05-03 22:24:20.674 | INFO     | betting.kelly:settle_bet:107 - [Bankroll] LOSS | stake=4.11 | odds=8.5 | bankroll=115.82 | ROI=-88.4%
2026-05-03 22:24:20.674 | INFO     | betting.kelly:settle_bet:107 - [Bankroll] LOSS | stake=2.35 | odds=5.75 | bankroll=113.47 | ROI=-88.7%
2026-05-03 22:24:20.674 | INFO     | betting.kelly:settle_bet:107 - [Bankroll] LOSS | stake=0.98 | odds=2.88 | bankroll=112.49 | ROI=-88.8%
2026-05-03 22:24:20.674 | INFO     | betting.kelly:settle_bet:107 - [Bankroll] LOSS | stake=1.03 | odds=5.75 | bankroll=111.46 | ROI=-88.9%
2026-05-03 22:24:20.674 | INFO     | betting.kelly:settle_bet:107 - [Bankroll] LOSS | stake=1.10 | odds=5.5 | bankroll=110.36 | ROI=-89.0%
2026-05-03 22:24:20.674 | INFO     | betting.kelly:settle_bet:107 - [Bankroll] LOSS | stake=0.32 | odds=4.0 | bankroll=110.04 | ROI=-89.0%
2026-05-03 22:24:20.674 | INFO     | betting.kelly:settle_bet:107 - [Bankroll] WIN | stake=2.85 | odds=3.8 | bankroll=118.02 | ROI=-88.2%
2026-05-03 22:24:20.674 | INFO     | betting.kelly:settle_bet:107 - [Bankroll] WIN | stake=6.87 | odds=4.2 | bankroll=140.00 | ROI=-86.0%
2026-05-03 22:24:20.674 | INFO     | betting.kelly:settle_bet:107 - [Bankroll] LOSS | stake=0.91 | odds=4.2 | bankroll=139.09 | ROI=-86.1%
2026-05-03 22:24:20.674 | INFO     | betting.kelly:settle_bet:107 - [Bankroll] LOSS | stake=2.46 | odds=3.0 | bankroll=136.63 | ROI=-86.3%
2026-05-03 22:24:20.674 | INFO     | betting.kelly:settle_bet:107 - [Bankroll] LOSS | stake=8.54 | odds=7.5 | bankroll=128.09 | ROI=-87.2%
2026-05-03 22:24:20.680 | INFO     | betting.kelly:settle_bet:107 - [Bankroll] LOSS | stake=2.42 | odds=5.0 | bankroll=125.67 | ROI=-87.4%
2026-05-03 22:24:20.681 | INFO     | betting.kelly:settle_bet:107 - [Bankroll] WIN | stake=2.85 | odds=1.62 | bankroll=127.44 | ROI=-87.3%
2026-05-03 22:24:20.681 | INFO     | betting.kelly:settle_bet:107 - [Bankroll] LOSS | stake=5.66 | odds=12.0 | bankroll=121.78 | ROI=-87.8%
2026-05-03 22:24:20.681 | INFO     | betting.kelly:settle_bet:107 - [Bankroll] LOSS | stake=5.35 | odds=21.0 | bankroll=116.43 | ROI=-88.4%
2026-05-03 22:24:20.681 | INFO     | betting.kelly:settle_bet:107 - [Bankroll] LOSS | stake=7.13 | odds=2.63 | bankroll=109.30 | ROI=-89.1%
2026-05-03 22:24:20.681 | INFO     | betting.kelly:settle_bet:107 - [Bankroll] LOSS | stake=2.46 | odds=2.75 | bankroll=106.84 | ROI=-89.3%
2026-05-03 22:24:20.681 | INFO     | betting.kelly:settle_bet:107 - [Bankroll] LOSS | stake=6.68 | odds=3.75 | bankroll=100.16 | ROI=-90.0%
2026-05-03 22:24:20.681 | INFO     | betting.kelly:settle_bet:107 - [Bankroll] WIN | stake=0.82 | odds=4.5 | bankroll=103.03 | ROI=-89.7%
2026-05-03 22:24:20.681 | INFO     | betting.kelly:settle_bet:107 - [Bankroll] LOSS | stake=0.84 | odds=2.1 | bankroll=102.19 | ROI=-89.8%
2026-05-03 22:24:20.681 | INFO     | betting.kelly:settle_bet:107 - [Bankroll] WIN | stake=1.39 | odds=2.2 | bankroll=103.86 | ROI=-89.6%
2026-05-03 22:24:20.681 | INFO     | betting.kelly:settle_bet:107 - [Bankroll] LOSS | stake=6.49 | odds=5.25 | bankroll=97.37 | ROI=-90.3%
2026-05-03 22:24:20.681 | INFO     | betting.kelly:settle_bet:107 - [Bankroll] LOSS | stake=6.09 | odds=2.9 | bankroll=91.28 | ROI=-90.9%
2026-05-03 22:24:20.681 | INFO     | betting.kelly:settle_bet:107 - [Bankroll] LOSS | stake=1.79 | odds=2.15 | bankroll=89.49 | ROI=-91.1%
2026-05-03 22:24:20.681 | INFO     | betting.kelly:settle_bet:107 - [Bankroll] LOSS | stake=5.59 | odds=3.0 | bankroll=83.90 | ROI=-91.6%
2026-05-03 22:24:20.681 | INFO     | betting.kelly:settle_bet:107 - [Bankroll] WIN | stake=5.04 | odds=3.25 | bankroll=95.25 | ROI=-90.5%
2026-05-03 22:24:20.681 | INFO     | betting.kelly:settle_bet:107 - [Bankroll] LOSS | stake=1.67 | odds=4.75 | bankroll=93.58 | ROI=-90.6%
2026-05-03 22:24:20.681 | INFO     | betting.kelly:settle_bet:107 - [Bankroll] LOSS | stake=2.83 | odds=9.5 | bankroll=90.75 | ROI=-90.9%
2026-05-03 22:24:20.681 | INFO     | betting.kelly:settle_bet:107 - [Bankroll] LOSS | stake=1.53 | odds=13.0 | bankroll=89.22 | ROI=-91.1%
2026-05-03 22:24:20.681 | INFO     | betting.kelly:settle_bet:107 - [Bankroll] LOSS | stake=4.92 | odds=9.5 | bankroll=84.30 | ROI=-91.6%
2026-05-03 22:24:20.681 | INFO     | betting.kelly:settle_bet:107 - [Bankroll] LOSS | stake=2.39 | odds=6.5 | bankroll=81.91 | ROI=-91.8%
2026-05-03 22:24:20.681 | INFO     | betting.kelly:settle_bet:107 - [Bankroll] LOSS | stake=0.40 | odds=5.0 | bankroll=81.51 | ROI=-91.8%
2026-05-03 22:24:20.686 | INFO     | betting.kelly:settle_bet:107 - [Bankroll] LOSS | stake=0.13 | odds=7.5 | bankroll=81.38 | ROI=-91.9%
2026-05-03 22:24:20.686 | INFO     | betting.kelly:settle_bet:107 - [Bankroll] LOSS | stake=2.60 | odds=1.62 | bankroll=78.78 | ROI=-92.1%
2026-05-03 22:24:20.687 | INFO     | betting.kelly:settle_bet:107 - [Bankroll] LOSS | stake=0.98 | odds=2.1 | bankroll=77.80 | ROI=-92.2%
2026-05-03 22:24:20.687 | INFO     | betting.kelly:settle_bet:107 - [Bankroll] LOSS | stake=1.19 | odds=4.5 | bankroll=76.61 | ROI=-92.3%
2026-05-03 22:24:20.687 | INFO     | betting.kelly:settle_bet:107 - [Bankroll] WIN | stake=1.32 | odds=2.2 | bankroll=78.19 | ROI=-92.2%
2026-05-03 22:24:20.687 | INFO     | betting.kelly:settle_bet:107 - [Bankroll] WIN | stake=1.42 | odds=1.62 | bankroll=79.07 | ROI=-92.1%
2026-05-03 22:24:20.687 | INFO     | betting.kelly:settle_bet:107 - [Bankroll] LOSS | stake=4.94 | odds=7.0 | bankroll=74.13 | ROI=-92.6%
2026-05-03 22:24:20.687 | INFO     | betting.kelly:settle_bet:107 - [Bankroll] LOSS | stake=1.11 | odds=4.75 | bankroll=73.02 | ROI=-92.7%
2026-05-03 22:24:20.687 | INFO     | betting.kelly:settle_bet:107 - [Bankroll] LOSS | stake=4.56 | odds=2.15 | bankroll=68.46 | ROI=-93.2%
2026-05-03 22:24:20.687 | INFO     | betting.kelly:settle_bet:107 - [Bankroll] LOSS | stake=0.18 | odds=4.75 | bankroll=68.28 | ROI=-93.2%
2026-05-03 22:24:20.687 | INFO     | betting.kelly:settle_bet:107 - [Bankroll] LOSS | stake=0.76 | odds=3.2 | bankroll=67.52 | ROI=-93.2%
2026-05-03 22:24:20.687 | INFO     | betting.kelly:settle_bet:107 - [Bankroll] WIN | stake=4.22 | odds=2.63 | bankroll=74.40 | ROI=-92.6%
2026-05-03 22:24:20.687 | INFO     | betting.kelly:settle_bet:107 - [Bankroll] LOSS | stake=2.40 | odds=8.0 | bankroll=72.00 | ROI=-92.8%
2026-05-03 22:24:20.687 | INFO     | betting.kelly:settle_bet:107 - [Bankroll] LOSS | stake=2.60 | odds=13.0 | bankroll=69.40 | ROI=-93.1%
2026-05-03 22:24:20.687 | INFO     | betting.kelly:settle_bet:107 - [Bankroll] WIN | stake=0.28 | odds=3.4 | bankroll=70.07 | ROI=-93.0%
2026-05-03 22:24:20.687 | INFO     | betting.kelly:settle_bet:107 - [Bankroll] WIN | stake=2.91 | odds=1.8 | bankroll=72.40 | ROI=-92.8%
2026-05-03 22:24:20.687 | INFO     | betting.kelly:settle_bet:107 - [Bankroll] LOSS | stake=2.55 | odds=8.0 | bankroll=69.85 | ROI=-93.0%
2026-05-03 22:24:20.687 | INFO     | betting.kelly:settle_bet:107 - [Bankroll] LOSS | stake=3.78 | odds=17.0 | bankroll=66.07 | ROI=-93.4%
2026-05-03 22:24:20.687 | INFO     | betting.kelly:settle_bet:107 - [Bankroll] LOSS | stake=4.13 | odds=3.3 | bankroll=61.94 | ROI=-93.8%
2026-05-03 22:24:20.692 | INFO     | betting.kelly:settle_bet:107 - [Bankroll] WIN | stake=2.86 | odds=4.33 | bankroll=71.45 | ROI=-92.9%
2026-05-03 22:24:20.692 | INFO     | betting.kelly:settle_bet:107 - [Bankroll] LOSS | stake=4.47 | odds=2.15 | bankroll=66.98 | ROI=-93.3%
2026-05-03 22:24:20.693 | INFO     | betting.kelly:settle_bet:107 - [Bankroll] LOSS | stake=1.27 | odds=6.0 | bankroll=65.71 | ROI=-93.4%
2026-05-03 22:24:20.693 | INFO     | betting.kelly:settle_bet:107 - [Bankroll] LOSS | stake=0.15 | odds=4.33 | bankroll=65.56 | ROI=-93.4%
2026-05-03 22:24:20.693 | INFO     | betting.kelly:settle_bet:107 - [Bankroll] LOSS | stake=4.10 | odds=4.33 | bankroll=61.46 | ROI=-93.9%
2026-05-03 22:24:20.693 | INFO     | betting.kelly:settle_bet:107 - [Bankroll] LOSS | stake=0.10 | odds=7.5 | bankroll=61.36 | ROI=-93.9%
2026-05-03 22:24:20.693 | INFO     | betting.kelly:settle_bet:107 - [Bankroll] LOSS | stake=3.83 | odds=4.2 | bankroll=57.52 | ROI=-94.2%
2026-05-03 22:24:20.693 | INFO     | betting.kelly:settle_bet:107 - [Bankroll] LOSS | stake=3.54 | odds=2.4 | bankroll=53.98 | ROI=-94.6%
2026-05-03 22:24:20.693 | INFO     | betting.kelly:settle_bet:107 - [Bankroll] LOSS | stake=0.25 | odds=4.75 | bankroll=53.73 | ROI=-94.6%
2026-05-03 22:24:20.693 | INFO     | betting.kelly:settle_bet:107 - [Bankroll] WIN | stake=0.52 | odds=5.5 | bankroll=56.08 | ROI=-94.4%
2026-05-03 22:24:20.693 | INFO     | betting.kelly:settle_bet:107 - [Bankroll] LOSS | stake=0.17 | odds=8.0 | bankroll=55.91 | ROI=-94.4%
2026-05-03 22:24:20.693 | INFO     | betting.kelly:settle_bet:107 - [Bankroll] WIN | stake=3.39 | odds=2.38 | bankroll=60.59 | ROI=-93.9%
2026-05-03 22:24:20.693 | INFO     | betting.kelly:settle_bet:107 - [Bankroll] LOSS | stake=3.79 | odds=2.9 | bankroll=56.80 | ROI=-94.3%
2026-05-03 22:24:20.693 | INFO     | betting.kelly:settle_bet:107 - [Bankroll] WIN | stake=2.26 | odds=2.0 | bankroll=59.06 | ROI=-94.1%
2026-05-03 22:24:20.693 | INFO     | betting.kelly:settle_bet:107 - [Bankroll] LOSS | stake=2.36 | odds=10.0 | bankroll=56.70 | ROI=-94.3%
2026-05-03 22:24:20.693 | INFO     | betting.kelly:settle_bet:107 - [Bankroll] LOSS | stake=1.11 | odds=5.75 | bankroll=55.59 | ROI=-94.4%
2026-05-03 22:24:20.693 | INFO     | betting.kelly:settle_bet:107 - [Bankroll] LOSS | stake=1.72 | odds=1.83 | bankroll=53.87 | ROI=-94.6%
2026-05-03 22:24:20.693 | INFO     | betting.kelly:settle_bet:107 - [Bankroll] LOSS | stake=3.37 | odds=8.0 | bankroll=50.50 | ROI=-95.0%
2026-05-03 22:24:20.693 | INFO     | betting.kelly:settle_bet:107 - [Bankroll] LOSS | stake=1.17 | odds=5.75 | bankroll=49.33 | ROI=-95.1%
2026-05-03 22:24:20.693 | INFO     | betting.kelly:settle_bet:107 - [Bankroll] LOSS | stake=1.29 | odds=6.5 | bankroll=48.04 | ROI=-95.2%
2026-05-03 22:24:20.693 | INFO     | betting.kelly:settle_bet:107 - [Bankroll] LOSS | stake=0.46 | odds=4.75 | bankroll=47.58 | ROI=-95.2%
2026-05-03 22:24:20.693 | INFO     | betting.kelly:settle_bet:107 - [Bankroll] LOSS | stake=2.81 | odds=3.2 | bankroll=44.77 | ROI=-95.5%
2026-05-03 22:24:20.693 | INFO     | betting.kelly:settle_bet:107 - [Bankroll] LOSS | stake=0.39 | odds=5.5 | bankroll=44.38 | ROI=-95.6%
2026-05-03 22:24:20.699 | INFO     | betting.kelly:settle_bet:107 - [Bankroll] WIN | stake=2.31 | odds=3.6 | bankroll=50.38 | ROI=-95.0%
2026-05-03 22:24:20.699 | INFO     | betting.kelly:settle_bet:107 - [Bankroll] LOSS | stake=3.05 | odds=5.5 | bankroll=47.33 | ROI=-95.3%
2026-05-03 22:24:20.699 | INFO     | betting.kelly:settle_bet:107 - [Bankroll] LOSS | stake=0.27 | odds=4.33 | bankroll=47.06 | ROI=-95.3%
2026-05-03 22:24:20.699 | INFO     | betting.kelly:settle_bet:107 - [Bankroll] LOSS | stake=1.03 | odds=4.0 | bankroll=46.03 | ROI=-95.4%
2026-05-03 22:24:20.699 | INFO     | betting.kelly:settle_bet:107 - [Bankroll] LOSS | stake=2.21 | odds=2.3 | bankroll=43.82 | ROI=-95.6%
2026-05-03 22:24:20.699 | INFO     | betting.kelly:settle_bet:107 - [Bankroll] LOSS | stake=2.30 | odds=5.0 | bankroll=41.52 | ROI=-95.8%
2026-05-03 22:24:20.699 | INFO     | betting.kelly:settle_bet:107 - [Bankroll] LOSS | stake=0.18 | odds=4.2 | bankroll=41.34 | ROI=-95.9%
2026-05-03 22:24:20.699 | INFO     | betting.kelly:settle_bet:107 - [Bankroll] WIN | stake=2.58 | odds=8.0 | bankroll=59.43 | ROI=-94.1%
2026-05-03 22:24:20.699 | INFO     | betting.kelly:settle_bet:107 - [Bankroll] LOSS | stake=1.31 | odds=5.75 | bankroll=58.12 | ROI=-94.2%
2026-05-03 22:24:20.699 | INFO     | betting.kelly:settle_bet:107 - [Bankroll] LOSS | stake=0.89 | odds=5.25 | bankroll=57.23 | ROI=-94.3%
2026-05-03 22:24:20.699 | INFO     | betting.kelly:settle_bet:107 - [Bankroll] LOSS | stake=1.85 | odds=8.0 | bankroll=55.38 | ROI=-94.5%
2026-05-03 22:24:20.699 | INFO     | betting.kelly:settle_bet:107 - [Bankroll] LOSS | stake=1.85 | odds=13.0 | bankroll=53.53 | ROI=-94.6%
2026-05-03 22:24:20.702 | INFO     | betting.kelly:settle_bet:107 - [Bankroll] LOSS | stake=1.07 | odds=7.0 | bankroll=52.46 | ROI=-94.8%
2026-05-03 22:24:20.702 | INFO     | betting.kelly:settle_bet:107 - [Bankroll] LOSS | stake=0.81 | odds=13.0 | bankroll=51.65 | ROI=-94.8%
2026-05-03 22:24:20.703 | INFO     | betting.kelly:settle_bet:107 - [Bankroll] LOSS | stake=0.96 | odds=6.5 | bankroll=50.69 | ROI=-94.9%
2026-05-03 22:24:20.703 | INFO     | betting.kelly:settle_bet:107 - [Bankroll] LOSS | stake=0.90 | odds=13.0 | bankroll=49.79 | ROI=-95.0%
2026-05-03 22:24:20.703 | INFO     | betting.kelly:settle_bet:107 - [Bankroll] WIN | stake=0.30 | odds=5.25 | bankroll=51.08 | ROI=-94.9%
2026-05-03 22:24:20.703 | INFO     | betting.kelly:settle_bet:107 - [Bankroll] LOSS | stake=0.40 | odds=10.0 | bankroll=50.68 | ROI=-94.9%
2026-05-03 22:24:20.704 | INFO     | betting.kelly:settle_bet:107 - [Bankroll] LOSS | stake=2.12 | odds=4.2 | bankroll=48.56 | ROI=-95.1%
2026-05-03 22:24:20.704 | INFO     | betting.kelly:settle_bet:107 - [Bankroll] LOSS | stake=0.54 | odds=5.25 | bankroll=48.02 | ROI=-95.2%
2026-05-03 22:24:20.704 | INFO     | betting.kelly:settle_bet:107 - [Bankroll] LOSS | stake=0.71 | odds=8.0 | bankroll=47.31 | ROI=-95.3%
2026-05-03 22:24:20.705 | INFO     | betting.kelly:settle_bet:107 - [Bankroll] LOSS | stake=2.96 | odds=7.0 | bankroll=44.35 | ROI=-95.6%
2026-05-03 22:24:20.705 | INFO     | betting.kelly:settle_bet:107 - [Bankroll] LOSS | stake=0.82 | odds=5.25 | bankroll=43.53 | ROI=-95.6%
2026-05-03 22:24:20.705 | INFO     | betting.kelly:settle_bet:107 - [Bankroll] LOSS | stake=0.30 | odds=5.0 | bankroll=43.23 | ROI=-95.7%
2026-05-03 22:24:20.705 | INFO     | betting.kelly:settle_bet:107 - [Bankroll] LOSS | stake=0.24 | odds=4.5 | bankroll=42.99 | ROI=-95.7%
2026-05-03 22:24:20.705 | INFO     | betting.kelly:settle_bet:107 - [Bankroll] WIN | stake=0.89 | odds=1.95 | bankroll=43.84 | ROI=-95.6%
2026-05-03 22:24:20.705 | INFO     | betting.kelly:settle_bet:107 - [Bankroll] LOSS | stake=0.37 | odds=5.0 | bankroll=43.47 | ROI=-95.7%
2026-05-03 22:24:20.705 | INFO     | betting.kelly:settle_bet:107 - [Bankroll] LOSS | stake=1.85 | odds=2.25 | bankroll=41.62 | ROI=-95.8%
2026-05-03 22:24:20.705 | INFO     | betting.kelly:settle_bet:107 - [Bankroll] LOSS | stake=0.79 | odds=5.75 | bankroll=40.83 | ROI=-95.9%
2026-05-03 22:24:20.705 | INFO     | betting.kelly:settle_bet:107 - [Bankroll] WIN | stake=0.38 | odds=4.75 | bankroll=42.27 | ROI=-95.8%
2026-05-03 22:24:20.705 | INFO     | betting.kelly:settle_bet:107 - [Bankroll] LOSS | stake=2.64 | odds=3.4 | bankroll=39.63 | ROI=-96.0%
2026-05-03 22:24:20.705 | INFO     | betting.kelly:settle_bet:107 - [Bankroll] LOSS | stake=0.96 | odds=3.3 | bankroll=38.67 | ROI=-96.1%
2026-05-03 22:24:20.705 | INFO     | betting.kelly:settle_bet:107 - [Bankroll] WIN | stake=2.42 | odds=1.91 | bankroll=40.87 | ROI=-95.9%
2026-05-03 22:24:20.705 | INFO     | betting.kelly:settle_bet:107 - [Bankroll] LOSS | stake=0.51 | odds=3.75 | bankroll=40.36 | ROI=-96.0%
2026-05-03 22:24:20.705 | INFO     | betting.kelly:settle_bet:107 - [Bankroll] LOSS | stake=2.52 | odds=2.8 | bankroll=37.84 | ROI=-96.2%
2026-05-03 22:24:20.705 | INFO     | betting.kelly:settle_bet:107 - [Bankroll] LOSS | stake=2.37 | odds=5.0 | bankroll=35.48 | ROI=-96.5%
2026-05-03 22:24:20.705 | INFO     | betting.kelly:settle_bet:107 - [Bankroll] LOSS | stake=2.22 | odds=6.0 | bankroll=33.26 | ROI=-96.7%
2026-05-03 22:24:20.705 | INFO     | betting.kelly:settle_bet:107 - [Bankroll] LOSS | stake=0.31 | odds=4.33 | bankroll=32.95 | ROI=-96.7%
2026-05-03 22:24:20.705 | INFO     | betting.kelly:settle_bet:107 - [Bankroll] WIN | stake=0.24 | odds=2.55 | bankroll=33.33 | ROI=-96.7%
2026-05-03 22:24:20.705 | INFO     | betting.kelly:settle_bet:107 - [Bankroll] LOSS | stake=1.18 | odds=3.1 | bankroll=32.15 | ROI=-96.8%
2026-05-03 22:24:20.711 | INFO     | betting.kelly:settle_bet:107 - [Bankroll] LOSS | stake=2.01 | odds=2.05 | bankroll=30.14 | ROI=-97.0%
2026-05-03 22:24:20.711 | INFO     | betting.kelly:settle_bet:107 - [Bankroll] LOSS | stake=1.88 | odds=2.9 | bankroll=28.26 | ROI=-97.2%
2026-05-03 22:24:20.711 | INFO     | betting.kelly:settle_bet:107 - [Bankroll] LOSS | stake=1.49 | odds=4.33 | bankroll=26.77 | ROI=-97.3%
2026-05-03 22:24:20.711 | INFO     | betting.kelly:settle_bet:107 - [Bankroll] LOSS | stake=0.07 | odds=4.33 | bankroll=26.70 | ROI=-97.3%
2026-05-03 22:24:20.711 | INFO     | betting.kelly:settle_bet:107 - [Bankroll] LOSS | stake=0.65 | odds=6.5 | bankroll=26.05 | ROI=-97.4%
2026-05-03 22:24:20.711 | INFO     | betting.kelly:settle_bet:107 - [Bankroll] LOSS | stake=0.34 | odds=5.75 | bankroll=25.71 | ROI=-97.4%
2026-05-03 22:24:20.711 | INFO     | betting.kelly:settle_bet:107 - [Bankroll] LOSS | stake=0.34 | odds=11.0 | bankroll=25.37 | ROI=-97.5%
2026-05-03 22:24:20.713 | INFO     | betting.kelly:settle_bet:107 - [Bankroll] LOSS | stake=1.59 | odds=3.75 | bankroll=23.78 | ROI=-97.6%
2026-05-03 22:24:20.713 | INFO     | betting.kelly:settle_bet:107 - [Bankroll] LOSS | stake=0.86 | odds=9.0 | bankroll=22.92 | ROI=-97.7%
2026-05-03 22:24:20.713 | INFO     | betting.kelly:settle_bet:107 - [Bankroll] LOSS | stake=0.28 | odds=4.75 | bankroll=22.64 | ROI=-97.7%
2026-05-03 22:24:20.713 | INFO     | betting.kelly:settle_bet:107 - [Bankroll] LOSS | stake=0.08 | odds=4.0 | bankroll=22.56 | ROI=-97.7%
2026-05-03 22:24:20.713 | INFO     | betting.kelly:settle_bet:107 - [Bankroll] LOSS | stake=0.33 | odds=3.6 | bankroll=22.23 | ROI=-97.8%
2026-05-03 22:24:20.714 | INFO     | betting.kelly:settle_bet:107 - [Bankroll] LOSS | stake=1.39 | odds=17.0 | bankroll=20.84 | ROI=-97.9%
2026-05-03 22:24:20.714 | INFO     | betting.kelly:settle_bet:107 - [Bankroll] LOSS | stake=0.65 | odds=7.0 | bankroll=20.19 | ROI=-98.0%
2026-05-03 22:24:20.714 | INFO     | betting.kelly:settle_bet:107 - [Bankroll] LOSS | stake=1.25 | odds=3.5 | bankroll=18.94 | ROI=-98.1%
2026-05-03 22:24:20.715 | INFO     | betting.kelly:settle_bet:107 - [Bankroll] LOSS | stake=0.52 | odds=8.5 | bankroll=18.42 | ROI=-98.2%
2026-05-03 22:24:20.715 | INFO     | betting.kelly:settle_bet:107 - [Bankroll] LOSS | stake=0.43 | odds=15.0 | bankroll=17.99 | ROI=-98.2%
2026-05-03 22:24:20.715 | INFO     | betting.kelly:settle_bet:107 - [Bankroll] LOSS | stake=0.07 | odds=4.2 | bankroll=17.92 | ROI=-98.2%
2026-05-03 22:24:20.715 | INFO     | betting.kelly:settle_bet:107 - [Bankroll] LOSS | stake=0.83 | odds=3.5 | bankroll=17.09 | ROI=-98.3%
2026-05-03 22:24:20.715 | INFO     | betting.kelly:settle_bet:107 - [Bankroll] LOSS | stake=0.62 | odds=1.83 | bankroll=16.47 | ROI=-98.4%
2026-05-03 22:24:20.715 | INFO     | betting.kelly:settle_bet:107 - [Bankroll] LOSS | stake=0.42 | odds=7.0 | bankroll=16.05 | ROI=-98.4%
2026-05-03 22:24:20.717 | INFO     | betting.kelly:settle_bet:107 - [Bankroll] LOSS | stake=0.33 | odds=10.0 | bankroll=15.72 | ROI=-98.4%
2026-05-03 22:24:20.717 | INFO     | betting.kelly:settle_bet:107 - [Bankroll] LOSS | stake=0.38 | odds=7.0 | bankroll=15.34 | ROI=-98.5%
2026-05-03 22:24:20.717 | INFO     | betting.kelly:settle_bet:107 - [Bankroll] LOSS | stake=0.34 | odds=11.0 | bankroll=15.00 | ROI=-98.5%
2026-05-03 22:24:20.717 | INFO     | betting.kelly:settle_bet:107 - [Bankroll] WIN | stake=0.16 | odds=5.25 | bankroll=15.66 | ROI=-98.4%
2026-05-03 22:24:20.717 | INFO     | betting.kelly:settle_bet:107 - [Bankroll] LOSS | stake=0.13 | odds=8.0 | bankroll=15.53 | ROI=-98.4%
2026-05-03 22:24:20.717 | INFO     | betting.kelly:settle_bet:107 - [Bankroll] LOSS | stake=0.39 | odds=1.75 | bankroll=15.14 | ROI=-98.5%
2026-05-03 22:24:20.717 | INFO     | betting.kelly:settle_bet:107 - [Bankroll] LOSS | stake=0.46 | odds=2.75 | bankroll=14.68 | ROI=-98.5%
2026-05-03 22:24:20.717 | INFO     | betting.kelly:settle_bet:107 - [Bankroll] LOSS | stake=0.72 | odds=3.0 | bankroll=13.96 | ROI=-98.6%
2026-05-03 22:24:20.717 | INFO     | betting.kelly:settle_bet:107 - [Bankroll] LOSS | stake=0.82 | odds=2.38 | bankroll=13.14 | ROI=-98.7%
2026-05-03 22:24:20.717 | INFO     | betting.kelly:settle_bet:107 - [Bankroll] LOSS | stake=0.18 | odds=4.75 | bankroll=12.96 | ROI=-98.7%
2026-05-03 22:24:20.717 | INFO     | betting.kelly:settle_bet:107 - [Bankroll] LOSS | stake=0.25 | odds=5.75 | bankroll=12.71 | ROI=-98.7%
2026-05-03 22:24:20.717 | INFO     | betting.kelly:settle_bet:107 - [Bankroll] LOSS | stake=0.34 | odds=8.5 | bankroll=12.37 | ROI=-98.8%
2026-05-03 22:24:20.717 | INFO     | betting.kelly:settle_bet:107 - [Bankroll] LOSS | stake=0.71 | odds=4.0 | bankroll=11.66 | ROI=-98.8%
2026-05-03 22:24:20.717 | INFO     | betting.kelly:settle_bet:107 - [Bankroll] LOSS | stake=0.64 | odds=3.6 | bankroll=11.02 | ROI=-98.9%
2026-05-03 22:24:20.717 | INFO     | betting.kelly:settle_bet:107 - [Bankroll] LOSS | stake=0.06 | odds=4.75 | bankroll=10.96 | ROI=-98.9%
2026-05-03 22:24:20.717 | INFO     | betting.kelly:settle_bet:107 - [Bankroll] LOSS | stake=0.47 | odds=6.5 | bankroll=10.49 | ROI=-99.0%
2026-05-03 22:24:20.721 | INFO     | betting.kelly:settle_bet:107 - [Bankroll] LOSS | stake=0.12 | odds=4.75 | bankroll=10.37 | ROI=-99.0%
2026-05-03 22:24:20.721 | INFO     | betting.kelly:settle_bet:107 - [Bankroll] LOSS | stake=0.38 | odds=2.8 | bankroll=9.99 | ROI=-99.0%
2026-05-03 22:24:20.721 | INFO     | betting.kelly:settle_bet:107 - [Bankroll] WIN | stake=0.40 | odds=3.25 | bankroll=10.89 | ROI=-98.9%
2026-05-03 22:24:20.721 | INFO     | betting.kelly:settle_bet:107 - [Bankroll] LOSS | stake=0.10 | odds=3.8 | bankroll=10.79 | ROI=-98.9%
2026-05-03 22:24:20.722 | INFO     | betting.kelly:settle_bet:107 - [Bankroll] LOSS | stake=0.12 | odds=2.45 | bankroll=10.67 | ROI=-98.9%
2026-05-03 22:24:20.722 | INFO     | betting.kelly:settle_bet:107 - [Bankroll] WIN | stake=0.64 | odds=3.5 | bankroll=12.27 | ROI=-98.8%
2026-05-03 22:24:20.722 | INFO     | betting.kelly:settle_bet:107 - [Bankroll] LOSS | stake=0.34 | odds=3.8 | bankroll=11.93 | ROI=-98.8%
2026-05-03 22:24:20.722 | INFO     | betting.kelly:settle_bet:107 - [Bankroll] LOSS | stake=0.52 | odds=17.0 | bankroll=11.41 | ROI=-98.9%
2026-05-03 22:24:20.723 | INFO     | betting.kelly:settle_bet:107 - [Bankroll] LOSS | stake=0.39 | odds=8.0 | bankroll=11.02 | ROI=-98.9%
2026-05-03 22:24:20.723 | INFO     | betting.kelly:settle_bet:107 - [Bankroll] LOSS | stake=0.54 | odds=2.05 | bankroll=10.48 | ROI=-99.0%
2026-05-03 22:24:20.723 | INFO     | betting.kelly:settle_bet:107 - [Bankroll] LOSS | stake=0.22 | odds=4.33 | bankroll=10.26 | ROI=-99.0%
2026-05-03 22:24:20.723 | INFO     | betting.kelly:settle_bet:107 - [Bankroll] LOSS | stake=0.15 | odds=5.0 | bankroll=10.11 | ROI=-99.0%
2026-05-03 22:24:20.723 | INFO     | betting.kelly:settle_bet:107 - [Bankroll] LOSS | stake=0.20 | odds=6.0 | bankroll=9.91 | ROI=-99.0%
2026-05-03 22:24:20.723 | INFO     | betting.kelly:settle_bet:107 - [Bankroll] LOSS | stake=0.47 | odds=4.5 | bankroll=9.44 | ROI=-99.1%
2026-05-03 22:24:20.723 | INFO     | betting.kelly:settle_bet:107 - [Bankroll] WIN | stake=0.05 | odds=4.0 | bankroll=9.58 | ROI=-99.0%
2026-05-03 22:24:20.725 | INFO     | betting.kelly:settle_bet:107 - [Bankroll] LOSS | stake=0.09 | odds=2.0 | bankroll=9.49 | ROI=-99.1%
2026-05-03 22:24:20.725 | INFO     | betting.kelly:settle_bet:107 - [Bankroll] LOSS | stake=0.28 | odds=7.5 | bankroll=9.21 | ROI=-99.1%
2026-05-03 22:24:20.725 | INFO     | betting.kelly:settle_bet:107 - [Bankroll] LOSS | stake=0.26 | odds=12.0 | bankroll=8.95 | ROI=-99.1%
2026-05-03 22:24:20.725 | INFO     | betting.kelly:settle_bet:107 - [Bankroll] LOSS | stake=0.34 | odds=2.2 | bankroll=8.61 | ROI=-99.1%
2026-05-03 22:24:20.725 | INFO     | betting.kelly:settle_bet:107 - [Bankroll] LOSS | stake=0.06 | odds=3.4 | bankroll=8.55 | ROI=-99.1%
2026-05-03 22:24:20.725 | INFO     | betting.kelly:settle_bet:107 - [Bankroll] LOSS | stake=0.21 | odds=8.0 | bankroll=8.34 | ROI=-99.2%
2026-05-03 22:24:20.725 | INFO     | betting.kelly:settle_bet:107 - [Bankroll] LOSS | stake=0.09 | odds=11.0 | bankroll=8.25 | ROI=-99.2%
2026-05-03 22:24:20.725 | INFO     | betting.kelly:settle_bet:107 - [Bankroll] LOSS | stake=0.47 | odds=3.0 | bankroll=7.78 | ROI=-99.2%
2026-05-03 22:24:20.725 | INFO     | betting.kelly:settle_bet:107 - [Bankroll] WIN | stake=0.04 | odds=5.25 | bankroll=7.96 | ROI=-99.2%
2026-05-03 22:24:20.725 | INFO     | betting.kelly:settle_bet:107 - [Bankroll] LOSS | stake=0.50 | odds=2.88 | bankroll=7.46 | ROI=-99.3%
2026-05-03 22:24:20.725 | INFO     | betting.kelly:settle_bet:107 - [Bankroll] WIN | stake=0.12 | odds=6.0 | bankroll=8.05 | ROI=-99.2%
2026-05-03 22:24:20.725 | INFO     | betting.kelly:settle_bet:107 - [Bankroll] LOSS | stake=0.16 | odds=9.5 | bankroll=7.89 | ROI=-99.2%
2026-05-03 22:24:20.725 | INFO     | betting.kelly:settle_bet:107 - [Bankroll] WIN | stake=0.49 | odds=1.83 | bankroll=8.29 | ROI=-99.2%
2026-05-03 22:24:20.725 | INFO     | betting.kelly:settle_bet:107 - [Bankroll] LOSS | stake=0.12 | odds=5.75 | bankroll=8.17 | ROI=-99.2%
2026-05-03 22:24:20.725 | INFO     | betting.kelly:settle_bet:107 - [Bankroll] LOSS | stake=0.10 | odds=4.5 | bankroll=8.07 | ROI=-99.2%
2026-05-03 22:24:20.729 | INFO     | betting.kelly:settle_bet:107 - [Bankroll] WIN | stake=0.10 | odds=6.0 | bankroll=8.57 | ROI=-99.1%
2026-05-03 22:24:20.729 | INFO     | betting.kelly:settle_bet:107 - [Bankroll] LOSS | stake=0.06 | odds=10.0 | bankroll=8.51 | ROI=-99.1%
2026-05-03 22:24:20.729 | INFO     | betting.kelly:settle_bet:107 - [Bankroll] LOSS | stake=0.12 | odds=5.5 | bankroll=8.39 | ROI=-99.2%
2026-05-03 22:24:20.729 | INFO     | betting.kelly:settle_bet:107 - [Bankroll] LOSS | stake=0.07 | odds=7.5 | bankroll=8.32 | ROI=-99.2%
2026-05-03 22:24:20.729 | INFO     | betting.kelly:settle_bet:107 - [Bankroll] LOSS | stake=0.31 | odds=2.45 | bankroll=8.01 | ROI=-99.2%
2026-05-03 22:24:20.729 | INFO     | betting.kelly:settle_bet:107 - [Bankroll] WIN | stake=0.08 | odds=2.7 | bankroll=8.14 | ROI=-99.2%
2026-05-03 22:24:20.729 | INFO     | betting.kelly:settle_bet:107 - [Bankroll] LOSS | stake=0.03 | odds=3.3 | bankroll=8.11 | ROI=-99.2%
2026-05-03 22:24:20.729 | INFO     | betting.kelly:settle_bet:107 - [Bankroll] LOSS | stake=0.08 | odds=3.5 | bankroll=8.03 | ROI=-99.2%
2026-05-03 22:24:20.729 | INFO     | betting.kelly:settle_bet:107 - [Bankroll] LOSS | stake=0.26 | odds=10.0 | bankroll=7.77 | ROI=-99.2%
2026-05-03 22:24:20.729 | INFO     | betting.kelly:settle_bet:107 - [Bankroll] LOSS | stake=0.18 | odds=19.0 | bankroll=7.59 | ROI=-99.2%
2026-05-03 22:24:20.729 | INFO     | betting.kelly:settle_bet:107 - [Bankroll] LOSS | stake=0.22 | odds=2.38 | bankroll=7.37 | ROI=-99.3%
2026-05-03 22:24:20.729 | INFO     | betting.kelly:settle_bet:107 - [Bankroll] LOSS | stake=0.11 | odds=6.0 | bankroll=7.26 | ROI=-99.3%
2026-05-03 22:24:20.729 | INFO     | betting.kelly:settle_bet:107 - [Bankroll] LOSS | stake=0.03 | odds=8.0 | bankroll=7.23 | ROI=-99.3%
2026-05-03 22:24:20.729 | INFO     | betting.kelly:settle_bet:107 - [Bankroll] LOSS | stake=0.25 | odds=12.0 | bankroll=6.98 | ROI=-99.3%
2026-05-03 22:24:20.732 | INFO     | betting.kelly:settle_bet:107 - [Bankroll] LOSS | stake=0.16 | odds=21.0 | bankroll=6.82 | ROI=-99.3%
2026-05-03 22:24:20.732 | INFO     | betting.kelly:settle_bet:107 - [Bankroll] WIN | stake=0.29 | odds=2.0 | bankroll=7.11 | ROI=-99.3%
2026-05-03 22:24:20.732 | INFO     | betting.kelly:settle_bet:107 - [Bankroll] LOSS | stake=0.21 | odds=4.5 | bankroll=6.90 | ROI=-99.3%
2026-05-03 22:24:20.732 | INFO     | betting.kelly:settle_bet:107 - [Bankroll] LOSS | stake=0.43 | odds=2.5 | bankroll=6.47 | ROI=-99.4%
2026-05-03 22:24:20.733 | INFO     | betting.kelly:settle_bet:107 - [Bankroll] LOSS | stake=0.05 | odds=5.25 | bankroll=6.42 | ROI=-99.4%
2026-05-03 22:24:20.733 | INFO     | betting.kelly:settle_bet:107 - [Bankroll] WIN | stake=0.23 | odds=3.75 | bankroll=7.06 | ROI=-99.3%
2026-05-03 22:24:20.733 | INFO     | betting.kelly:settle_bet:107 - [Bankroll] LOSS | stake=0.18 | odds=5.75 | bankroll=6.88 | ROI=-99.3%
2026-05-03 22:24:20.733 | INFO     | betting.kelly:settle_bet:107 - [Bankroll] LOSS | stake=0.02 | odds=4.33 | bankroll=6.86 | ROI=-99.3%
2026-05-03 22:24:20.733 | INFO     | betting.kelly:settle_bet:107 - [Bankroll] WIN | stake=0.27 | odds=6.5 | bankroll=8.35 | ROI=-99.2%
2026-05-03 22:24:20.733 | INFO     | betting.kelly:settle_bet:107 - [Bankroll] LOSS | stake=0.20 | odds=6.0 | bankroll=8.15 | ROI=-99.2%
2026-05-03 22:24:20.734 | INFO     | betting.kelly:settle_bet:107 - [Bankroll] LOSS | stake=0.06 | odds=5.0 | bankroll=8.09 | ROI=-99.2%
2026-05-03 22:24:20.734 | INFO     | betting.kelly:settle_bet:107 - [Bankroll] LOSS | stake=0.09 | odds=7.5 | bankroll=8.00 | ROI=-99.2%
2026-05-03 22:24:20.734 | INFO     | betting.kelly:settle_bet:107 - [Bankroll] LOSS | stake=0.30 | odds=2.25 | bankroll=7.70 | ROI=-99.2%
2026-05-03 22:24:20.734 | INFO     | betting.kelly:settle_bet:107 - [Bankroll] LOSS | stake=0.08 | odds=4.75 | bankroll=7.62 | ROI=-99.2%
2026-05-03 22:24:20.735 | INFO     | betting.kelly:settle_bet:107 - [Bankroll] LOSS | stake=0.02 | odds=4.33 | bankroll=7.60 | ROI=-99.2%
2026-05-03 22:24:20.735 | INFO     | betting.kelly:settle_bet:107 - [Bankroll] WIN | stake=0.47 | odds=2.25 | bankroll=8.19 | ROI=-99.2%
2026-05-03 22:24:20.735 | INFO     | betting.kelly:settle_bet:107 - [Bankroll] LOSS | stake=0.51 | odds=9.5 | bankroll=7.68 | ROI=-99.2%
2026-05-03 22:24:20.735 | INFO     | betting.kelly:settle_bet:107 - [Bankroll] LOSS | stake=0.14 | odds=5.25 | bankroll=7.54 | ROI=-99.2%
2026-05-03 22:24:20.735 | INFO     | betting.kelly:settle_bet:107 - [Bankroll] WIN | stake=0.23 | odds=2.2 | bankroll=7.81 | ROI=-99.2%
2026-05-03 22:24:20.735 | INFO     | betting.kelly:settle_bet:107 - [Bankroll] LOSS | stake=0.44 | odds=4.75 | bankroll=7.37 | ROI=-99.3%
2026-05-03 22:24:20.735 | INFO     | betting.kelly:settle_bet:107 - [Bankroll] WIN | stake=0.05 | odds=4.5 | bankroll=7.53 | ROI=-99.2%
2026-05-03 22:24:20.735 | INFO     | betting.kelly:settle_bet:107 - [Bankroll] LOSS | stake=0.32 | odds=7.0 | bankroll=7.21 | ROI=-99.3%
2026-05-03 22:24:20.735 | INFO     | betting.kelly:settle_bet:107 - [Bankroll] WIN | stake=0.12 | odds=5.25 | bankroll=7.72 | ROI=-99.2%
2026-05-03 22:24:20.735 | INFO     | betting.kelly:settle_bet:107 - [Bankroll] LOSS | stake=0.09 | odds=5.5 | bankroll=7.63 | ROI=-99.2%
2026-05-03 22:24:20.735 | INFO     | betting.kelly:settle_bet:107 - [Bankroll] LOSS | stake=0.48 | odds=3.4 | bankroll=7.15 | ROI=-99.3%
2026-05-03 22:24:20.738 | INFO     | betting.kelly:settle_bet:107 - [Bankroll] LOSS | stake=0.03 | odds=5.0 | bankroll=7.12 | ROI=-99.3%
2026-05-03 22:24:20.738 | INFO     | betting.kelly:settle_bet:107 - [Bankroll] LOSS | stake=0.01 | odds=8.0 | bankroll=7.11 | ROI=-99.3%
2026-05-03 22:24:20.738 | INFO     | betting.kelly:settle_bet:107 - [Bankroll] LOSS | stake=0.15 | odds=2.1 | bankroll=6.96 | ROI=-99.3%
2026-05-03 22:24:20.738 | INFO     | betting.kelly:settle_bet:107 - [Bankroll] LOSS | stake=0.26 | odds=3.25 | bankroll=6.70 | ROI=-99.3%
2026-05-03 22:24:20.739 | INFO     | betting.kelly:settle_bet:107 - [Bankroll] LOSS | stake=0.02 | odds=4.0 | bankroll=6.68 | ROI=-99.3%
2026-05-03 22:24:20.739 | INFO     | betting.kelly:settle_bet:107 - [Bankroll] LOSS | stake=0.03 | odds=5.0 | bankroll=6.65 | ROI=-99.3%
2026-05-03 22:24:20.739 | INFO     | betting.kelly:settle_bet:107 - [Bankroll] LOSS | stake=0.22 | odds=11.0 | bankroll=6.43 | ROI=-99.4%
2026-05-03 22:24:20.739 | INFO     | betting.kelly:settle_bet:107 - [Bankroll] LOSS | stake=0.13 | odds=19.0 | bankroll=6.30 | ROI=-99.4%
2026-05-03 22:24:20.740 | INFO     | betting.kelly:settle_bet:107 - [Bankroll] LOSS | stake=0.15 | odds=7.5 | bankroll=6.15 | ROI=-99.4%
2026-05-03 22:24:20.740 | INFO     | betting.kelly:settle_bet:107 - [Bankroll] LOSS | stake=0.08 | odds=11.0 | bankroll=6.07 | ROI=-99.4%
2026-05-03 22:24:20.740 | INFO     | betting.kelly:settle_bet:107 - [Bankroll] LOSS | stake=0.38 | odds=3.5 | bankroll=5.69 | ROI=-99.4%
2026-05-03 22:24:20.740 | INFO     | betting.kelly:settle_bet:107 - [Bankroll] WIN | stake=0.36 | odds=2.7 | bankroll=6.29 | ROI=-99.4%
2026-05-03 22:24:20.741 | INFO     | betting.kelly:settle_bet:107 - [Bankroll] WIN | stake=0.04 | odds=2.8 | bankroll=6.37 | ROI=-99.4%
2026-05-03 22:24:20.741 | INFO     | betting.kelly:settle_bet:107 - [Bankroll] LOSS | stake=0.08 | odds=5.75 | bankroll=6.29 | ROI=-99.4%
2026-05-03 22:24:20.741 | INFO     | betting.kelly:settle_bet:107 - [Bankroll] WIN | stake=0.07 | odds=10.0 | bankroll=6.88 | ROI=-99.3%
2026-05-03 22:24:20.741 | INFO     | betting.kelly:settle_bet:107 - [Bankroll] LOSS | stake=0.14 | odds=4.0 | bankroll=6.74 | ROI=-99.3%
2026-05-03 22:24:20.741 | INFO     | betting.kelly:settle_bet:107 - [Bankroll] LOSS | stake=0.15 | odds=7.0 | bankroll=6.59 | ROI=-99.3%
2026-05-03 22:24:20.741 | INFO     | betting.kelly:settle_bet:107 - [Bankroll] LOSS | stake=0.13 | odds=13.0 | bankroll=6.46 | ROI=-99.4%
2026-05-03 22:24:20.741 | INFO     | betting.kelly:settle_bet:107 - [Bankroll] LOSS | stake=0.17 | odds=7.0 | bankroll=6.29 | ROI=-99.4%
2026-05-03 22:24:20.741 | INFO     | betting.kelly:settle_bet:107 - [Bankroll] WIN | stake=0.20 | odds=12.0 | bankroll=8.47 | ROI=-99.2%
2026-05-03 22:24:20.741 | INFO     | betting.kelly:settle_bet:107 - [Bankroll] WIN | stake=0.23 | odds=1.7 | bankroll=8.63 | ROI=-99.1%
2026-05-03 22:24:20.741 | INFO     | betting.kelly:settle_bet:107 - [Bankroll] LOSS | stake=0.54 | odds=2.75 | bankroll=8.09 | ROI=-99.2%
2026-05-03 22:24:20.741 | INFO     | betting.kelly:settle_bet:107 - [Bankroll] LOSS | stake=0.43 | odds=8.5 | bankroll=7.66 | ROI=-99.2%
2026-05-03 22:24:20.741 | INFO     | betting.kelly:settle_bet:107 - [Bankroll] LOSS | stake=0.08 | odds=4.5 | bankroll=7.58 | ROI=-99.2%
2026-05-03 22:24:20.741 | INFO     | betting.kelly:settle_bet:107 - [Bankroll] LOSS | stake=0.47 | odds=5.75 | bankroll=7.11 | ROI=-99.3%
2026-05-03 22:24:20.741 | INFO     | betting.kelly:settle_bet:107 - [Bankroll] LOSS | stake=0.14 | odds=5.25 | bankroll=6.97 | ROI=-99.3%
2026-05-03 22:24:20.741 | INFO     | betting.kelly:settle_bet:107 - [Bankroll] LOSS | stake=0.30 | odds=3.1 | bankroll=6.67 | ROI=-99.3%
2026-05-03 22:24:20.741 | INFO     | betting.kelly:settle_bet:107 - [Bankroll] LOSS | stake=0.17 | odds=4.75 | bankroll=6.50 | ROI=-99.4%
2026-05-03 22:24:20.741 | INFO     | betting.kelly:settle_bet:107 - [Bankroll] LOSS | stake=0.05 | odds=4.5 | bankroll=6.45 | ROI=-99.4%
2026-05-03 22:24:20.741 | INFO     | betting.kelly:settle_bet:107 - [Bankroll] WIN | stake=0.16 | odds=4.75 | bankroll=7.05 | ROI=-99.3%
2026-05-03 22:24:20.741 | INFO     | betting.kelly:settle_bet:107 - [Bankroll] LOSS | stake=0.07 | odds=4.75 | bankroll=6.98 | ROI=-99.3%
2026-05-03 22:24:20.741 | INFO     | betting.kelly:settle_bet:107 - [Bankroll] WIN | stake=0.29 | odds=1.85 | bankroll=7.23 | ROI=-99.3%
2026-05-03 22:24:20.741 | INFO     | betting.kelly:settle_bet:107 - [Bankroll] LOSS | stake=0.11 | odds=2.6 | bankroll=7.12 | ROI=-99.3%
2026-05-03 22:24:20.741 | INFO     | betting.kelly:settle_bet:107 - [Bankroll] LOSS | stake=0.29 | odds=5.25 | bankroll=6.83 | ROI=-99.3%
2026-05-03 22:24:20.746 | INFO     | betting.kelly:settle_bet:107 - [Bankroll] LOSS | stake=0.05 | odds=4.5 | bankroll=6.78 | ROI=-99.3%
2026-05-03 22:24:20.746 | INFO     | betting.kelly:settle_bet:107 - [Bankroll] WIN | stake=0.42 | odds=2.1 | bankroll=7.25 | ROI=-99.3%
2026-05-03 22:24:20.746 | INFO     | betting.kelly:settle_bet:107 - [Bankroll] WIN | stake=0.22 | odds=2.05 | bankroll=7.48 | ROI=-99.3%
2026-05-03 22:24:20.746 | INFO     | betting.kelly:settle_bet:107 - [Bankroll] LOSS | stake=0.04 | odds=2.55 | bankroll=7.44 | ROI=-99.3%
2026-05-03 22:24:20.746 | INFO     | betting.kelly:settle_bet:107 - [Bankroll] LOSS | stake=0.04 | odds=5.0 | bankroll=7.40 | ROI=-99.3%
2026-05-03 22:24:20.747 | INFO     | betting.kelly:settle_bet:107 - [Bankroll] WIN | stake=0.46 | odds=7.0 | bankroll=10.18 | ROI=-99.0%
2026-05-03 22:24:20.747 | INFO     | betting.kelly:settle_bet:107 - [Bankroll] LOSS | stake=0.19 | odds=5.0 | bankroll=9.99 | ROI=-99.0%
2026-05-03 22:24:20.747 | INFO     | betting.kelly:settle_bet:107 - [Bankroll] WIN | stake=0.40 | odds=2.75 | bankroll=10.69 | ROI=-98.9%
2026-05-03 22:24:20.747 | INFO     | betting.kelly:settle_bet:107 - [Bankroll] LOSS | stake=0.20 | odds=6.5 | bankroll=10.49 | ROI=-99.0%
2026-05-03 22:24:20.747 | INFO     | betting.kelly:settle_bet:107 - [Bankroll] LOSS | stake=0.02 | odds=7.5 | bankroll=10.47 | ROI=-99.0%
2026-05-03 22:24:20.747 | INFO     | betting.kelly:settle_bet:107 - [Bankroll] LOSS | stake=0.26 | odds=6.5 | bankroll=10.21 | ROI=-99.0%
2026-05-03 22:24:20.747 | INFO     | betting.kelly:settle_bet:107 - [Bankroll] LOSS | stake=0.12 | odds=5.0 | bankroll=10.09 | ROI=-99.0%
2026-05-03 22:24:20.749 | INFO     | betting.kelly:settle_bet:107 - [Bankroll] LOSS | stake=0.08 | odds=2.9 | bankroll=10.01 | ROI=-99.0%
2026-05-03 22:24:20.749 | INFO     | betting.kelly:settle_bet:107 - [Bankroll] LOSS | stake=0.17 | odds=3.5 | bankroll=9.84 | ROI=-99.0%
2026-05-03 22:24:20.749 | INFO     | betting.kelly:settle_bet:107 - [Bankroll] WIN | stake=0.37 | odds=2.3 | bankroll=10.32 | ROI=-99.0%
2026-05-03 22:24:20.749 | INFO     | betting.kelly:settle_bet:107 - [Bankroll] LOSS | stake=0.49 | odds=1.75 | bankroll=9.83 | ROI=-99.0%
2026-05-03 22:24:20.749 | INFO     | betting.kelly:settle_bet:107 - [Bankroll] WIN | stake=0.34 | odds=1.95 | bankroll=10.15 | ROI=-99.0%
2026-05-03 22:24:20.750 | INFO     | betting.kelly:settle_bet:107 - [Bankroll] LOSS | stake=0.55 | odds=5.5 | bankroll=9.60 | ROI=-99.0%
2026-05-03 22:24:20.750 | INFO     | betting.kelly:settle_bet:107 - [Bankroll] WIN | stake=0.14 | odds=5.0 | bankroll=10.16 | ROI=-99.0%
2026-05-03 22:24:20.750 | INFO     | betting.kelly:settle_bet:107 - [Bankroll] LOSS | stake=0.18 | odds=4.5 | bankroll=9.98 | ROI=-99.0%
2026-05-03 22:24:20.750 | INFO     | betting.kelly:settle_bet:107 - [Bankroll] WIN | stake=0.08 | odds=4.0 | bankroll=10.21 | ROI=-99.0%
2026-05-03 22:24:20.750 | INFO     | betting.kelly:settle_bet:107 - [Bankroll] LOSS | stake=0.20 | odds=7.0 | bankroll=10.01 | ROI=-99.0%
2026-05-03 22:24:20.750 | INFO     | betting.kelly:settle_bet:107 - [Bankroll] LOSS | stake=0.11 | odds=11.0 | bankroll=9.90 | ROI=-99.0%
2026-05-03 22:24:20.750 | INFO     | betting.kelly:settle_bet:107 - [Bankroll] LOSS | stake=0.10 | odds=5.25 | bankroll=9.80 | ROI=-99.0%
2026-05-03 22:24:20.750 | INFO     | betting.kelly:settle_bet:107 - [Bankroll] LOSS | stake=0.03 | odds=7.0 | bankroll=9.77 | ROI=-99.0%
2026-05-03 22:24:20.750 | INFO     | betting.kelly:settle_bet:107 - [Bankroll] LOSS | stake=0.12 | odds=2.3 | bankroll=9.65 | ROI=-99.0%
2026-05-03 22:24:20.750 | INFO     | betting.kelly:settle_bet:107 - [Bankroll] WIN | stake=0.10 | odds=4.75 | bankroll=10.01 | ROI=-99.0%
2026-05-03 22:24:20.750 | INFO     | betting.kelly:settle_bet:107 - [Bankroll] LOSS | stake=0.03 | odds=5.5 | bankroll=9.98 | ROI=-99.0%
2026-05-03 22:24:20.753 | INFO     | betting.kelly:settle_bet:107 - [Bankroll] LOSS | stake=0.35 | odds=3.0 | bankroll=9.63 | ROI=-99.0%
2026-05-03 22:24:20.753 | INFO     | betting.kelly:settle_bet:107 - [Bankroll] LOSS | stake=0.16 | odds=3.3 | bankroll=9.47 | ROI=-99.1%
2026-05-03 22:24:20.753 | INFO     | betting.kelly:settle_bet:107 - [Bankroll] WIN | stake=0.21 | odds=2.25 | bankroll=9.73 | ROI=-99.0%
2026-05-03 22:24:20.753 | INFO     | betting.kelly:settle_bet:107 - [Bankroll] LOSS | stake=0.41 | odds=8.0 | bankroll=9.32 | ROI=-99.1%
2026-05-03 22:24:20.753 | INFO     | betting.kelly:settle_bet:107 - [Bankroll] LOSS | stake=0.20 | odds=6.0 | bankroll=9.12 | ROI=-99.1%
2026-05-03 22:24:20.753 | INFO     | betting.kelly:settle_bet:107 - [Bankroll] LOSS | stake=0.21 | odds=4.2 | bankroll=8.91 | ROI=-99.1%
2026-05-03 22:24:20.753 | INFO     | betting.kelly:settle_bet:107 - [Bankroll] LOSS | stake=0.04 | odds=4.2 | bankroll=8.87 | ROI=-99.1%
2026-05-03 22:24:20.753 | INFO     | betting.kelly:settle_bet:107 - [Bankroll] LOSS | stake=0.06 | odds=6.0 | bankroll=8.81 | ROI=-99.1%
2026-05-03 22:24:20.753 | INFO     | betting.kelly:settle_bet:107 - [Bankroll] WIN | stake=0.55 | odds=2.15 | bankroll=9.44 | ROI=-99.1%
2026-05-03 22:24:20.753 | INFO     | betting.kelly:settle_bet:107 - [Bankroll] LOSS | stake=0.23 | odds=5.25 | bankroll=9.21 | ROI=-99.1%
2026-05-03 22:24:20.753 | INFO     | betting.kelly:settle_bet:107 - [Bankroll] WIN | stake=0.12 | odds=5.0 | bankroll=9.69 | ROI=-99.0%
2026-05-03 22:24:20.753 | INFO     | betting.kelly:settle_bet:107 - [Bankroll] LOSS | stake=0.46 | odds=2.55 | bankroll=9.23 | ROI=-99.1%
2026-05-03 22:24:20.753 | INFO     | betting.kelly:settle_bet:107 - [Bankroll] LOSS | stake=0.58 | odds=4.75 | bankroll=8.65 | ROI=-99.1%
2026-05-03 22:24:20.753 | INFO     | betting.kelly:settle_bet:107 - [Bankroll] LOSS | stake=0.03 | odds=4.2 | bankroll=8.62 | ROI=-99.1%
2026-05-03 22:24:20.753 | INFO     | betting.kelly:settle_bet:107 - [Bankroll] LOSS | stake=0.20 | odds=7.5 | bankroll=8.42 | ROI=-99.2%
2026-05-03 22:24:20.757 | INFO     | betting.kelly:settle_bet:107 - [Bankroll] LOSS | stake=0.09 | odds=11.0 | bankroll=8.33 | ROI=-99.2%
2026-05-03 22:24:20.757 | INFO     | betting.kelly:settle_bet:107 - [Bankroll] LOSS | stake=0.52 | odds=2.1 | bankroll=7.81 | ROI=-99.2%
2026-05-03 22:24:20.757 | INFO     | betting.kelly:settle_bet:107 - [Bankroll] LOSS | stake=0.31 | odds=3.4 | bankroll=7.50 | ROI=-99.2%
2026-05-03 22:24:20.757 | INFO     | betting.kelly:settle_bet:107 - [Bankroll] LOSS | stake=0.36 | odds=2.3 | bankroll=7.14 | ROI=-99.3%
2026-05-03 22:24:20.758 | INFO     | betting.kelly:settle_bet:107 - [Bankroll] LOSS | stake=0.07 | odds=5.0 | bankroll=7.07 | ROI=-99.3%
2026-05-03 22:24:20.758 | INFO     | betting.kelly:settle_bet:107 - [Bankroll] LOSS | stake=0.16 | odds=8.0 | bankroll=6.91 | ROI=-99.3%
2026-05-03 22:24:20.758 | INFO     | betting.kelly:settle_bet:107 - [Bankroll] LOSS | stake=0.31 | odds=2.25 | bankroll=6.60 | ROI=-99.3%
2026-05-03 22:24:20.758 | INFO     | betting.kelly:settle_bet:107 - [Bankroll] LOSS | stake=0.24 | odds=12.0 | bankroll=6.36 | ROI=-99.4%
2026-05-03 22:24:20.758 | INFO     | betting.kelly:settle_bet:107 - [Bankroll] LOSS | stake=0.15 | odds=21.0 | bankroll=6.21 | ROI=-99.4%
2026-05-03 22:24:20.759 | INFO     | betting.kelly:settle_bet:107 - [Bankroll] WIN | stake=0.36 | odds=1.85 | bankroll=6.52 | ROI=-99.3%
2026-05-03 22:24:20.759 | INFO     | betting.kelly:settle_bet:107 - [Bankroll] WIN | stake=0.14 | odds=2.2 | bankroll=6.68 | ROI=-99.3%
2026-05-03 22:24:20.759 | INFO     | betting.kelly:settle_bet:107 - [Bankroll] LOSS | stake=0.42 | odds=3.0 | bankroll=6.26 | ROI=-99.4%
2026-05-03 22:24:20.759 | INFO     | betting.kelly:settle_bet:107 - [Bankroll] LOSS | stake=0.13 | odds=5.75 | bankroll=6.13 | ROI=-99.4%
2026-05-03 22:24:20.759 | INFO     | betting.kelly:settle_bet:107 - [Bankroll] LOSS | stake=0.12 | odds=5.0 | bankroll=6.01 | ROI=-99.4%
2026-05-03 22:24:20.759 | INFO     | betting.kelly:settle_bet:107 - [Bankroll] WIN | stake=0.24 | odds=1.65 | bankroll=6.16 | ROI=-99.4%
2026-05-03 22:24:20.759 | INFO     | betting.kelly:settle_bet:107 - [Bankroll] WIN | stake=0.39 | odds=2.75 | bankroll=6.83 | ROI=-99.3%
2026-05-03 22:24:20.759 | INFO     | betting.kelly:settle_bet:107 - [Bankroll] WIN | stake=0.21 | odds=2.38 | bankroll=7.12 | ROI=-99.3%
2026-05-03 22:24:20.759 | INFO     | betting.kelly:settle_bet:107 - [Bankroll] LOSS | stake=0.04 | odds=4.0 | bankroll=7.08 | ROI=-99.3%
2026-05-03 22:24:20.759 | INFO     | betting.kelly:settle_bet:107 - [Bankroll] LOSS | stake=0.04 | odds=4.2 | bankroll=7.04 | ROI=-99.3%
2026-05-03 22:24:20.759 | INFO     | betting.kelly:settle_bet:107 - [Bankroll] LOSS | stake=0.14 | odds=3.8 | bankroll=6.90 | ROI=-99.3%
2026-05-03 22:24:20.759 | INFO     | betting.kelly:settle_bet:107 - [Bankroll] LOSS | stake=0.30 | odds=13.0 | bankroll=6.60 | ROI=-99.3%
2026-05-03 22:24:20.759 | INFO     | betting.kelly:settle_bet:107 - [Bankroll] LOSS | stake=0.18 | odds=7.0 | bankroll=6.42 | ROI=-99.4%
2026-05-03 22:24:20.762 | INFO     | betting.kelly:settle_bet:107 - [Bankroll] LOSS | stake=0.13 | odds=3.4 | bankroll=6.29 | ROI=-99.4%
2026-05-03 22:24:20.762 | INFO     | betting.kelly:settle_bet:107 - [Bankroll] LOSS | stake=0.09 | odds=3.1 | bankroll=6.20 | ROI=-99.4%
2026-05-03 22:24:20.762 | INFO     | betting.kelly:settle_bet:107 - [Bankroll] WIN | stake=0.39 | odds=2.8 | bankroll=6.90 | ROI=-99.3%
2026-05-03 22:24:20.762 | INFO     | betting.kelly:settle_bet:107 - [Bankroll] WIN | stake=0.12 | odds=6.5 | bankroll=7.56 | ROI=-99.2%
2026-05-03 22:24:20.762 | INFO     | betting.kelly:settle_bet:107 - [Bankroll] LOSS | stake=0.01 | odds=8.0 | bankroll=7.55 | ROI=-99.2%
2026-05-03 22:24:20.763 | INFO     | betting.kelly:settle_bet:107 - [Bankroll] LOSS | stake=0.13 | odds=5.75 | bankroll=7.42 | ROI=-99.3%
2026-05-03 22:24:20.763 | INFO     | betting.kelly:settle_bet:107 - [Bankroll] LOSS | stake=0.04 | odds=7.0 | bankroll=7.38 | ROI=-99.3%
2026-05-03 22:24:20.763 | INFO     | betting.kelly:settle_bet:107 - [Bankroll] LOSS | stake=0.05 | odds=4.8 | bankroll=7.33 | ROI=-99.3%
2026-05-03 22:24:20.763 | INFO     | betting.kelly:settle_bet:107 - [Bankroll] LOSS | stake=0.07 | odds=7.5 | bankroll=7.26 | ROI=-99.3%
2026-05-03 22:24:20.764 | INFO     | betting.kelly:settle_bet:107 - [Bankroll] WIN | stake=0.04 | odds=3.5 | bankroll=7.35 | ROI=-99.3%
2026-05-03 22:24:20.764 | INFO     | betting.kelly:settle_bet:107 - [Bankroll] WIN | stake=0.03 | odds=4.0 | bankroll=7.43 | ROI=-99.3%
2026-05-03 22:24:20.764 | INFO     | betting.kelly:settle_bet:107 - [Bankroll] LOSS | stake=0.34 | odds=4.5 | bankroll=7.09 | ROI=-99.3%
2026-05-03 22:24:20.764 | INFO     | betting.kelly:settle_bet:107 - [Bankroll] LOSS | stake=0.44 | odds=2.88 | bankroll=6.65 | ROI=-99.3%
2026-05-03 22:24:20.765 | INFO     | betting.kelly:settle_bet:107 - [Bankroll] LOSS | stake=0.18 | odds=2.45 | bankroll=6.47 | ROI=-99.4%
2026-05-03 22:24:20.765 | INFO     | betting.kelly:settle_bet:107 - [Bankroll] LOSS | stake=0.19 | odds=7.0 | bankroll=6.28 | ROI=-99.4%
2026-05-03 22:24:20.765 | INFO     | betting.kelly:settle_bet:107 - [Bankroll] LOSS | stake=0.12 | odds=5.5 | bankroll=6.16 | ROI=-99.4%
2026-05-03 22:24:20.765 | INFO     | betting.kelly:settle_bet:107 - [Bankroll] LOSS | stake=0.39 | odds=4.75 | bankroll=5.78 | ROI=-99.4%
2026-05-03 22:24:20.765 | INFO     | betting.kelly:settle_bet:107 - [Bankroll] LOSS | stake=0.04 | odds=4.5 | bankroll=5.74 | ROI=-99.4%
2026-05-03 22:24:20.765 | INFO     | betting.kelly:settle_bet:107 - [Bankroll] LOSS | stake=0.08 | odds=6.0 | bankroll=5.66 | ROI=-99.4%
2026-05-03 22:24:20.765 | INFO     | betting.kelly:settle_bet:107 - [Bankroll] LOSS | stake=0.23 | odds=4.2 | bankroll=5.43 | ROI=-99.5%
2026-05-03 22:24:20.765 | INFO     | betting.kelly:settle_bet:107 - [Bankroll] LOSS | stake=0.34 | odds=4.2 | bankroll=5.09 | ROI=-99.5%
2026-05-03 22:24:20.765 | INFO     | betting.kelly:settle_bet:107 - [Bankroll] WIN | stake=0.04 | odds=4.33 | bankroll=5.21 | ROI=-99.5%
2026-05-03 22:24:20.765 | INFO     | betting.kelly:settle_bet:107 - [Bankroll] LOSS | stake=0.19 | odds=6.5 | bankroll=5.02 | ROI=-99.5%
2026-05-03 22:24:20.765 | INFO     | betting.kelly:settle_bet:107 - [Bankroll] LOSS | stake=0.11 | odds=6.0 | bankroll=4.91 | ROI=-99.5%
2026-05-03 22:24:20.765 | INFO     | betting.kelly:settle_bet:107 - [Bankroll] LOSS | stake=0.03 | odds=3.3 | bankroll=4.88 | ROI=-99.5%
2026-05-03 22:24:20.765 | INFO     | betting.kelly:settle_bet:107 - [Bankroll] LOSS | stake=0.08 | odds=6.25 | bankroll=4.80 | ROI=-99.5%
2026-05-03 22:24:20.765 | INFO     | betting.kelly:settle_bet:107 - [Bankroll] LOSS | stake=0.02 | odds=8.5 | bankroll=4.78 | ROI=-99.5%
2026-05-03 22:24:20.765 | INFO     | betting.kelly:settle_bet:107 - [Bankroll] LOSS | stake=0.04 | odds=4.5 | bankroll=4.74 | ROI=-99.5%
2026-05-03 22:24:20.765 | INFO     | betting.kelly:settle_bet:107 - [Bankroll] LOSS | stake=0.06 | odds=6.0 | bankroll=4.68 | ROI=-99.5%
2026-05-03 22:24:20.765 | INFO     | betting.kelly:settle_bet:107 - [Bankroll] LOSS | stake=0.02 | odds=9.0 | bankroll=4.66 | ROI=-99.5%
2026-05-03 22:24:20.765 | INFO     | betting.kelly:settle_bet:107 - [Bankroll] LOSS | stake=0.13 | odds=8.5 | bankroll=4.53 | ROI=-99.5%
2026-05-03 22:24:20.765 | INFO     | betting.kelly:settle_bet:107 - [Bankroll] LOSS | stake=0.15 | odds=13.0 | bankroll=4.38 | ROI=-99.6%
2026-05-03 22:24:20.765 | INFO     | betting.kelly:settle_bet:107 - [Bankroll] WIN | stake=0.27 | odds=2.3 | bankroll=4.73 | ROI=-99.5%
2026-05-03 22:24:20.765 | INFO     | betting.kelly:settle_bet:107 - [Bankroll] WIN | stake=0.17 | odds=2.38 | bankroll=4.96 | ROI=-99.5%
2026-05-03 22:24:20.765 | INFO     | betting.kelly:settle_bet:107 - [Bankroll] LOSS | stake=0.14 | odds=3.2 | bankroll=4.82 | ROI=-99.5%
2026-05-03 22:24:20.765 | INFO     | betting.kelly:settle_bet:107 - [Bankroll] LOSS | stake=0.07 | odds=3.5 | bankroll=4.75 | ROI=-99.5%
2026-05-03 22:24:20.765 | INFO     | betting.kelly:settle_bet:107 - [Bankroll] LOSS | stake=0.12 | odds=8.0 | bankroll=4.63 | ROI=-99.5%
2026-05-03 22:24:20.765 | INFO     | betting.kelly:settle_bet:107 - [Bankroll] LOSS | stake=0.07 | odds=12.0 | bankroll=4.56 | ROI=-99.5%
2026-05-03 22:24:20.771 | INFO     | betting.kelly:settle_bet:107 - [Bankroll] LOSS | stake=0.18 | odds=2.9 | bankroll=4.38 | ROI=-99.6%
2026-05-03 22:24:20.771 | INFO     | betting.kelly:settle_bet:107 - [Bankroll] LOSS | stake=0.27 | odds=7.0 | bankroll=4.11 | ROI=-99.6%
2026-05-03 22:24:20.771 | INFO     | betting.kelly:settle_bet:107 - [Bankroll] LOSS | stake=0.11 | odds=6.0 | bankroll=4.00 | ROI=-99.6%
2026-05-03 22:24:20.771 | INFO     | betting.kelly:settle_bet:107 - [Bankroll] LOSS | stake=0.07 | odds=2.9 | bankroll=3.93 | ROI=-99.6%
2026-05-03 22:24:20.771 | INFO     | betting.kelly:settle_bet:107 - [Bankroll] LOSS | stake=0.11 | odds=8.0 | bankroll=3.82 | ROI=-99.6%
2026-05-03 22:24:20.771 | INFO     | betting.kelly:settle_bet:107 - [Bankroll] LOSS | stake=0.09 | odds=15.0 | bankroll=3.73 | ROI=-99.6%
2026-05-03 22:24:20.771 | INFO     | betting.kelly:settle_bet:107 - [Bankroll] LOSS | stake=0.13 | odds=12.0 | bankroll=3.60 | ROI=-99.6%
2026-05-03 22:24:20.771 | INFO     | betting.kelly:settle_bet:107 - [Bankroll] LOSS | stake=0.08 | odds=21.0 | bankroll=3.52 | ROI=-99.6%
2026-05-03 22:24:20.771 | INFO     | betting.kelly:settle_bet:107 - [Bankroll] LOSS | stake=0.22 | odds=3.0 | bankroll=3.30 | ROI=-99.7%
2026-05-03 22:24:20.771 | INFO     | betting.kelly:settle_bet:107 - [Bankroll] LOSS | stake=0.03 | odds=5.0 | bankroll=3.27 | ROI=-99.7%
2026-05-03 22:24:20.774 | INFO     | betting.backtest:walk_forward_backtest:41 - [Backtest] Train: ['2021-22', '2022-23', '2023-24'] (2058 trận) | Test: 2024-25 (686 trận)
2026-05-03 22:24:26.000 | INFO     | models.trainer:run_training_pipeline:143 - [Trainer] Train size: 1646 | Cal size: 412
2026-05-03 22:24:26.000 | INFO     | models.trainer:run_training_pipeline:146 - [Trainer] Computing OOF for XGBoost...
2026-05-03 22:24:27.762 | DEBUG    | models.trainer:get_oof_predictions:46 - [Trainer] Fold 1/5 done
2026-05-03 22:24:28.854 | DEBUG    | models.trainer:get_oof_predictions:46 - [Trainer] Fold 2/5 done
2026-05-03 22:24:29.888 | DEBUG    | models.trainer:get_oof_predictions:46 - [Trainer] Fold 3/5 done
2026-05-03 22:24:30.941 | DEBUG    | models.trainer:get_oof_predictions:46 - [Trainer] Fold 4/5 done
2026-05-03 22:24:32.195 | DEBUG    | models.trainer:get_oof_predictions:46 - [Trainer] Fold 5/5 done
2026-05-03 22:24:32.197 | INFO     | models.trainer:run_training_pipeline:149 - [Trainer] Computing OOF for LightGBM...
2026-05-03 22:24:32.529 | DEBUG    | models.trainer:get_oof_predictions:46 - [Trainer] Fold 1/5 done
2026-05-03 22:24:33.130 | DEBUG    | models.trainer:get_oof_predictions:46 - [Trainer] Fold 2/5 done
2026-05-03 22:24:33.940 | DEBUG    | models.trainer:get_oof_predictions:46 - [Trainer] Fold 3/5 done
2026-05-03 22:24:34.723 | DEBUG    | models.trainer:get_oof_predictions:46 - [Trainer] Fold 4/5 done
2026-05-03 22:24:35.498 | DEBUG    | models.trainer:get_oof_predictions:46 - [Trainer] Fold 5/5 done
2026-05-03 22:24:35.500 | INFO     | models.trainer:train_base_models:24 - [Trainer] Training XGBoost...
2026-05-03 22:24:36.314 | INFO     | models.trainer:train_base_models:28 - [Trainer] Training LightGBM...
2026-05-03 22:24:37.061 | INFO     | models.trainer:train_meta_model:56 - [Trainer] Meta model trained
2026-05-03 22:24:37.091 | INFO     | models.trainer:run_training_pipeline:162 - [Trainer] Before calibration: {'brier_Home': 0.2322, 'brier_Draw': 0.1904, 'brier_Away': 0.193, 'log_loss': 1.0272}
2026-05-03 22:24:37.139 | INFO     | models.trainer:run_training_pipeline:171 - [Trainer] After calibration:  {'brier_Home': 0.2316, 'brier_Draw': 0.1886, 'brier_Away': 0.1909, 'log_loss': 1.0201}
2026-05-03 22:24:37.172 | INFO     | models.trainer:save_models:109 - [Trainer] Saved D:\dream_project\pipeline_dish\models\saved\xgb_wf_2024-25.pkl
2026-05-03 22:24:37.266 | INFO     | models.trainer:save_models:109 - [Trainer] Saved D:\dream_project\pipeline_dish\models\saved\lgb_wf_2024-25.pkl
2026-05-03 22:24:37.268 | INFO     | models.trainer:save_models:109 - [Trainer] Saved D:\dream_project\pipeline_dish\models\saved\meta_wf_2024-25.pkl
2026-05-03 22:24:37.376 | INFO     | models.trainer:save_models:114 - [Trainer] Saved calibrated model → D:\dream_project\pipeline_dish\models\calibrated\calibrated_wf_2024-25.pkl
2026-05-03 22:24:37.376 | SUCCESS  | models.trainer:run_training_pipeline:175 - [Trainer] Pipeline hoàn thành cho league=wf_2024-25
2026-05-03 22:24:37.415 | INFO     | betting.kelly:settle_bet:107 - [Bankroll] LOSS | stake=0.04 | odds=4.2 | bankroll=3.23 | ROI=-99.7%
2026-05-03 22:24:37.415 | INFO     | betting.kelly:settle_bet:107 - [Bankroll] LOSS | stake=0.03 | odds=5.25 | bankroll=3.20 | ROI=-99.7%
2026-05-03 22:24:37.417 | INFO     | betting.kelly:settle_bet:107 - [Bankroll] LOSS | stake=0.08 | odds=8.5 | bankroll=3.12 | ROI=-99.7%
2026-05-03 22:24:37.418 | INFO     | betting.kelly:settle_bet:107 - [Bankroll] LOSS | stake=0.06 | odds=5.5 | bankroll=3.06 | ROI=-99.7%
2026-05-03 22:24:37.418 | INFO     | betting.kelly:settle_bet:107 - [Bankroll] LOSS | stake=0.10 | odds=7.5 | bankroll=2.96 | ROI=-99.7%
2026-05-03 22:24:37.418 | INFO     | betting.kelly:settle_bet:107 - [Bankroll] LOSS | stake=0.07 | odds=13.0 | bankroll=2.89 | ROI=-99.7%
2026-05-03 22:24:37.419 | INFO     | betting.kelly:settle_bet:107 - [Bankroll] LOSS | stake=0.02 | odds=2.63 | bankroll=2.87 | ROI=-99.7%
2026-05-03 22:24:37.419 | INFO     | betting.kelly:settle_bet:107 - [Bankroll] LOSS | stake=0.04 | odds=5.25 | bankroll=2.83 | ROI=-99.7%
2026-05-03 22:24:37.420 | INFO     | betting.kelly:settle_bet:107 - [Bankroll] LOSS | stake=0.03 | odds=8.0 | bankroll=2.80 | ROI=-99.7%
2026-05-03 22:24:37.420 | INFO     | betting.kelly:settle_bet:107 - [Bankroll] WIN | stake=0.15 | odds=2.75 | bankroll=3.06 | ROI=-99.7%
2026-05-03 22:24:37.421 | INFO     | betting.kelly:settle_bet:107 - [Bankroll] WIN | stake=0.13 | odds=2.4 | bankroll=3.25 | ROI=-99.7%
2026-05-03 22:24:37.421 | INFO     | betting.kelly:settle_bet:107 - [Bankroll] LOSS | stake=0.20 | odds=4.1 | bankroll=3.05 | ROI=-99.7%
2026-05-03 22:24:37.422 | INFO     | betting.kelly:settle_bet:107 - [Bankroll] LOSS | stake=0.17 | odds=5.0 | bankroll=2.88 | ROI=-99.7%
2026-05-03 22:24:37.422 | INFO     | betting.kelly:settle_bet:107 - [Bankroll] WIN | stake=0.03 | odds=4.33 | bankroll=2.98 | ROI=-99.7%
2026-05-03 22:24:37.423 | INFO     | betting.kelly:settle_bet:107 - [Bankroll] LOSS | stake=0.12 | odds=5.25 | bankroll=2.86 | ROI=-99.7%
2026-05-03 22:24:37.423 | INFO     | betting.kelly:settle_bet:107 - [Bankroll] LOSS | stake=0.04 | odds=4.5 | bankroll=2.82 | ROI=-99.7%
2026-05-03 22:24:37.423 | INFO     | betting.kelly:settle_bet:107 - [Bankroll] LOSS | stake=0.12 | odds=3.9 | bankroll=2.70 | ROI=-99.7%
2026-05-03 22:24:37.424 | INFO     | betting.kelly:settle_bet:107 - [Bankroll] WIN | stake=0.07 | odds=2.8 | bankroll=2.83 | ROI=-99.7%
2026-05-03 22:24:37.424 | INFO     | betting.kelly:settle_bet:107 - [Bankroll] WIN | stake=0.07 | odds=3.5 | bankroll=3.00 | ROI=-99.7%
2026-05-03 22:24:37.425 | INFO     | betting.kelly:settle_bet:107 - [Bankroll] LOSS | stake=0.01 | odds=4.1 | bankroll=2.99 | ROI=-99.7%
2026-05-03 22:24:37.425 | INFO     | betting.kelly:settle_bet:107 - [Bankroll] LOSS | stake=0.05 | odds=7.0 | bankroll=2.94 | ROI=-99.7%
2026-05-03 22:24:37.426 | INFO     | betting.kelly:settle_bet:107 - [Bankroll] LOSS | stake=0.03 | odds=9.0 | bankroll=2.91 | ROI=-99.7%
2026-05-03 22:24:37.426 | INFO     | betting.kelly:settle_bet:107 - [Bankroll] LOSS | stake=0.06 | odds=3.1 | bankroll=2.85 | ROI=-99.7%
2026-05-03 22:24:37.427 | INFO     | betting.kelly:settle_bet:107 - [Bankroll] LOSS | stake=0.06 | odds=4.75 | bankroll=2.79 | ROI=-99.7%
2026-05-03 22:24:37.428 | INFO     | betting.kelly:settle_bet:107 - [Bankroll] LOSS | stake=0.15 | odds=6.5 | bankroll=2.64 | ROI=-99.7%
2026-05-03 22:24:37.428 | INFO     | betting.kelly:settle_bet:107 - [Bankroll] LOSS | stake=0.03 | odds=2.63 | bankroll=2.61 | ROI=-99.7%
2026-05-03 22:24:37.429 | INFO     | betting.kelly:settle_bet:107 - [Bankroll] LOSS | stake=0.10 | odds=12.0 | bankroll=2.51 | ROI=-99.7%
2026-05-03 22:24:37.429 | INFO     | betting.kelly:settle_bet:107 - [Bankroll] LOSS | stake=0.07 | odds=21.0 | bankroll=2.44 | ROI=-99.8%
2026-05-03 22:24:37.429 | INFO     | betting.kelly:settle_bet:107 - [Bankroll] LOSS | stake=0.15 | odds=4.33 | bankroll=2.29 | ROI=-99.8%
2026-05-03 22:24:37.430 | INFO     | betting.kelly:settle_bet:107 - [Bankroll] LOSS | stake=0.04 | odds=4.5 | bankroll=2.25 | ROI=-99.8%
2026-05-03 22:24:37.430 | INFO     | betting.kelly:settle_bet:107 - [Bankroll] WIN | stake=0.03 | odds=3.4 | bankroll=2.31 | ROI=-99.8%
2026-05-03 22:24:37.431 | INFO     | betting.kelly:settle_bet:107 - [Bankroll] LOSS | stake=0.04 | odds=6.25 | bankroll=2.27 | ROI=-99.8%
2026-05-03 22:24:37.431 | INFO     | betting.kelly:settle_bet:107 - [Bankroll] LOSS | stake=0.02 | odds=4.75 | bankroll=2.25 | ROI=-99.8%
2026-05-03 22:24:37.432 | INFO     | betting.kelly:settle_bet:107 - [Bankroll] LOSS | stake=0.12 | odds=2.9 | bankroll=2.13 | ROI=-99.8%
2026-05-03 22:24:37.432 | INFO     | betting.kelly:settle_bet:107 - [Bankroll] LOSS | stake=0.04 | odds=5.75 | bankroll=2.09 | ROI=-99.8%
2026-05-03 22:24:37.432 | INFO     | betting.kelly:settle_bet:107 - [Bankroll] LOSS | stake=0.05 | odds=11.0 | bankroll=2.04 | ROI=-99.8%
2026-05-03 22:24:37.433 | INFO     | betting.kelly:settle_bet:107 - [Bankroll] LOSS | stake=0.01 | odds=4.33 | bankroll=2.03 | ROI=-99.8%
2026-05-03 22:24:37.434 | INFO     | betting.kelly:settle_bet:107 - [Bankroll] LOSS | stake=0.09 | odds=3.2 | bankroll=1.94 | ROI=-99.8%
2026-05-03 22:24:37.434 | INFO     | betting.kelly:settle_bet:107 - [Bankroll] LOSS | stake=0.09 | odds=4.1 | bankroll=1.85 | ROI=-99.8%
2026-05-03 22:24:37.434 | INFO     | betting.kelly:settle_bet:107 - [Bankroll] WIN | stake=0.02 | odds=4.0 | bankroll=1.90 | ROI=-99.8%
2026-05-03 22:24:37.434 | INFO     | betting.kelly:settle_bet:107 - [Bankroll] LOSS | stake=0.02 | odds=2.6 | bankroll=1.88 | ROI=-99.8%
2026-05-03 22:24:37.436 | INFO     | betting.kelly:settle_bet:107 - [Bankroll] LOSS | stake=0.01 | odds=3.6 | bankroll=1.87 | ROI=-99.8%
2026-05-03 22:24:37.436 | INFO     | betting.kelly:settle_bet:107 - [Bankroll] LOSS | stake=0.02 | odds=4.2 | bankroll=1.85 | ROI=-99.8%
2026-05-03 22:24:37.437 | INFO     | betting.kelly:settle_bet:107 - [Bankroll] WIN | stake=0.05 | odds=5.5 | bankroll=2.09 | ROI=-99.8%
2026-05-03 22:24:37.437 | INFO     | betting.kelly:settle_bet:107 - [Bankroll] LOSS | stake=0.07 | odds=8.5 | bankroll=2.02 | ROI=-99.8%
2026-05-03 22:24:37.438 | INFO     | betting.kelly:settle_bet:107 - [Bankroll] LOSS | stake=0.01 | odds=4.2 | bankroll=2.01 | ROI=-99.8%
2026-05-03 22:24:37.438 | INFO     | betting.kelly:settle_bet:107 - [Bankroll] WIN | stake=0.04 | odds=1.75 | bankroll=2.04 | ROI=-99.8%
2026-05-03 22:24:37.439 | INFO     | betting.kelly:settle_bet:107 - [Bankroll] WIN | stake=0.03 | odds=4.33 | bankroll=2.14 | ROI=-99.8%
2026-05-03 22:24:37.439 | INFO     | betting.kelly:settle_bet:107 - [Bankroll] LOSS | stake=0.02 | odds=5.25 | bankroll=2.12 | ROI=-99.8%
2026-05-03 22:24:37.439 | INFO     | betting.kelly:settle_bet:107 - [Bankroll] LOSS | stake=0.07 | odds=2.3 | bankroll=2.05 | ROI=-99.8%
2026-05-03 22:24:37.439 | INFO     | betting.kelly:settle_bet:107 - [Bankroll] LOSS | stake=0.07 | odds=7.0 | bankroll=1.98 | ROI=-99.8%
2026-05-03 22:24:37.442 | INFO     | betting.kelly:settle_bet:107 - [Bankroll] LOSS | stake=0.05 | odds=5.5 | bankroll=1.93 | ROI=-99.8%
2026-05-03 22:24:37.442 | INFO     | betting.kelly:settle_bet:107 - [Bankroll] LOSS | stake=0.07 | odds=8.0 | bankroll=1.86 | ROI=-99.8%
2026-05-03 22:24:37.442 | INFO     | betting.kelly:settle_bet:107 - [Bankroll] LOSS | stake=0.04 | odds=11.0 | bankroll=1.82 | ROI=-99.8%
2026-05-03 22:24:37.443 | INFO     | betting.kelly:settle_bet:107 - [Bankroll] WIN | stake=0.02 | odds=4.33 | bankroll=1.90 | ROI=-99.8%
2026-05-03 22:24:37.443 | INFO     | betting.kelly:settle_bet:107 - [Bankroll] LOSS | stake=0.01 | odds=5.0 | bankroll=1.89 | ROI=-99.8%
2026-05-03 22:24:37.444 | INFO     | betting.kelly:settle_bet:107 - [Bankroll] WIN | stake=0.12 | odds=2.5 | bankroll=2.07 | ROI=-99.8%
2026-05-03 22:24:37.444 | INFO     | betting.kelly:settle_bet:107 - [Bankroll] LOSS | stake=0.13 | odds=3.7 | bankroll=1.94 | ROI=-99.8%
2026-05-03 22:24:37.445 | INFO     | betting.kelly:settle_bet:107 - [Bankroll] LOSS | stake=0.01 | odds=4.2 | bankroll=1.93 | ROI=-99.8%
2026-05-03 22:24:37.445 | INFO     | betting.kelly:settle_bet:107 - [Bankroll] LOSS | stake=0.02 | odds=2.9 | bankroll=1.91 | ROI=-99.8%
2026-05-03 22:24:37.445 | INFO     | betting.kelly:settle_bet:107 - [Bankroll] LOSS | stake=0.06 | odds=5.5 | bankroll=1.85 | ROI=-99.8%
2026-05-03 22:24:37.445 | INFO     | betting.kelly:settle_bet:107 - [Bankroll] LOSS | stake=0.03 | odds=6.5 | bankroll=1.82 | ROI=-99.8%
2026-05-03 22:24:37.447 | INFO     | betting.kelly:settle_bet:107 - [Bankroll] LOSS | stake=0.02 | odds=3.9 | bankroll=1.80 | ROI=-99.8%
2026-05-03 22:24:37.447 | INFO     | betting.kelly:settle_bet:107 - [Bankroll] LOSS | stake=0.06 | odds=5.0 | bankroll=1.74 | ROI=-99.8%
2026-05-03 22:24:37.448 | INFO     | betting.kelly:settle_bet:107 - [Bankroll] WIN | stake=0.02 | odds=4.5 | bankroll=1.80 | ROI=-99.8%
2026-05-03 22:24:37.448 | INFO     | betting.kelly:settle_bet:107 - [Bankroll] LOSS | stake=0.02 | odds=6.5 | bankroll=1.78 | ROI=-99.8%
2026-05-03 22:24:37.449 | INFO     | betting.kelly:settle_bet:107 - [Bankroll] LOSS | stake=0.02 | odds=2.75 | bankroll=1.76 | ROI=-99.8%
2026-05-03 22:24:37.449 | INFO     | betting.kelly:settle_bet:107 - [Bankroll] LOSS | stake=0.11 | odds=5.75 | bankroll=1.65 | ROI=-99.8%
2026-05-03 22:24:37.450 | INFO     | betting.kelly:settle_bet:107 - [Bankroll] LOSS | stake=0.02 | odds=4.5 | bankroll=1.63 | ROI=-99.8%
2026-05-03 22:24:37.450 | INFO     | betting.kelly:settle_bet:107 - [Bankroll] WIN | stake=0.03 | odds=5.0 | bankroll=1.74 | ROI=-99.8%
2026-05-03 22:24:37.451 | INFO     | betting.kelly:settle_bet:107 - [Bankroll] LOSS | stake=0.03 | odds=7.5 | bankroll=1.71 | ROI=-99.8%
2026-05-03 22:24:37.451 | INFO     | betting.kelly:settle_bet:107 - [Bankroll] LOSS | stake=0.10 | odds=11.0 | bankroll=1.61 | ROI=-99.8%
2026-05-03 22:24:37.452 | INFO     | betting.kelly:settle_bet:107 - [Bankroll] LOSS | stake=0.05 | odds=7.0 | bankroll=1.56 | ROI=-99.8%
2026-05-03 22:24:37.452 | INFO     | betting.kelly:settle_bet:107 - [Bankroll] LOSS | stake=0.05 | odds=4.5 | bankroll=1.51 | ROI=-99.8%
2026-05-03 22:24:37.453 | INFO     | betting.kelly:settle_bet:107 - [Bankroll] LOSS | stake=0.00 | odds=5.5 | bankroll=1.51 | ROI=-99.8%
2026-05-03 22:24:37.454 | INFO     | betting.kelly:settle_bet:107 - [Bankroll] LOSS | stake=0.03 | odds=3.4 | bankroll=1.48 | ROI=-99.9%
2026-05-03 22:24:37.454 | INFO     | betting.kelly:settle_bet:107 - [Bankroll] LOSS | stake=0.06 | odds=8.0 | bankroll=1.42 | ROI=-99.9%
2026-05-03 22:24:37.455 | INFO     | betting.kelly:settle_bet:107 - [Bankroll] LOSS | stake=0.05 | odds=12.0 | bankroll=1.37 | ROI=-99.9%
2026-05-03 22:24:37.455 | INFO     | betting.kelly:settle_bet:107 - [Bankroll] LOSS | stake=0.01 | odds=4.2 | bankroll=1.36 | ROI=-99.9%
2026-05-03 22:24:37.456 | INFO     | betting.kelly:settle_bet:107 - [Bankroll] LOSS | stake=0.04 | odds=6.5 | bankroll=1.32 | ROI=-99.9%
2026-05-03 22:24:37.456 | INFO     | betting.kelly:settle_bet:107 - [Bankroll] LOSS | stake=0.03 | odds=6.5 | bankroll=1.29 | ROI=-99.9%
2026-05-03 22:24:37.457 | INFO     | betting.kelly:settle_bet:107 - [Bankroll] WIN | stake=0.03 | odds=12.0 | bankroll=1.62 | ROI=-99.8%
2026-05-03 22:24:37.458 | INFO     | betting.kelly:settle_bet:107 - [Bankroll] LOSS | stake=0.03 | odds=3.0 | bankroll=1.59 | ROI=-99.8%
2026-05-03 22:24:37.458 | INFO     | betting.kelly:settle_bet:107 - [Bankroll] LOSS | stake=0.08 | odds=3.4 | bankroll=1.51 | ROI=-99.8%
2026-05-03 22:24:37.458 | INFO     | betting.kelly:settle_bet:107 - [Bankroll] WIN | stake=0.08 | odds=2.9 | bankroll=1.66 | ROI=-99.8%
2026-05-03 22:24:37.460 | INFO     | betting.kelly:settle_bet:107 - [Bankroll] LOSS | stake=0.07 | odds=2.7 | bankroll=1.59 | ROI=-99.8%
2026-05-03 22:24:37.460 | INFO     | betting.kelly:settle_bet:107 - [Bankroll] LOSS | stake=0.03 | odds=2.88 | bankroll=1.56 | ROI=-99.8%
2026-05-03 22:24:37.461 | INFO     | betting.kelly:settle_bet:107 - [Bankroll] LOSS | stake=0.01 | odds=3.6 | bankroll=1.55 | ROI=-99.8%
2026-05-03 22:24:37.461 | INFO     | betting.kelly:settle_bet:107 - [Bankroll] LOSS | stake=0.01 | odds=3.7 | bankroll=1.54 | ROI=-99.8%
2026-05-03 22:24:37.462 | INFO     | betting.kelly:settle_bet:107 - [Bankroll] LOSS | stake=0.10 | odds=8.0 | bankroll=1.44 | ROI=-99.9%
2026-05-03 22:24:37.462 | INFO     | betting.kelly:settle_bet:107 - [Bankroll] LOSS | stake=0.03 | odds=5.5 | bankroll=1.41 | ROI=-99.9%
2026-05-03 22:24:37.463 | INFO     | betting.kelly:settle_bet:107 - [Bankroll] LOSS | stake=0.01 | odds=4.0 | bankroll=1.40 | ROI=-99.9%
2026-05-03 22:24:37.463 | INFO     | betting.kelly:settle_bet:107 - [Bankroll] LOSS | stake=0.00 | odds=4.33 | bankroll=1.40 | ROI=-99.9%
2026-05-03 22:24:37.463 | INFO     | betting.kelly:settle_bet:107 - [Bankroll] LOSS | stake=0.06 | odds=3.2 | bankroll=1.34 | ROI=-99.9%
2026-05-03 22:24:37.465 | INFO     | betting.kelly:settle_bet:107 - [Bankroll] LOSS | stake=0.01 | odds=4.5 | bankroll=1.33 | ROI=-99.9%
2026-05-03 22:24:37.465 | INFO     | betting.kelly:settle_bet:107 - [Bankroll] LOSS | stake=0.08 | odds=5.5 | bankroll=1.25 | ROI=-99.9%
2026-05-03 22:24:37.466 | INFO     | betting.kelly:settle_bet:107 - [Bankroll] LOSS | stake=0.02 | odds=3.6 | bankroll=1.23 | ROI=-99.9%
2026-05-03 22:24:37.467 | INFO     | betting.kelly:settle_bet:107 - [Bankroll] LOSS | stake=0.03 | odds=6.25 | bankroll=1.20 | ROI=-99.9%
2026-05-03 22:24:37.468 | INFO     | betting.kelly:settle_bet:107 - [Bankroll] LOSS | stake=0.02 | odds=9.0 | bankroll=1.18 | ROI=-99.9%
2026-05-03 22:24:37.468 | INFO     | betting.kelly:settle_bet:107 - [Bankroll] LOSS | stake=0.07 | odds=5.75 | bankroll=1.11 | ROI=-99.9%
2026-05-03 22:24:37.469 | INFO     | betting.kelly:settle_bet:107 - [Bankroll] WIN | stake=0.01 | odds=3.75 | bankroll=1.14 | ROI=-99.9%
2026-05-03 22:24:37.469 | INFO     | betting.kelly:settle_bet:107 - [Bankroll] LOSS | stake=0.03 | odds=4.75 | bankroll=1.11 | ROI=-99.9%
2026-05-03 22:24:37.470 | INFO     | betting.kelly:settle_bet:107 - [Bankroll] LOSS | stake=0.02 | odds=5.75 | bankroll=1.09 | ROI=-99.9%
2026-05-03 22:24:37.470 | INFO     | betting.kelly:settle_bet:107 - [Bankroll] LOSS | stake=0.01 | odds=8.0 | bankroll=1.08 | ROI=-99.9%
2026-05-03 22:24:37.471 | INFO     | betting.kelly:settle_bet:107 - [Bankroll] LOSS | stake=0.03 | odds=2.9 | bankroll=1.05 | ROI=-99.9%
2026-05-03 22:24:37.471 | INFO     | betting.kelly:settle_bet:107 - [Bankroll] LOSS | stake=0.03 | odds=7.0 | bankroll=1.02 | ROI=-99.9%
2026-05-03 22:24:37.471 | INFO     | betting.kelly:settle_bet:107 - [Bankroll] LOSS | stake=0.02 | odds=9.0 | bankroll=1.00 | ROI=-99.9%
2026-05-03 22:24:37.472 | INFO     | betting.kelly:settle_bet:107 - [Bankroll] WIN | stake=0.06 | odds=4.2 | bankroll=1.20 | ROI=-99.9%
2026-05-03 22:24:37.472 | INFO     | betting.kelly:settle_bet:107 - [Bankroll] LOSS | stake=0.07 | odds=5.25 | bankroll=1.12 | ROI=-99.9%
2026-05-03 22:24:37.473 | INFO     | betting.kelly:settle_bet:107 - [Bankroll] WIN | stake=0.01 | odds=4.33 | bankroll=1.15 | ROI=-99.9%
2026-05-03 22:24:37.473 | INFO     | betting.kelly:settle_bet:107 - [Bankroll] LOSS | stake=0.02 | odds=5.25 | bankroll=1.13 | ROI=-99.9%
2026-05-03 22:24:37.473 | INFO     | betting.kelly:settle_bet:107 - [Bankroll] LOSS | stake=0.00 | odds=6.5 | bankroll=1.13 | ROI=-99.9%
2026-05-03 22:24:37.474 | INFO     | betting.kelly:settle_bet:107 - [Bankroll] LOSS | stake=0.03 | odds=2.05 | bankroll=1.10 | ROI=-99.9%
2026-05-03 22:24:37.475 | INFO     | betting.kelly:settle_bet:107 - [Bankroll] LOSS | stake=0.05 | odds=8.0 | bankroll=1.05 | ROI=-99.9%
2026-05-03 22:24:37.475 | INFO     | betting.kelly:settle_bet:107 - [Bankroll] LOSS | stake=0.03 | odds=5.75 | bankroll=1.02 | ROI=-99.9%
2026-05-03 22:24:37.476 | INFO     | betting.kelly:settle_bet:107 - [Bankroll] LOSS | stake=0.04 | odds=8.0 | bankroll=0.98 | ROI=-99.9%
2026-05-03 22:24:37.476 | INFO     | betting.kelly:settle_bet:107 - [Bankroll] LOSS | stake=0.04 | odds=15.0 | bankroll=0.94 | ROI=-99.9%
2026-05-03 22:24:37.477 | INFO     | betting.kelly:settle_bet:107 - [Bankroll] LOSS | stake=0.06 | odds=2.63 | bankroll=0.88 | ROI=-99.9%
2026-05-03 22:24:37.477 | INFO     | betting.kelly:settle_bet:107 - [Bankroll] WIN | stake=0.02 | odds=3.0 | bankroll=0.91 | ROI=-99.9%
2026-05-03 22:24:37.477 | INFO     | betting.kelly:settle_bet:107 - [Bankroll] LOSS | stake=0.00 | odds=4.0 | bankroll=0.91 | ROI=-99.9%
2026-05-03 22:24:37.477 | INFO     | betting.kelly:settle_bet:107 - [Bankroll] WIN | stake=0.03 | odds=5.5 | bankroll=1.03 | ROI=-99.9%
2026-05-03 22:24:37.478 | INFO     | betting.kelly:settle_bet:107 - [Bankroll] LOSS | stake=0.01 | odds=3.4 | bankroll=1.02 | ROI=-99.9%
2026-05-03 22:24:37.479 | INFO     | betting.kelly:settle_bet:107 - [Bankroll] LOSS | stake=0.01 | odds=4.2 | bankroll=1.01 | ROI=-99.9%
2026-05-03 22:24:37.479 | INFO     | betting.kelly:settle_bet:107 - [Bankroll] WIN | stake=0.00 | odds=4.33 | bankroll=1.02 | ROI=-99.9%
2026-05-03 22:24:37.480 | INFO     | betting.kelly:settle_bet:107 - [Bankroll] LOSS | stake=0.06 | odds=4.2 | bankroll=0.96 | ROI=-99.9%
2026-05-03 22:24:37.480 | INFO     | betting.kelly:settle_bet:107 - [Bankroll] LOSS | stake=0.01 | odds=4.2 | bankroll=0.95 | ROI=-99.9%
2026-05-03 22:24:37.481 | INFO     | betting.kelly:settle_bet:107 - [Bankroll] WIN | stake=0.01 | odds=2.7 | bankroll=0.97 | ROI=-99.9%
2026-05-03 22:24:37.481 | INFO     | betting.kelly:settle_bet:107 - [Bankroll] LOSS | stake=0.03 | odds=1.85 | bankroll=0.94 | ROI=-99.9%
2026-05-03 22:24:37.482 | INFO     | betting.kelly:settle_bet:107 - [Bankroll] LOSS | stake=0.06 | odds=2.35 | bankroll=0.88 | ROI=-99.9%
2026-05-03 22:24:37.483 | INFO     | betting.kelly:settle_bet:107 - [Bankroll] LOSS | stake=0.00 | odds=4.1 | bankroll=0.88 | ROI=-99.9%
2026-05-03 22:24:37.483 | INFO     | betting.kelly:settle_bet:107 - [Bankroll] WIN | stake=0.04 | odds=11.0 | bankroll=1.26 | ROI=-99.9%
2026-05-03 22:24:37.485 | INFO     | betting.kelly:settle_bet:107 - [Bankroll] LOSS | stake=0.04 | odds=21.0 | bankroll=1.22 | ROI=-99.9%
2026-05-03 22:24:37.485 | INFO     | betting.kelly:settle_bet:107 - [Bankroll] LOSS | stake=0.04 | odds=9.0 | bankroll=1.18 | ROI=-99.9%
2026-05-03 22:24:37.485 | INFO     | betting.kelly:settle_bet:107 - [Bankroll] LOSS | stake=0.03 | odds=17.0 | bankroll=1.15 | ROI=-99.9%
2026-05-03 22:24:37.486 | INFO     | betting.kelly:settle_bet:107 - [Bankroll] LOSS | stake=0.07 | odds=6.0 | bankroll=1.08 | ROI=-99.9%
2026-05-03 22:24:37.486 | INFO     | betting.kelly:settle_bet:107 - [Bankroll] LOSS | stake=0.02 | odds=4.5 | bankroll=1.06 | ROI=-99.9%
2026-05-03 22:24:37.487 | INFO     | betting.kelly:settle_bet:107 - [Bankroll] WIN | stake=0.03 | odds=3.1 | bankroll=1.13 | ROI=-99.9%
2026-05-03 22:24:37.487 | INFO     | betting.kelly:settle_bet:107 - [Bankroll] WIN | stake=0.02 | odds=3.3 | bankroll=1.17 | ROI=-99.9%
2026-05-03 22:24:37.488 | INFO     | betting.kelly:settle_bet:107 - [Bankroll] LOSS | stake=0.02 | odds=2.4 | bankroll=1.15 | ROI=-99.9%
2026-05-03 22:24:37.488 | INFO     | betting.kelly:settle_bet:107 - [Bankroll] LOSS | stake=0.06 | odds=3.0 | bankroll=1.09 | ROI=-99.9%
2026-05-03 22:24:37.488 | INFO     | betting.kelly:settle_bet:107 - [Bankroll] LOSS | stake=0.01 | odds=3.7 | bankroll=1.08 | ROI=-99.9%
2026-05-03 22:24:37.488 | INFO     | betting.kelly:settle_bet:107 - [Bankroll] LOSS | stake=0.05 | odds=2.6 | bankroll=1.03 | ROI=-99.9%
2026-05-03 22:24:37.488 | INFO     | betting.kelly:settle_bet:107 - [Bankroll] LOSS | stake=0.04 | odds=2.2 | bankroll=0.99 | ROI=-99.9%
2026-05-03 22:24:37.488 | INFO     | betting.kelly:settle_bet:107 - [Bankroll] LOSS | stake=0.03 | odds=7.0 | bankroll=0.96 | ROI=-99.9%
2026-05-03 22:24:37.490 | INFO     | betting.kelly:settle_bet:107 - [Bankroll] LOSS | stake=0.02 | odds=9.5 | bankroll=0.94 | ROI=-99.9%
2026-05-03 22:24:37.490 | INFO     | betting.kelly:settle_bet:107 - [Bankroll] WIN | stake=0.02 | odds=2.05 | bankroll=0.96 | ROI=-99.9%
2026-05-03 22:24:37.491 | INFO     | betting.kelly:settle_bet:107 - [Bankroll] WIN | stake=0.02 | odds=1.8 | bankroll=0.97 | ROI=-99.9%
2026-05-03 22:24:37.491 | INFO     | betting.kelly:settle_bet:107 - [Bankroll] WIN | stake=0.01 | odds=4.5 | bankroll=1.00 | ROI=-99.9%
2026-05-03 22:24:37.492 | INFO     | betting.kelly:settle_bet:107 - [Bankroll] LOSS | stake=0.01 | odds=6.5 | bankroll=0.99 | ROI=-99.9%
2026-05-03 22:24:37.492 | INFO     | betting.kelly:settle_bet:107 - [Bankroll] LOSS | stake=0.05 | odds=4.5 | bankroll=0.94 | ROI=-99.9%
2026-05-03 22:24:37.493 | INFO     | betting.kelly:settle_bet:107 - [Bankroll] LOSS | stake=0.01 | odds=4.33 | bankroll=0.93 | ROI=-99.9%
2026-05-03 22:24:37.493 | INFO     | betting.kelly:settle_bet:107 - [Bankroll] LOSS | stake=0.04 | odds=2.2 | bankroll=0.89 | ROI=-99.9%
2026-05-03 22:24:37.494 | INFO     | betting.kelly:settle_bet:107 - [Bankroll] WIN | stake=0.06 | odds=2.9 | bankroll=1.00 | ROI=-99.9%
2026-05-03 22:24:37.494 | INFO     | betting.kelly:settle_bet:107 - [Bankroll] WIN | stake=0.03 | odds=6.0 | bankroll=1.16 | ROI=-99.9%
2026-05-03 22:24:37.494 | INFO     | betting.kelly:settle_bet:107 - [Bankroll] LOSS | stake=0.03 | odds=8.0 | bankroll=1.13 | ROI=-99.9%
2026-05-03 22:24:37.494 | INFO     | betting.kelly:settle_bet:107 - [Bankroll] LOSS | stake=0.07 | odds=5.5 | bankroll=1.06 | ROI=-99.9%
2026-05-03 22:24:37.494 | INFO     | betting.kelly:settle_bet:107 - [Bankroll] WIN | stake=0.02 | odds=4.5 | bankroll=1.13 | ROI=-99.9%
2026-05-03 22:24:37.497 | INFO     | betting.kelly:settle_bet:107 - [Bankroll] LOSS | stake=0.01 | odds=5.25 | bankroll=1.12 | ROI=-99.9%
2026-05-03 22:24:37.497 | INFO     | betting.kelly:settle_bet:107 - [Bankroll] LOSS | stake=0.01 | odds=9.5 | bankroll=1.11 | ROI=-99.9%
2026-05-03 22:24:37.498 | INFO     | betting.kelly:settle_bet:107 - [Bankroll] LOSS | stake=0.01 | odds=3.75 | bankroll=1.10 | ROI=-99.9%
2026-05-03 22:24:37.498 | INFO     | betting.kelly:settle_bet:107 - [Bankroll] LOSS | stake=0.03 | odds=4.75 | bankroll=1.07 | ROI=-99.9%
2026-05-03 22:24:37.498 | INFO     | betting.kelly:settle_bet:107 - [Bankroll] LOSS | stake=0.01 | odds=4.5 | bankroll=1.06 | ROI=-99.9%
2026-05-03 22:24:37.499 | INFO     | betting.kelly:settle_bet:107 - [Bankroll] LOSS | stake=0.01 | odds=4.75 | bankroll=1.05 | ROI=-99.9%
2026-05-03 22:24:37.499 | INFO     | betting.kelly:settle_bet:107 - [Bankroll] LOSS | stake=0.01 | odds=6.5 | bankroll=1.04 | ROI=-99.9%
2026-05-03 22:24:37.499 | INFO     | betting.kelly:settle_bet:107 - [Bankroll] WIN | stake=0.07 | odds=5.0 | bankroll=1.30 | ROI=-99.9%
2026-05-03 22:24:37.500 | INFO     | betting.kelly:settle_bet:107 - [Bankroll] LOSS | stake=0.05 | odds=4.1 | bankroll=1.25 | ROI=-99.9%
2026-05-03 22:24:37.501 | INFO     | betting.kelly:settle_bet:107 - [Bankroll] LOSS | stake=0.04 | odds=5.25 | bankroll=1.21 | ROI=-99.9%
2026-05-03 22:24:37.501 | INFO     | betting.kelly:settle_bet:107 - [Bankroll] LOSS | stake=0.06 | odds=7.5 | bankroll=1.15 | ROI=-99.9%
2026-05-03 22:24:37.501 | INFO     | betting.kelly:settle_bet:107 - [Bankroll] LOSS | stake=0.02 | odds=4.2 | bankroll=1.13 | ROI=-99.9%
2026-05-03 22:24:37.501 | INFO     | betting.kelly:settle_bet:107 - [Bankroll] LOSS | stake=0.04 | odds=4.5 | bankroll=1.09 | ROI=-99.9%
2026-05-03 22:24:37.502 | INFO     | betting.kelly:settle_bet:107 - [Bankroll] WIN | stake=0.01 | odds=2.8 | bankroll=1.11 | ROI=-99.9%
2026-05-03 22:24:37.502 | INFO     | betting.kelly:settle_bet:107 - [Bankroll] WIN | stake=0.02 | odds=3.0 | bankroll=1.16 | ROI=-99.9%
2026-05-03 22:24:37.503 | INFO     | betting.kelly:settle_bet:107 - [Bankroll] LOSS | stake=0.03 | odds=5.0 | bankroll=1.13 | ROI=-99.9%
2026-05-03 22:24:37.503 | INFO     | betting.kelly:settle_bet:107 - [Bankroll] LOSS | stake=0.03 | odds=5.25 | bankroll=1.10 | ROI=-99.9%
2026-05-03 22:24:37.503 | INFO     | betting.kelly:settle_bet:107 - [Bankroll] LOSS | stake=0.06 | odds=3.9 | bankroll=1.04 | ROI=-99.9%
2026-05-03 22:24:37.504 | INFO     | betting.kelly:settle_bet:107 - [Bankroll] WIN | stake=0.07 | odds=3.0 | bankroll=1.17 | ROI=-99.9%
2026-05-03 22:24:37.504 | INFO     | betting.kelly:settle_bet:107 - [Bankroll] LOSS | stake=0.07 | odds=8.0 | bankroll=1.10 | ROI=-99.9%
2026-05-03 22:24:37.504 | INFO     | betting.kelly:settle_bet:107 - [Bankroll] LOSS | stake=0.04 | odds=6.0 | bankroll=1.06 | ROI=-99.9%
2026-05-03 22:24:37.505 | INFO     | betting.kelly:settle_bet:107 - [Bankroll] LOSS | stake=0.07 | odds=3.5 | bankroll=0.99 | ROI=-99.9%
2026-05-03 22:24:37.505 | INFO     | betting.kelly:settle_bet:107 - [Bankroll] WIN | stake=0.04 | odds=3.3 | bankroll=1.07 | ROI=-99.9%
2026-05-03 22:24:37.506 | INFO     | betting.kelly:settle_bet:107 - [Bankroll] LOSS | stake=0.01 | odds=4.1 | bankroll=1.06 | ROI=-99.9%
2026-05-03 22:24:37.506 | INFO     | betting.kelly:settle_bet:107 - [Bankroll] LOSS | stake=0.01 | odds=5.0 | bankroll=1.05 | ROI=-99.9%
2026-05-03 22:24:37.507 | INFO     | betting.kelly:settle_bet:107 - [Bankroll] WIN | stake=0.01 | odds=3.75 | bankroll=1.07 | ROI=-99.9%
2026-05-03 22:24:37.507 | INFO     | betting.kelly:settle_bet:107 - [Bankroll] WIN | stake=0.01 | odds=2.4 | bankroll=1.09 | ROI=-99.9%
2026-05-03 22:24:37.507 | INFO     | betting.kelly:settle_bet:107 - [Bankroll] LOSS | stake=0.04 | odds=1.85 | bankroll=1.05 | ROI=-99.9%
2026-05-03 22:24:37.509 | INFO     | betting.kelly:settle_bet:107 - [Bankroll] LOSS | stake=0.03 | odds=2.75 | bankroll=1.02 | ROI=-99.9%
2026-05-03 22:24:37.509 | INFO     | betting.kelly:settle_bet:107 - [Bankroll] LOSS | stake=0.02 | odds=2.55 | bankroll=1.00 | ROI=-99.9%
2026-05-03 22:24:37.510 | INFO     | betting.kelly:settle_bet:107 - [Bankroll] LOSS | stake=0.00 | odds=4.33 | bankroll=1.00 | ROI=-99.9%
2026-05-03 22:24:37.511 | INFO     | betting.kelly:settle_bet:107 - [Bankroll] WIN | stake=0.01 | odds=4.5 | bankroll=1.03 | ROI=-99.9%
2026-05-03 22:24:37.511 | INFO     | betting.kelly:settle_bet:107 - [Bankroll] LOSS | stake=0.04 | odds=10.0 | bankroll=0.99 | ROI=-99.9%
2026-05-03 22:24:37.512 | INFO     | betting.kelly:settle_bet:107 - [Bankroll] LOSS | stake=0.02 | odds=17.0 | bankroll=0.97 | ROI=-99.9%
2026-05-03 22:24:37.512 | INFO     | betting.kelly:settle_bet:107 - [Bankroll] LOSS | stake=0.03 | odds=7.5 | bankroll=0.94 | ROI=-99.9%
2026-05-03 22:24:37.512 | INFO     | betting.kelly:settle_bet:107 - [Bankroll] LOSS | stake=0.02 | odds=9.5 | bankroll=0.92 | ROI=-99.9%
2026-05-03 22:24:37.512 | INFO     | betting.kelly:settle_bet:107 - [Bankroll] LOSS | stake=0.06 | odds=5.25 | bankroll=0.86 | ROI=-99.9%
2026-05-03 22:24:37.512 | INFO     | betting.kelly:settle_bet:107 - [Bankroll] WIN | stake=0.01 | odds=5.0 | bankroll=0.90 | ROI=-99.9%
2026-05-03 22:24:37.515 | INFO     | betting.kelly:settle_bet:107 - [Bankroll] LOSS | stake=0.02 | odds=4.33 | bankroll=0.88 | ROI=-99.9%
2026-05-03 22:24:37.515 | INFO     | betting.kelly:settle_bet:107 - [Bankroll] LOSS | stake=0.03 | odds=4.2 | bankroll=0.85 | ROI=-99.9%
2026-05-03 22:24:37.515 | INFO     | betting.kelly:settle_bet:107 - [Bankroll] LOSS | stake=0.05 | odds=12.0 | bankroll=0.80 | ROI=-99.9%
2026-05-03 22:24:37.516 | INFO     | betting.kelly:settle_bet:107 - [Bankroll] LOSS | stake=0.04 | odds=9.5 | bankroll=0.76 | ROI=-99.9%
2026-05-03 22:24:37.516 | INFO     | betting.kelly:settle_bet:107 - [Bankroll] WIN | stake=0.01 | odds=2.88 | bankroll=0.78 | ROI=-99.9%
2026-05-03 22:24:37.516 | INFO     | betting.kelly:settle_bet:107 - [Bankroll] LOSS | stake=0.02 | odds=2.55 | bankroll=0.76 | ROI=-99.9%
2026-05-03 22:24:37.517 | INFO     | betting.kelly:settle_bet:107 - [Bankroll] LOSS | stake=0.03 | odds=2.5 | bankroll=0.73 | ROI=-99.9%
2026-05-03 22:24:37.517 | INFO     | betting.kelly:settle_bet:107 - [Bankroll] WIN | stake=0.05 | odds=3.9 | bankroll=0.86 | ROI=-99.9%
2026-05-03 22:24:37.517 | INFO     | betting.kelly:settle_bet:107 - [Bankroll] LOSS | stake=0.00 | odds=4.0 | bankroll=0.86 | ROI=-99.9%
2026-05-03 22:24:37.518 | INFO     | betting.kelly:settle_bet:107 - [Bankroll] LOSS | stake=0.02 | odds=2.25 | bankroll=0.84 | ROI=-99.9%
2026-05-03 22:24:37.518 | INFO     | betting.kelly:settle_bet:107 - [Bankroll] WIN | stake=0.01 | odds=4.75 | bankroll=0.88 | ROI=-99.9%
2026-05-03 22:24:37.519 | INFO     | betting.kelly:settle_bet:107 - [Bankroll] LOSS | stake=0.01 | odds=5.0 | bankroll=0.87 | ROI=-99.9%
2026-05-03 22:24:37.519 | INFO     | betting.kelly:settle_bet:107 - [Bankroll] LOSS | stake=0.01 | odds=7.5 | bankroll=0.86 | ROI=-99.9%
2026-05-03 22:24:37.519 | INFO     | betting.kelly:settle_bet:107 - [Bankroll] LOSS | stake=0.05 | odds=3.4 | bankroll=0.81 | ROI=-99.9%
2026-05-03 22:24:37.520 | INFO     | betting.kelly:settle_bet:107 - [Bankroll] LOSS | stake=0.01 | odds=3.5 | bankroll=0.80 | ROI=-99.9%
2026-05-03 22:24:37.520 | INFO     | betting.kelly:settle_bet:107 - [Bankroll] LOSS | stake=0.04 | odds=2.63 | bankroll=0.76 | ROI=-99.9%
2026-05-03 22:24:37.520 | INFO     | betting.kelly:settle_bet:107 - [Bankroll] WIN | stake=0.05 | odds=5.5 | bankroll=0.96 | ROI=-99.9%
2026-05-03 22:24:37.520 | INFO     | betting.kelly:settle_bet:107 - [Bankroll] LOSS | stake=0.01 | odds=4.2 | bankroll=0.95 | ROI=-99.9%
2026-05-03 22:24:37.521 | INFO     | betting.kelly:settle_bet:107 - [Bankroll] WIN | stake=0.05 | odds=2.2 | bankroll=1.01 | ROI=-99.9%
2026-05-03 22:24:37.521 | INFO     | betting.kelly:settle_bet:107 - [Bankroll] LOSS | stake=0.03 | odds=5.75 | bankroll=0.98 | ROI=-99.9%
2026-05-03 22:24:37.521 | INFO     | betting.kelly:settle_bet:107 - [Bankroll] LOSS | stake=0.02 | odds=7.5 | bankroll=0.96 | ROI=-99.9%
2026-05-03 22:24:37.521 | INFO     | betting.kelly:settle_bet:107 - [Bankroll] WIN | stake=0.06 | odds=3.75 | bankroll=1.12 | ROI=-99.9%
2026-05-03 22:24:37.522 | INFO     | betting.kelly:settle_bet:107 - [Bankroll] LOSS | stake=0.05 | odds=2.5 | bankroll=1.07 | ROI=-99.9%
2026-05-03 22:24:37.522 | INFO     | betting.kelly:settle_bet:107 - [Bankroll] LOSS | stake=0.03 | odds=7.5 | bankroll=1.04 | ROI=-99.9%
2026-05-03 22:24:37.522 | INFO     | betting.kelly:settle_bet:107 - [Bankroll] LOSS | stake=0.02 | odds=13.0 | bankroll=1.02 | ROI=-99.9%
2026-05-03 22:24:37.523 | INFO     | betting.kelly:settle_bet:107 - [Bankroll] WIN | stake=0.03 | odds=2.7 | bankroll=1.07 | ROI=-99.9%
2026-05-03 22:24:37.523 | INFO     | betting.kelly:settle_bet:107 - [Bankroll] LOSS | stake=0.01 | odds=2.6 | bankroll=1.06 | ROI=-99.9%
2026-05-03 22:24:37.523 | INFO     | betting.kelly:settle_bet:107 - [Bankroll] LOSS | stake=0.07 | odds=3.6 | bankroll=0.99 | ROI=-99.9%
2026-05-03 22:24:37.523 | INFO     | betting.kelly:settle_bet:107 - [Bankroll] WIN | stake=0.01 | odds=3.9 | bankroll=1.01 | ROI=-99.9%
2026-05-03 22:24:37.523 | INFO     | betting.kelly:settle_bet:107 - [Bankroll] LOSS | stake=0.01 | odds=4.75 | bankroll=1.00 | ROI=-99.9%
2026-05-03 22:24:37.525 | INFO     | betting.kelly:settle_bet:107 - [Bankroll] LOSS | stake=0.04 | odds=3.2 | bankroll=0.96 | ROI=-99.9%
2026-05-03 22:24:37.525 | INFO     | betting.kelly:settle_bet:107 - [Bankroll] LOSS | stake=0.00 | odds=3.7 | bankroll=0.96 | ROI=-99.9%
2026-05-03 22:24:37.525 | INFO     | betting.kelly:settle_bet:107 - [Bankroll] LOSS | stake=0.02 | odds=3.5 | bankroll=0.94 | ROI=-99.9%
2026-05-03 22:24:37.525 | INFO     | betting.kelly:settle_bet:107 - [Bankroll] LOSS | stake=0.06 | odds=9.5 | bankroll=0.88 | ROI=-99.9%
2026-05-03 22:24:37.525 | INFO     | betting.kelly:settle_bet:107 - [Bankroll] WIN | stake=0.03 | odds=6.5 | bankroll=1.04 | ROI=-99.9%
2026-05-03 22:24:37.526 | INFO     | betting.kelly:settle_bet:107 - [Bankroll] WIN | stake=0.02 | odds=2.5 | bankroll=1.07 | ROI=-99.9%
2026-05-03 22:24:37.526 | INFO     | betting.kelly:settle_bet:107 - [Bankroll] WIN | stake=0.02 | odds=3.5 | bankroll=1.11 | ROI=-99.9%
2026-05-03 22:24:37.526 | INFO     | betting.kelly:settle_bet:107 - [Bankroll] WIN | stake=0.06 | odds=4.1 | bankroll=1.30 | ROI=-99.9%
2026-05-03 22:24:37.526 | INFO     | betting.kelly:settle_bet:107 - [Bankroll] LOSS | stake=0.01 | odds=4.2 | bankroll=1.29 | ROI=-99.9%
2026-05-03 22:24:37.527 | INFO     | betting.kelly:settle_bet:107 - [Bankroll] LOSS | stake=0.08 | odds=9.0 | bankroll=1.21 | ROI=-99.9%
2026-05-03 22:24:37.527 | INFO     | betting.kelly:settle_bet:107 - [Bankroll] LOSS | stake=0.04 | odds=7.0 | bankroll=1.17 | ROI=-99.9%
2026-05-03 22:24:37.527 | INFO     | betting.kelly:settle_bet:107 - [Bankroll] LOSS | stake=0.01 | odds=4.33 | bankroll=1.16 | ROI=-99.9%
2026-05-03 22:24:37.528 | INFO     | betting.kelly:settle_bet:107 - [Bankroll] LOSS | stake=0.02 | odds=4.75 | bankroll=1.14 | ROI=-99.9%
2026-05-03 22:24:37.528 | INFO     | betting.kelly:settle_bet:107 - [Bankroll] LOSS | stake=0.02 | odds=5.25 | bankroll=1.12 | ROI=-99.9%
2026-05-03 22:24:37.528 | INFO     | betting.kelly:settle_bet:107 - [Bankroll] LOSS | stake=0.01 | odds=6.5 | bankroll=1.11 | ROI=-99.9%
2026-05-03 22:24:37.529 | INFO     | betting.kelly:settle_bet:107 - [Bankroll] LOSS | stake=0.03 | odds=5.5 | bankroll=1.08 | ROI=-99.9%
2026-05-03 22:24:37.529 | INFO     | betting.kelly:settle_bet:107 - [Bankroll] LOSS | stake=0.01 | odds=6.5 | bankroll=1.07 | ROI=-99.9%
2026-05-03 22:24:37.529 | INFO     | betting.kelly:settle_bet:107 - [Bankroll] LOSS | stake=0.07 | odds=2.7 | bankroll=1.00 | ROI=-99.9%
2026-05-03 22:24:37.529 | INFO     | betting.kelly:settle_bet:107 - [Bankroll] WIN | stake=0.01 | odds=2.7 | bankroll=1.02 | ROI=-99.9%
2026-05-03 22:24:37.529 | INFO     | betting.kelly:settle_bet:107 - [Bankroll] LOSS | stake=0.02 | odds=6.5 | bankroll=1.00 | ROI=-99.9%
2026-05-03 22:24:37.529 | INFO     | betting.kelly:settle_bet:107 - [Bankroll] WIN | stake=0.02 | odds=9.0 | bankroll=1.16 | ROI=-99.9%
2026-05-03 22:24:37.529 | INFO     | betting.kelly:settle_bet:107 - [Bankroll] LOSS | stake=0.07 | odds=3.25 | bankroll=1.09 | ROI=-99.9%
2026-05-03 22:24:37.529 | INFO     | betting.kelly:settle_bet:107 - [Bankroll] LOSS | stake=0.01 | odds=4.0 | bankroll=1.08 | ROI=-99.9%
2026-05-03 22:24:37.529 | INFO     | betting.kelly:settle_bet:107 - [Bankroll] LOSS | stake=0.04 | odds=10.0 | bankroll=1.04 | ROI=-99.9%
2026-05-03 22:24:37.529 | INFO     | betting.kelly:settle_bet:107 - [Bankroll] LOSS | stake=0.02 | odds=15.0 | bankroll=1.02 | ROI=-99.9%
2026-05-03 22:24:37.529 | INFO     | betting.kelly:settle_bet:107 - [Bankroll] LOSS | stake=0.03 | odds=6.5 | bankroll=0.99 | ROI=-99.9%
2026-05-03 22:24:37.529 | INFO     | betting.kelly:settle_bet:107 - [Bankroll] LOSS | stake=0.03 | odds=15.0 | bankroll=0.96 | ROI=-99.9%
2026-05-03 22:24:37.529 | INFO     | betting.kelly:settle_bet:107 - [Bankroll] LOSS | stake=0.00 | odds=3.2 | bankroll=0.96 | ROI=-99.9%
2026-05-03 22:24:37.529 | INFO     | betting.kelly:settle_bet:107 - [Bankroll] WIN | stake=0.03 | odds=3.4 | bankroll=1.04 | ROI=-99.9%
2026-05-03 22:24:37.529 | INFO     | betting.kelly:settle_bet:107 - [Bankroll] LOSS | stake=0.01 | odds=4.75 | bankroll=1.03 | ROI=-99.9%
2026-05-03 22:24:37.533 | INFO     | betting.kelly:settle_bet:107 - [Bankroll] LOSS | stake=0.04 | odds=2.88 | bankroll=0.99 | ROI=-99.9%
2026-05-03 22:24:37.533 | INFO     | betting.kelly:settle_bet:107 - [Bankroll] LOSS | stake=0.03 | odds=6.0 | bankroll=0.96 | ROI=-99.9%
2026-05-03 22:24:37.533 | INFO     | betting.kelly:settle_bet:107 - [Bankroll] LOSS | stake=0.05 | odds=9.0 | bankroll=0.91 | ROI=-99.9%
2026-05-03 22:24:37.533 | INFO     | betting.kelly:settle_bet:107 - [Bankroll] WIN | stake=0.03 | odds=2.8 | bankroll=0.96 | ROI=-99.9%
2026-05-03 22:24:37.533 | INFO     | betting.kelly:settle_bet:107 - [Bankroll] LOSS | stake=0.01 | odds=4.1 | bankroll=0.95 | ROI=-99.9%
2026-05-03 22:24:37.534 | INFO     | betting.kelly:settle_bet:107 - [Bankroll] LOSS | stake=0.01 | odds=4.5 | bankroll=0.94 | ROI=-99.9%
2026-05-03 22:24:37.534 | INFO     | betting.kelly:settle_bet:107 - [Bankroll] LOSS | stake=0.03 | odds=6.5 | bankroll=0.91 | ROI=-99.9%
2026-05-03 22:24:37.534 | INFO     | betting.kelly:settle_bet:107 - [Bankroll] LOSS | stake=0.01 | odds=4.75 | bankroll=0.90 | ROI=-99.9%
2026-05-03 22:24:37.535 | INFO     | betting.kelly:settle_bet:107 - [Bankroll] LOSS | stake=0.01 | odds=4.75 | bankroll=0.89 | ROI=-99.9%
2026-05-03 22:24:37.535 | INFO     | betting.kelly:settle_bet:107 - [Bankroll] LOSS | stake=0.02 | odds=9.0 | bankroll=0.87 | ROI=-99.9%
2026-05-03 22:24:37.536 | INFO     | betting.kelly:settle_bet:107 - [Bankroll] LOSS | stake=0.01 | odds=4.2 | bankroll=0.86 | ROI=-99.9%
2026-05-03 22:24:37.536 | INFO     | betting.kelly:settle_bet:107 - [Bankroll] LOSS | stake=0.04 | odds=3.1 | bankroll=0.82 | ROI=-99.9%
2026-05-03 22:24:37.536 | INFO     | betting.kelly:settle_bet:107 - [Bankroll] LOSS | stake=0.02 | odds=5.25 | bankroll=0.80 | ROI=-99.9%
2026-05-03 22:24:37.537 | INFO     | betting.kelly:settle_bet:107 - [Bankroll] LOSS | stake=0.00 | odds=3.8 | bankroll=0.80 | ROI=-99.9%
2026-05-03 22:24:37.537 | INFO     | betting.kelly:settle_bet:107 - [Bankroll] LOSS | stake=0.03 | odds=11.0 | bankroll=0.77 | ROI=-99.9%
2026-05-03 22:24:37.537 | INFO     | betting.kelly:settle_bet:107 - [Bankroll] LOSS | stake=0.02 | odds=5.75 | bankroll=0.75 | ROI=-99.9%
2026-05-03 22:24:37.537 | INFO     | betting.kelly:settle_bet:107 - [Bankroll] LOSS | stake=0.02 | odds=4.5 | bankroll=0.73 | ROI=-99.9%
2026-05-03 22:24:37.537 | INFO     | betting.kelly:settle_bet:107 - [Bankroll] WIN | stake=0.02 | odds=6.0 | bankroll=0.85 | ROI=-99.9%
2026-05-03 22:24:37.538 | INFO     | betting.kelly:settle_bet:107 - [Bankroll] WIN | stake=0.01 | odds=5.0 | bankroll=0.90 | ROI=-99.9%
2026-05-03 22:24:37.538 | INFO     | betting.kelly:settle_bet:107 - [Bankroll] LOSS | stake=0.01 | odds=7.5 | bankroll=0.89 | ROI=-99.9%
2026-05-03 22:24:37.538 | INFO     | betting.kelly:settle_bet:107 - [Bankroll] LOSS | stake=0.00 | odds=5.25 | bankroll=0.89 | ROI=-99.9%
2026-05-03 22:24:37.538 | INFO     | betting.kelly:settle_bet:107 - [Bankroll] WIN | stake=0.01 | odds=2.4 | bankroll=0.91 | ROI=-99.9%
2026-05-03 22:24:37.538 | INFO     | betting.kelly:settle_bet:107 - [Bankroll] LOSS | stake=0.05 | odds=4.75 | bankroll=0.86 | ROI=-99.9%
2026-05-03 22:24:37.538 | INFO     | betting.kelly:settle_bet:107 - [Bankroll] LOSS | stake=0.00 | odds=3.7 | bankroll=0.86 | ROI=-99.9%
2026-05-03 22:24:37.539 | INFO     | betting.kelly:settle_bet:107 - [Bankroll] LOSS | stake=0.01 | odds=2.9 | bankroll=0.85 | ROI=-99.9%
2026-05-03 22:24:37.539 | INFO     | betting.kelly:settle_bet:107 - [Bankroll] WIN | stake=0.00 | odds=3.6 | bankroll=0.86 | ROI=-99.9%
2026-05-03 22:24:37.539 | INFO     | betting.kelly:settle_bet:107 - [Bankroll] LOSS | stake=0.00 | odds=4.2 | bankroll=0.86 | ROI=-99.9%
2026-05-03 22:24:37.540 | INFO     | betting.kelly:settle_bet:107 - [Bankroll] LOSS | stake=0.02 | odds=1.7 | bankroll=0.84 | ROI=-99.9%
2026-05-03 22:24:37.540 | INFO     | betting.kelly:settle_bet:107 - [Bankroll] WIN | stake=0.02 | odds=1.95 | bankroll=0.86 | ROI=-99.9%
2026-05-03 22:24:37.540 | INFO     | betting.kelly:settle_bet:107 - [Bankroll] LOSS | stake=0.05 | odds=4.75 | bankroll=0.81 | ROI=-99.9%
2026-05-03 22:24:37.541 | INFO     | betting.kelly:settle_bet:107 - [Bankroll] LOSS | stake=0.02 | odds=3.0 | bankroll=0.79 | ROI=-99.9%
2026-05-03 22:24:37.541 | INFO     | betting.kelly:settle_bet:107 - [Bankroll] LOSS | stake=0.01 | odds=4.0 | bankroll=0.78 | ROI=-99.9%
2026-05-03 22:24:37.541 | INFO     | betting.kelly:settle_bet:107 - [Bankroll] LOSS | stake=0.04 | odds=4.5 | bankroll=0.74 | ROI=-99.9%
2026-05-03 22:24:37.541 | INFO     | betting.kelly:settle_bet:107 - [Bankroll] LOSS | stake=0.05 | odds=7.0 | bankroll=0.69 | ROI=-99.9%
2026-05-03 22:24:37.541 | INFO     | betting.kelly:settle_bet:107 - [Bankroll] LOSS | stake=0.02 | odds=4.5 | bankroll=0.67 | ROI=-99.9%
2026-05-03 22:24:37.542 | INFO     | betting.kelly:settle_bet:107 - [Bankroll] LOSS | stake=0.03 | odds=3.7 | bankroll=0.64 | ROI=-99.9%
2026-05-03 22:24:37.542 | INFO     | betting.kelly:settle_bet:107 - [Bankroll] LOSS | stake=0.01 | odds=4.2 | bankroll=0.63 | ROI=-99.9%
2026-05-03 22:24:37.542 | INFO     | betting.kelly:settle_bet:107 - [Bankroll] LOSS | stake=0.01 | odds=6.0 | bankroll=0.62 | ROI=-99.9%
2026-05-03 22:24:37.542 | INFO     | betting.kelly:settle_bet:107 - [Bankroll] WIN | stake=0.02 | odds=2.1 | bankroll=0.64 | ROI=-99.9%
2026-05-03 22:24:37.542 | INFO     | betting.kelly:settle_bet:107 - [Bankroll] LOSS | stake=0.01 | odds=4.1 | bankroll=0.63 | ROI=-99.9%
2026-05-03 22:24:37.543 | INFO     | betting.kelly:settle_bet:107 - [Bankroll] LOSS | stake=0.01 | odds=4.5 | bankroll=0.62 | ROI=-99.9%
2026-05-03 22:24:37.543 | INFO     | betting.kelly:settle_bet:107 - [Bankroll] WIN | stake=0.01 | odds=4.5 | bankroll=0.66 | ROI=-99.9%
2026-05-03 22:24:37.543 | INFO     | betting.kelly:settle_bet:107 - [Bankroll] LOSS | stake=0.01 | odds=4.1 | bankroll=0.65 | ROI=-99.9%
2026-05-03 22:24:37.543 | INFO     | betting.kelly:settle_bet:107 - [Bankroll] WIN | stake=0.03 | odds=2.35 | bankroll=0.69 | ROI=-99.9%
2026-05-03 22:24:37.544 | INFO     | betting.kelly:settle_bet:107 - [Bankroll] WIN | stake=0.02 | odds=2.9 | bankroll=0.73 | ROI=-99.9%
2026-05-03 22:24:37.544 | INFO     | betting.kelly:settle_bet:107 - [Bankroll] LOSS | stake=0.01 | odds=4.75 | bankroll=0.72 | ROI=-99.9%
2026-05-03 22:24:37.544 | INFO     | betting.kelly:settle_bet:107 - [Bankroll] LOSS | stake=0.01 | odds=9.0 | bankroll=0.71 | ROI=-99.9%
2026-05-03 22:24:37.544 | INFO     | betting.kelly:settle_bet:107 - [Bankroll] LOSS | stake=0.04 | odds=4.2 | bankroll=0.67 | ROI=-99.9%
2026-05-03 22:24:37.544 | INFO     | betting.kelly:settle_bet:107 - [Bankroll] WIN | stake=0.00 | odds=4.0 | bankroll=0.68 | ROI=-99.9%
2026-05-03 22:24:37.544 | INFO     | betting.kelly:settle_bet:107 - [Bankroll] WIN | stake=0.02 | odds=2.1 | bankroll=0.71 | ROI=-99.9%
2026-05-03 22:24:37.546 | INFO     | betting.kelly:settle_bet:107 - [Bankroll] LOSS | stake=0.02 | odds=4.33 | bankroll=0.69 | ROI=-99.9%
2026-05-03 22:24:37.546 | INFO     | betting.kelly:settle_bet:107 - [Bankroll] LOSS | stake=0.00 | odds=4.5 | bankroll=0.69 | ROI=-99.9%
2026-05-03 22:24:37.546 | INFO     | betting.kelly:settle_bet:107 - [Bankroll] LOSS | stake=0.01 | odds=7.0 | bankroll=0.68 | ROI=-99.9%
2026-05-03 22:24:37.546 | INFO     | betting.kelly:settle_bet:107 - [Bankroll] LOSS | stake=0.02 | odds=8.5 | bankroll=0.66 | ROI=-99.9%
2026-05-03 22:24:37.546 | INFO     | betting.kelly:settle_bet:107 - [Bankroll] LOSS | stake=0.01 | odds=5.25 | bankroll=0.65 | ROI=-99.9%
2026-05-03 22:24:37.547 | INFO     | betting.kelly:settle_bet:107 - [Bankroll] WIN | stake=0.03 | odds=2.63 | bankroll=0.69 | ROI=-99.9%
2026-05-03 22:24:37.547 | INFO     | betting.kelly:settle_bet:107 - [Bankroll] LOSS | stake=0.00 | odds=2.88 | bankroll=0.69 | ROI=-99.9%
2026-05-03 22:24:37.547 | INFO     | betting.kelly:settle_bet:107 - [Bankroll] WIN | stake=0.01 | odds=1.8 | bankroll=0.70 | ROI=-99.9%
2026-05-03 22:24:37.547 | INFO     | betting.kelly:settle_bet:107 - [Bankroll] WIN | stake=0.04 | odds=2.88 | bankroll=0.77 | ROI=-99.9%
2026-05-03 22:24:37.547 | INFO     | betting.kelly:settle_bet:107 - [Bankroll] LOSS | stake=0.00 | odds=3.75 | bankroll=0.77 | ROI=-99.9%
2026-05-03 22:24:37.547 | INFO     | betting.kelly:settle_bet:107 - [Bankroll] LOSS | stake=0.04 | odds=5.75 | bankroll=0.73 | ROI=-99.9%
2026-05-03 22:24:37.547 | INFO     | betting.kelly:settle_bet:107 - [Bankroll] LOSS | stake=0.00 | odds=4.2 | bankroll=0.73 | ROI=-99.9%
2026-05-03 22:24:37.547 | INFO     | betting.kelly:settle_bet:107 - [Bankroll] LOSS | stake=0.02 | odds=6.5 | bankroll=0.71 | ROI=-99.9%
2026-05-03 22:24:37.547 | INFO     | betting.kelly:settle_bet:107 - [Bankroll] LOSS | stake=0.01 | odds=10.0 | bankroll=0.70 | ROI=-99.9%
2026-05-03 22:24:37.547 | INFO     | betting.kelly:settle_bet:107 - [Bankroll] LOSS | stake=0.04 | odds=5.5 | bankroll=0.66 | ROI=-99.9%
2026-05-03 22:24:37.547 | INFO     | betting.kelly:settle_bet:107 - [Bankroll] WIN | stake=0.01 | odds=4.2 | bankroll=0.68 | ROI=-99.9%
2026-05-03 22:24:37.547 | INFO     | betting.kelly:settle_bet:107 - [Bankroll] LOSS | stake=0.03 | odds=11.0 | bankroll=0.65 | ROI=-99.9%
2026-05-03 22:24:37.549 | INFO     | betting.kelly:settle_bet:107 - [Bankroll] LOSS | stake=0.03 | odds=19.0 | bankroll=0.62 | ROI=-99.9%
2026-05-03 22:24:37.550 | INFO     | betting.kelly:settle_bet:107 - [Bankroll] LOSS | stake=0.04 | odds=3.2 | bankroll=0.58 | ROI=-99.9%
2026-05-03 22:24:37.550 | INFO     | betting.kelly:settle_bet:107 - [Bankroll] LOSS | stake=0.01 | odds=2.1 | bankroll=0.57 | ROI=-99.9%
2026-05-03 22:24:37.550 | INFO     | betting.kelly:settle_bet:107 - [Bankroll] LOSS | stake=0.01 | odds=5.5 | bankroll=0.56 | ROI=-99.9%
2026-05-03 22:24:37.550 | INFO     | betting.kelly:settle_bet:107 - [Bankroll] LOSS | stake=0.00 | odds=7.0 | bankroll=0.56 | ROI=-99.9%
2026-05-03 22:24:37.550 | INFO     | betting.kelly:settle_bet:107 - [Bankroll] LOSS | stake=0.03 | odds=3.5 | bankroll=0.53 | ROI=-99.9%
2026-05-03 22:24:37.551 | INFO     | betting.kelly:settle_bet:107 - [Bankroll] LOSS | stake=0.03 | odds=2.7 | bankroll=0.50 | ROI=-100.0%
2026-05-03 22:24:37.551 | INFO     | betting.kelly:settle_bet:107 - [Bankroll] LOSS | stake=0.03 | odds=4.5 | bankroll=0.47 | ROI=-100.0%
2026-05-03 22:24:37.551 | INFO     | betting.kelly:settle_bet:107 - [Bankroll] WIN | stake=0.01 | odds=2.0 | bankroll=0.48 | ROI=-100.0%
2026-05-03 22:24:37.551 | INFO     | betting.kelly:settle_bet:107 - [Bankroll] LOSS | stake=0.00 | odds=3.5 | bankroll=0.48 | ROI=-100.0%
2026-05-03 22:24:37.551 | INFO     | betting.kelly:settle_bet:107 - [Bankroll] LOSS | stake=0.03 | odds=5.0 | bankroll=0.45 | ROI=-100.0%
2026-05-03 22:24:37.551 | INFO     | betting.kelly:settle_bet:107 - [Bankroll] WIN | stake=0.00 | odds=4.33 | bankroll=0.46 | ROI=-100.0%
2026-05-03 22:24:37.551 | INFO     | betting.kelly:settle_bet:107 - [Bankroll] LOSS | stake=0.00 | odds=3.9 | bankroll=0.46 | ROI=-100.0%
2026-05-03 22:24:37.552 | INFO     | betting.kelly:settle_bet:107 - [Bankroll] LOSS | stake=0.01 | odds=3.75 | bankroll=0.45 | ROI=-100.0%
2026-05-03 22:24:37.552 | INFO     | betting.kelly:settle_bet:107 - [Bankroll] WIN | stake=0.01 | odds=5.5 | bankroll=0.48 | ROI=-100.0%
2026-05-03 22:24:37.552 | INFO     | betting.kelly:settle_bet:107 - [Bankroll] LOSS | stake=0.00 | odds=8.0 | bankroll=0.48 | ROI=-100.0%
2026-05-03 22:24:37.552 | INFO     | betting.kelly:settle_bet:107 - [Bankroll] LOSS | stake=0.01 | odds=6.0 | bankroll=0.47 | ROI=-100.0%
2026-05-03 22:24:37.553 | INFO     | betting.kelly:settle_bet:107 - [Bankroll] LOSS | stake=0.01 | odds=8.5 | bankroll=0.46 | ROI=-100.0%
2026-05-03 22:24:37.554 | INFO     | betting.kelly:settle_bet:107 - [Bankroll] WIN | stake=0.02 | odds=6.5 | bankroll=0.55 | ROI=-99.9%
2026-05-03 22:24:37.554 | INFO     | betting.kelly:settle_bet:107 - [Bankroll] LOSS | stake=0.02 | odds=12.0 | bankroll=0.53 | ROI=-99.9%
2026-05-03 22:24:37.554 | INFO     | betting.kelly:settle_bet:107 - [Bankroll] WIN | stake=0.03 | odds=6.5 | bankroll=0.69 | ROI=-99.9%
2026-05-03 22:24:37.554 | INFO     | betting.kelly:settle_bet:107 - [Bankroll] LOSS | stake=0.01 | odds=4.5 | bankroll=0.68 | ROI=-99.9%
2026-05-03 22:24:37.554 | INFO     | betting.kelly:settle_bet:107 - [Bankroll] LOSS | stake=0.01 | odds=5.75 | bankroll=0.67 | ROI=-99.9%
2026-05-03 22:24:37.554 | INFO     | betting.kelly:settle_bet:107 - [Bankroll] LOSS | stake=0.00 | odds=3.8 | bankroll=0.67 | ROI=-99.9%
2026-05-03 22:24:37.554 | INFO     | betting.kelly:settle_bet:107 - [Bankroll] WIN | stake=0.01 | odds=6.0 | bankroll=0.72 | ROI=-99.9%
2026-05-03 22:24:37.554 | INFO     | betting.kelly:settle_bet:107 - [Bankroll] LOSS | stake=0.02 | odds=2.63 | bankroll=0.70 | ROI=-99.9%
2026-05-03 22:24:37.554 | INFO     | betting.kelly:settle_bet:107 - [Bankroll] LOSS | stake=0.01 | odds=4.75 | bankroll=0.69 | ROI=-99.9%
2026-05-03 22:24:37.554 | INFO     | betting.kelly:settle_bet:107 - [Bankroll] LOSS | stake=0.03 | odds=6.5 | bankroll=0.66 | ROI=-99.9%
2026-05-03 22:24:37.554 | INFO     | betting.kelly:settle_bet:107 - [Bankroll] LOSS | stake=0.00 | odds=4.5 | bankroll=0.66 | ROI=-99.9%
2026-05-03 22:24:37.554 | INFO     | betting.kelly:settle_bet:107 - [Bankroll] LOSS | stake=0.02 | odds=6.0 | bankroll=0.64 | ROI=-99.9%
2026-05-03 22:24:37.554 | INFO     | betting.kelly:settle_bet:107 - [Bankroll] LOSS | stake=0.03 | odds=7.5 | bankroll=0.61 | ROI=-99.9%
2026-05-03 22:24:37.554 | INFO     | betting.kelly:settle_bet:107 - [Bankroll] LOSS | stake=0.01 | odds=4.0 | bankroll=0.60 | ROI=-99.9%
2026-05-03 22:24:37.554 | INFO     | betting.kelly:settle_bet:107 - [Bankroll] LOSS | stake=0.01 | odds=3.2 | bankroll=0.59 | ROI=-99.9%
2026-05-03 22:24:37.554 | INFO     | betting.kelly:settle_bet:107 - [Bankroll] LOSS | stake=0.03 | odds=4.33 | bankroll=0.56 | ROI=-99.9%
2026-05-03 22:24:37.554 | INFO     | betting.kelly:settle_bet:107 - [Bankroll] LOSS | stake=0.01 | odds=4.5 | bankroll=0.55 | ROI=-99.9%
2026-05-03 22:24:37.554 | INFO     | betting.kelly:settle_bet:107 - [Bankroll] LOSS | stake=0.00 | odds=3.8 | bankroll=0.55 | ROI=-99.9%
2026-05-03 22:24:37.554 | INFO     | betting.kelly:settle_bet:107 - [Bankroll] WIN | stake=0.01 | odds=3.9 | bankroll=0.57 | ROI=-99.9%
2026-05-03 22:24:37.557 | INFO     | betting.kelly:settle_bet:107 - [Bankroll] LOSS | stake=0.00 | odds=4.0 | bankroll=0.57 | ROI=-99.9%
2026-05-03 22:24:37.557 | INFO     | betting.kelly:settle_bet:107 - [Bankroll] WIN | stake=0.01 | odds=5.0 | bankroll=0.60 | ROI=-99.9%
2026-05-03 22:24:37.557 | INFO     | betting.kelly:settle_bet:107 - [Bankroll] LOSS | stake=0.00 | odds=6.0 | bankroll=0.60 | ROI=-99.9%
2026-05-03 22:24:37.557 | INFO     | betting.kelly:settle_bet:107 - [Bankroll] WIN | stake=0.00 | odds=4.0 | bankroll=0.61 | ROI=-99.9%
2026-05-03 22:24:37.558 | INFO     | betting.kelly:settle_bet:107 - [Bankroll] LOSS | stake=0.01 | odds=4.75 | bankroll=0.60 | ROI=-99.9%
2026-05-03 22:24:37.558 | INFO     | betting.kelly:settle_bet:107 - [Bankroll] LOSS | stake=0.02 | odds=7.5 | bankroll=0.58 | ROI=-99.9%
2026-05-03 22:24:37.558 | INFO     | betting.kelly:settle_bet:107 - [Bankroll] LOSS | stake=0.02 | odds=11.0 | bankroll=0.56 | ROI=-99.9%
2026-05-03 22:24:37.558 | INFO     | betting.kelly:settle_bet:107 - [Bankroll] WIN | stake=0.04 | odds=3.0 | bankroll=0.63 | ROI=-99.9%
2026-05-03 22:24:37.559 | INFO     | betting.kelly:settle_bet:107 - [Bankroll] LOSS | stake=0.01 | odds=2.3 | bankroll=0.62 | ROI=-99.9%
2026-05-03 22:24:37.560 | INFO     | betting.kelly:settle_bet:107 - [Bankroll] LOSS | stake=0.01 | odds=4.75 | bankroll=0.61 | ROI=-99.9%
2026-05-03 22:24:37.560 | INFO     | betting.kelly:settle_bet:107 - [Bankroll] WIN | stake=0.00 | odds=6.5 | bankroll=0.62 | ROI=-99.9%
2026-05-03 22:24:37.560 | INFO     | betting.kelly:settle_bet:107 - [Bankroll] LOSS | stake=0.01 | odds=5.0 | bankroll=0.61 | ROI=-99.9%
2026-05-03 22:24:37.560 | INFO     | betting.kelly:settle_bet:107 - [Bankroll] LOSS | stake=0.01 | odds=7.5 | bankroll=0.60 | ROI=-99.9%
2026-05-03 22:24:37.560 | INFO     | betting.kelly:settle_bet:107 - [Bankroll] WIN | stake=0.01 | odds=2.05 | bankroll=0.61 | ROI=-99.9%
2026-05-03 22:24:37.561 | INFO     | betting.kelly:settle_bet:107 - [Bankroll] LOSS | stake=0.01 | odds=2.35 | bankroll=0.60 | ROI=-99.9%
2026-05-03 22:24:37.561 | INFO     | betting.kelly:settle_bet:107 - [Bankroll] LOSS | stake=0.04 | odds=6.25 | bankroll=0.56 | ROI=-99.9%
2026-05-03 22:24:37.561 | INFO     | betting.kelly:settle_bet:107 - [Bankroll] LOSS | stake=0.00 | odds=4.2 | bankroll=0.56 | ROI=-99.9%
2026-05-03 22:24:37.561 | INFO     | betting.kelly:settle_bet:107 - [Bankroll] LOSS | stake=0.00 | odds=3.6 | bankroll=0.56 | ROI=-99.9%
2026-05-03 22:24:37.561 | INFO     | betting.kelly:settle_bet:107 - [Bankroll] WIN | stake=0.04 | odds=3.25 | bankroll=0.64 | ROI=-99.9%
2026-05-03 22:24:37.562 | INFO     | betting.kelly:settle_bet:107 - [Bankroll] LOSS | stake=0.02 | odds=5.0 | bankroll=0.62 | ROI=-99.9%
2026-05-03 22:24:37.562 | INFO     | betting.kelly:settle_bet:107 - [Bankroll] LOSS | stake=0.01 | odds=2.55 | bankroll=0.61 | ROI=-99.9%
2026-05-03 22:24:37.562 | INFO     | betting.kelly:settle_bet:107 - [Bankroll] WIN | stake=0.01 | odds=4.75 | bankroll=0.63 | ROI=-99.9%
2026-05-03 22:24:37.562 | INFO     | betting.kelly:settle_bet:107 - [Bankroll] LOSS | stake=0.00 | odds=7.0 | bankroll=0.63 | ROI=-99.9%
2026-05-03 22:24:37.562 | INFO     | betting.kelly:settle_bet:107 - [Bankroll] LOSS | stake=0.00 | odds=3.8 | bankroll=0.63 | ROI=-99.9%
2026-05-03 22:24:37.562 | INFO     | betting.kelly:settle_bet:107 - [Bankroll] WIN | stake=0.04 | odds=2.3 | bankroll=0.68 | ROI=-99.9%
2026-05-03 22:24:37.563 | INFO     | betting.kelly:settle_bet:107 - [Bankroll] WIN | stake=0.03 | odds=2.2 | bankroll=0.71 | ROI=-99.9%
2026-05-03 22:24:37.563 | INFO     | betting.kelly:settle_bet:107 - [Bankroll] WIN | stake=0.01 | odds=3.9 | bankroll=0.75 | ROI=-99.9%
2026-05-03 22:24:37.563 | INFO     | betting.kelly:settle_bet:107 - [Bankroll] LOSS | stake=0.03 | odds=12.0 | bankroll=0.72 | ROI=-99.9%
2026-05-03 22:24:37.563 | INFO     | betting.kelly:settle_bet:107 - [Bankroll] LOSS | stake=0.02 | odds=23.0 | bankroll=0.70 | ROI=-99.9%
2026-05-03 22:24:37.564 | INFO     | betting.kelly:settle_bet:107 - [Bankroll] WIN | stake=0.02 | odds=5.5 | bankroll=0.79 | ROI=-99.9%
2026-05-03 22:24:37.564 | INFO     | betting.kelly:settle_bet:107 - [Bankroll] LOSS | stake=0.02 | odds=7.5 | bankroll=0.77 | ROI=-99.9%
2026-05-03 22:24:37.564 | INFO     | betting.kelly:settle_bet:107 - [Bankroll] LOSS | stake=0.02 | odds=4.75 | bankroll=0.75 | ROI=-99.9%
2026-05-03 22:24:37.564 | INFO     | betting.kelly:settle_bet:107 - [Bankroll] WIN | stake=0.02 | odds=6.0 | bankroll=0.85 | ROI=-99.9%
2026-05-03 22:24:37.565 | INFO     | betting.kelly:settle_bet:107 - [Bankroll] WIN | stake=0.01 | odds=3.8 | bankroll=0.86 | ROI=-99.9%
2026-05-03 22:24:37.565 | INFO     | betting.kelly:settle_bet:107 - [Bankroll] WIN | stake=0.05 | odds=2.3 | bankroll=0.93 | ROI=-99.9%
2026-05-03 22:24:37.565 | INFO     | betting.kelly:settle_bet:107 - [Bankroll] LOSS | stake=0.00 | odds=3.5 | bankroll=0.93 | ROI=-99.9%
2026-05-03 22:24:37.566 | INFO     | betting.kelly:settle_bet:107 - [Bankroll] LOSS | stake=0.03 | odds=9.0 | bankroll=0.90 | ROI=-99.9%
2026-05-03 22:24:37.566 | INFO     | betting.kelly:settle_bet:107 - [Bankroll] LOSS | stake=0.02 | odds=15.0 | bankroll=0.88 | ROI=-99.9%
2026-05-03 22:24:37.566 | INFO     | betting.kelly:settle_bet:107 - [Bankroll] WIN | stake=0.01 | odds=4.33 | bankroll=0.92 | ROI=-99.9%
2026-05-03 22:24:37.566 | INFO     | betting.kelly:settle_bet:107 - [Bankroll] LOSS | stake=0.03 | odds=4.75 | bankroll=0.89 | ROI=-99.9%
2026-05-03 22:24:37.566 | INFO     | betting.kelly:settle_bet:107 - [Bankroll] LOSS | stake=0.02 | odds=7.5 | bankroll=0.87 | ROI=-99.9%
2026-05-03 22:24:37.567 | INFO     | betting.kelly:settle_bet:107 - [Bankroll] LOSS | stake=0.02 | odds=5.5 | bankroll=0.85 | ROI=-99.9%
2026-05-03 22:24:37.567 | INFO     | betting.kelly:settle_bet:107 - [Bankroll] WIN | stake=0.02 | odds=5.0 | bankroll=0.91 | ROI=-99.9%
2026-05-03 22:24:37.567 | INFO     | betting.kelly:settle_bet:107 - [Bankroll] LOSS | stake=0.06 | odds=2.3 | bankroll=0.85 | ROI=-99.9%
2026-05-03 22:24:37.567 | INFO     | betting.kelly:settle_bet:107 - [Bankroll] LOSS | stake=0.04 | odds=7.0 | bankroll=0.81 | ROI=-99.9%
2026-05-03 22:24:37.567 | INFO     | betting.kelly:settle_bet:107 - [Bankroll] LOSS | stake=0.02 | odds=5.0 | bankroll=0.79 | ROI=-99.9%
2026-05-03 22:24:37.568 | INFO     | betting.kelly:settle_bet:107 - [Bankroll] LOSS | stake=0.01 | odds=2.75 | bankroll=0.78 | ROI=-99.9%
2026-05-03 22:24:37.568 | INFO     | betting.kelly:settle_bet:107 - [Bankroll] WIN | stake=0.01 | odds=6.5 | bankroll=0.83 | ROI=-99.9%
2026-05-03 22:24:37.568 | INFO     | betting.kelly:settle_bet:107 - [Bankroll] LOSS | stake=0.01 | odds=4.75 | bankroll=0.82 | ROI=-99.9%
2026-05-03 22:24:37.568 | INFO     | betting.kelly:settle_bet:107 - [Bankroll] LOSS | stake=0.05 | odds=6.5 | bankroll=0.77 | ROI=-99.9%
2026-05-03 22:24:37.568 | INFO     | betting.kelly:settle_bet:107 - [Bankroll] LOSS | stake=0.01 | odds=4.75 | bankroll=0.76 | ROI=-99.9%
2026-05-03 22:24:37.569 | INFO     | betting.kelly:settle_bet:107 - [Bankroll] LOSS | stake=0.01 | odds=3.75 | bankroll=0.75 | ROI=-99.9%
2026-05-03 22:24:37.569 | INFO     | betting.kelly:settle_bet:107 - [Bankroll] LOSS | stake=0.02 | odds=4.75 | bankroll=0.73 | ROI=-99.9%
2026-05-03 22:24:37.569 | INFO     | betting.kelly:settle_bet:107 - [Bankroll] WIN | stake=0.03 | odds=2.25 | bankroll=0.76 | ROI=-99.9%
2026-05-03 22:24:37.569 | INFO     | betting.kelly:settle_bet:107 - [Bankroll] LOSS | stake=0.01 | odds=5.5 | bankroll=0.75 | ROI=-99.9%
2026-05-03 22:24:37.569 | INFO     | betting.kelly:settle_bet:107 - [Bankroll] LOSS | stake=0.02 | odds=8.5 | bankroll=0.73 | ROI=-99.9%
2026-05-03 22:24:37.570 | INFO     | betting.kelly:settle_bet:107 - [Bankroll] LOSS | stake=0.03 | odds=3.8 | bankroll=0.70 | ROI=-99.9%
2026-05-03 22:24:37.570 | INFO     | betting.kelly:settle_bet:107 - [Bankroll] WIN | stake=0.04 | odds=2.4 | bankroll=0.76 | ROI=-99.9%
2026-05-03 22:24:37.570 | INFO     | betting.kelly:settle_bet:107 - [Bankroll] LOSS | stake=0.02 | odds=6.25 | bankroll=0.74 | ROI=-99.9%
2026-05-03 22:24:37.570 | INFO     | betting.kelly:settle_bet:107 - [Bankroll] LOSS | stake=0.01 | odds=7.5 | bankroll=0.73 | ROI=-99.9%
2026-05-03 22:24:37.571 | INFO     | betting.kelly:settle_bet:107 - [Bankroll] LOSS | stake=0.05 | odds=4.33 | bankroll=0.68 | ROI=-99.9%
2026-05-03 22:24:37.571 | INFO     | betting.kelly:settle_bet:107 - [Bankroll] WIN | stake=0.02 | odds=6.25 | bankroll=0.76 | ROI=-99.9%
2026-05-03 22:24:37.571 | INFO     | betting.kelly:settle_bet:107 - [Bankroll] LOSS | stake=0.01 | odds=8.0 | bankroll=0.75 | ROI=-99.9%
2026-05-03 22:24:37.571 | INFO     | betting.kelly:settle_bet:107 - [Bankroll] WIN | stake=0.01 | odds=4.2 | bankroll=0.79 | ROI=-99.9%
2026-05-03 22:24:37.571 | INFO     | betting.kelly:settle_bet:107 - [Bankroll] LOSS | stake=0.02 | odds=5.75 | bankroll=0.77 | ROI=-99.9%
2026-05-03 22:24:37.571 | INFO     | betting.kelly:settle_bet:107 - [Bankroll] LOSS | stake=0.05 | odds=3.3 | bankroll=0.72 | ROI=-99.9%
2026-05-03 22:24:37.571 | INFO     | betting.kelly:settle_bet:107 - [Bankroll] LOSS | stake=0.04 | odds=2.7 | bankroll=0.68 | ROI=-99.9%
2026-05-03 22:24:37.571 | INFO     | betting.kelly:settle_bet:107 - [Bankroll] LOSS | stake=0.04 | odds=3.7 | bankroll=0.64 | ROI=-99.9%
2026-05-03 22:24:37.571 | INFO     | betting.kelly:settle_bet:107 - [Bankroll] LOSS | stake=0.01 | odds=4.75 | bankroll=0.63 | ROI=-99.9%
2026-05-03 22:24:37.571 | INFO     | betting.kelly:settle_bet:107 - [Bankroll] LOSS | stake=0.02 | odds=7.5 | bankroll=0.61 | ROI=-99.9%
2026-05-03 22:24:37.571 | INFO     | betting.kelly:settle_bet:107 - [Bankroll] LOSS | stake=0.02 | odds=7.0 | bankroll=0.59 | ROI=-99.9%
2026-05-03 22:24:37.571 | INFO     | betting.kelly:settle_bet:107 - [Bankroll] LOSS | stake=0.01 | odds=5.0 | bankroll=0.58 | ROI=-99.9%
2026-05-03 22:24:37.571 | INFO     | betting.kelly:settle_bet:107 - [Bankroll] LOSS | stake=0.01 | odds=2.35 | bankroll=0.57 | ROI=-99.9%
2026-05-03 22:24:37.574 | INFO     | betting.kelly:settle_bet:107 - [Bankroll] WIN | stake=0.04 | odds=3.1 | bankroll=0.64 | ROI=-99.9%
2026-05-03 22:24:37.574 | INFO     | betting.kelly:settle_bet:107 - [Bankroll] LOSS | stake=0.00 | odds=4.33 | bankroll=0.64 | ROI=-99.9%
2026-05-03 22:24:37.574 | INFO     | betting.kelly:settle_bet:107 - [Bankroll] LOSS | stake=0.00 | odds=5.75 | bankroll=0.64 | ROI=-99.9%
2026-05-03 22:24:37.574 | INFO     | betting.kelly:settle_bet:107 - [Bankroll] LOSS | stake=0.00 | odds=4.0 | bankroll=0.64 | ROI=-99.9%
2026-05-03 22:24:37.574 | INFO     | betting.kelly:settle_bet:107 - [Bankroll] LOSS | stake=0.00 | odds=4.2 | bankroll=0.64 | ROI=-99.9%
2026-05-03 22:24:37.576 | INFO     | betting.kelly:settle_bet:107 - [Bankroll] LOSS | stake=0.00 | odds=3.6 | bankroll=0.64 | ROI=-99.9%
2026-05-03 22:24:37.576 | INFO     | betting.kelly:settle_bet:107 - [Bankroll] WIN | stake=0.02 | odds=5.25 | bankroll=0.71 | ROI=-99.9%
2026-05-03 22:24:37.576 | INFO     | betting.kelly:settle_bet:107 - [Bankroll] LOSS | stake=0.00 | odds=4.5 | bankroll=0.71 | ROI=-99.9%
2026-05-03 22:24:37.576 | INFO     | betting.kelly:settle_bet:107 - [Bankroll] LOSS | stake=0.01 | odds=4.2 | bankroll=0.70 | ROI=-99.9%
2026-05-03 22:24:37.576 | INFO     | betting.kelly:settle_bet:107 - [Bankroll] LOSS | stake=0.01 | odds=4.33 | bankroll=0.69 | ROI=-99.9%
2026-05-03 22:24:37.577 | INFO     | betting.kelly:settle_bet:107 - [Bankroll] LOSS | stake=0.01 | odds=5.25 | bankroll=0.68 | ROI=-99.9%
2026-05-03 22:24:37.577 | INFO     | betting.kelly:settle_bet:107 - [Bankroll] LOSS | stake=0.01 | odds=7.5 | bankroll=0.67 | ROI=-99.9%
2026-05-03 22:24:37.577 | INFO     | betting.kelly:settle_bet:107 - [Bankroll] LOSS | stake=0.00 | odds=3.8 | bankroll=0.67 | ROI=-99.9%
2026-05-03 22:24:37.577 | INFO     | betting.kelly:settle_bet:107 - [Bankroll] LOSS | stake=0.02 | odds=3.75 | bankroll=0.65 | ROI=-99.9%
2026-05-03 22:24:37.578 | INFO     | betting.kelly:settle_bet:107 - [Bankroll] LOSS | stake=0.04 | odds=5.25 | bankroll=0.61 | ROI=-99.9%
2026-05-03 22:24:37.578 | INFO     | betting.kelly:settle_bet:107 - [Bankroll] LOSS | stake=0.00 | odds=2.38 | bankroll=0.61 | ROI=-99.9%
2026-05-03 22:24:37.578 | INFO     | betting.kelly:settle_bet:107 - [Bankroll] LOSS | stake=0.03 | odds=4.75 | bankroll=0.58 | ROI=-99.9%
2026-05-03 22:24:37.578 | INFO     | betting.kelly:settle_bet:107 - [Bankroll] WIN | stake=0.01 | odds=4.2 | bankroll=0.60 | ROI=-99.9%
2026-05-03 22:24:37.579 | INFO     | betting.kelly:settle_bet:107 - [Bankroll] WIN | stake=0.01 | odds=4.75 | bankroll=0.63 | ROI=-99.9%
2026-05-03 22:24:37.579 | INFO     | betting.kelly:settle_bet:107 - [Bankroll] LOSS | stake=0.01 | odds=5.25 | bankroll=0.62 | ROI=-99.9%
2026-05-03 22:24:37.579 | INFO     | betting.kelly:settle_bet:107 - [Bankroll] LOSS | stake=0.00 | odds=7.0 | bankroll=0.62 | ROI=-99.9%
2026-05-03 22:24:37.579 | INFO     | betting.kelly:settle_bet:107 - [Bankroll] WIN | stake=0.04 | odds=2.6 | bankroll=0.68 | ROI=-99.9%
2026-05-03 22:24:37.579 | INFO     | betting.kelly:settle_bet:107 - [Bankroll] LOSS | stake=0.03 | odds=9.0 | bankroll=0.65 | ROI=-99.9%
2026-05-03 22:24:37.579 | INFO     | betting.kelly:settle_bet:107 - [Bankroll] LOSS | stake=0.02 | odds=17.0 | bankroll=0.63 | ROI=-99.9%
2026-05-03 22:24:37.579 | INFO     | betting.kelly:settle_bet:107 - [Bankroll] LOSS | stake=0.00 | odds=3.9 | bankroll=0.63 | ROI=-99.9%
2026-05-03 22:24:37.579 | INFO     | betting.kelly:settle_bet:107 - [Bankroll] WIN | stake=0.00 | odds=4.5 | bankroll=0.64 | ROI=-99.9%
2026-05-03 22:24:37.579 | INFO     | betting.kelly:settle_bet:107 - [Bankroll] LOSS | stake=0.01 | odds=3.25 | bankroll=0.63 | ROI=-99.9%
2026-05-03 22:24:37.579 | INFO     | betting.kelly:settle_bet:107 - [Bankroll] LOSS | stake=0.04 | odds=3.9 | bankroll=0.59 | ROI=-99.9%
2026-05-03 22:24:37.579 | INFO     | betting.kelly:settle_bet:107 - [Bankroll] LOSS | stake=0.01 | odds=5.5 | bankroll=0.58 | ROI=-99.9%
2026-05-03 22:24:37.581 | INFO     | betting.kelly:settle_bet:107 - [Bankroll] LOSS | stake=0.00 | odds=8.0 | bankroll=0.58 | ROI=-99.9%
2026-05-03 22:24:37.581 | INFO     | betting.kelly:settle_bet:107 - [Bankroll] LOSS | stake=0.01 | odds=6.0 | bankroll=0.57 | ROI=-99.9%
2026-05-03 22:24:37.581 | INFO     | betting.kelly:settle_bet:107 - [Bankroll] LOSS | stake=0.02 | odds=9.5 | bankroll=0.55 | ROI=-99.9%
2026-05-03 22:24:37.581 | INFO     | betting.kelly:settle_bet:107 - [Bankroll] LOSS | stake=0.01 | odds=5.75 | bankroll=0.54 | ROI=-99.9%
2026-05-03 22:24:37.582 | INFO     | betting.kelly:settle_bet:107 - [Bankroll] LOSS | stake=0.01 | odds=11.0 | bankroll=0.53 | ROI=-99.9%
2026-05-03 22:24:37.582 | INFO     | betting.kelly:settle_bet:107 - [Bankroll] WIN | stake=0.00 | odds=2.63 | bankroll=0.54 | ROI=-99.9%
2026-05-03 22:24:37.582 | INFO     | betting.kelly:settle_bet:107 - [Bankroll] LOSS | stake=0.01 | odds=7.5 | bankroll=0.53 | ROI=-99.9%
2026-05-03 22:24:37.582 | INFO     | betting.kelly:settle_bet:107 - [Bankroll] LOSS | stake=0.01 | odds=15.0 | bankroll=0.52 | ROI=-99.9%
2026-05-03 22:24:37.583 | INFO     | betting.kelly:settle_bet:107 - [Bankroll] WIN | stake=0.01 | odds=4.1 | bankroll=0.54 | ROI=-99.9%
2026-05-03 22:24:37.583 | INFO     | betting.kelly:settle_bet:107 - [Bankroll] LOSS | stake=0.02 | odds=7.0 | bankroll=0.52 | ROI=-99.9%
2026-05-03 22:24:37.583 | INFO     | betting.kelly:settle_bet:107 - [Bankroll] LOSS | stake=0.03 | odds=4.33 | bankroll=0.49 | ROI=-100.0%
2026-05-03 22:24:37.583 | INFO     | betting.kelly:settle_bet:107 - [Bankroll] LOSS | stake=0.00 | odds=3.7 | bankroll=0.49 | ROI=-100.0%
2026-05-03 22:24:37.583 | INFO     | betting.kelly:settle_bet:107 - [Bankroll] LOSS | stake=0.01 | odds=4.5 | bankroll=0.48 | ROI=-100.0%
2026-05-03 22:24:37.585 | INFO     | betting.kelly:settle_bet:107 - [Bankroll] LOSS | stake=0.03 | odds=3.0 | bankroll=0.45 | ROI=-100.0%
2026-05-03 22:24:37.585 | INFO     | betting.kelly:settle_bet:107 - [Bankroll] LOSS | stake=0.03 | odds=2.38 | bankroll=0.42 | ROI=-100.0%
2026-05-03 22:24:37.585 | INFO     | betting.kelly:settle_bet:107 - [Bankroll] LOSS | stake=0.02 | odds=3.7 | bankroll=0.40 | ROI=-100.0%
2026-05-03 22:24:37.585 | INFO     | betting.kelly:settle_bet:107 - [Bankroll] LOSS | stake=0.03 | odds=6.5 | bankroll=0.38 | ROI=-100.0%
2026-05-03 22:24:37.585 | INFO     | betting.kelly:settle_bet:107 - [Bankroll] LOSS | stake=0.01 | odds=5.0 | bankroll=0.37 | ROI=-100.0%
2026-05-03 22:24:37.586 | INFO     | betting.kelly:settle_bet:107 - [Bankroll] WIN | stake=0.01 | odds=3.3 | bankroll=0.39 | ROI=-100.0%
2026-05-03 22:24:37.586 | INFO     | betting.kelly:settle_bet:107 - [Bankroll] LOSS | stake=0.00 | odds=4.75 | bankroll=0.39 | ROI=-100.0%
2026-05-03 22:24:37.586 | INFO     | betting.kelly:settle_bet:107 - [Bankroll] LOSS | stake=0.00 | odds=8.0 | bankroll=0.39 | ROI=-100.0%
2026-05-03 22:24:37.586 | INFO     | betting.kelly:settle_bet:107 - [Bankroll] WIN | stake=0.02 | odds=2.8 | bankroll=0.43 | ROI=-100.0%
2026-05-03 22:24:37.586 | INFO     | betting.kelly:settle_bet:107 - [Bankroll] LOSS | stake=0.01 | odds=7.5 | bankroll=0.42 | ROI=-100.0%
2026-05-03 22:24:37.586 | INFO     | betting.kelly:settle_bet:107 - [Bankroll] LOSS | stake=0.00 | odds=5.25 | bankroll=0.42 | ROI=-100.0%
2026-05-03 22:24:37.587 | INFO     | betting.kelly:settle_bet:107 - [Bankroll] LOSS | stake=0.01 | odds=5.75 | bankroll=0.41 | ROI=-100.0%
2026-05-03 22:24:37.587 | INFO     | betting.kelly:settle_bet:107 - [Bankroll] WIN | stake=0.01 | odds=5.0 | bankroll=0.44 | ROI=-100.0%
2026-05-03 22:24:37.587 | INFO     | betting.kelly:settle_bet:107 - [Bankroll] LOSS | stake=0.01 | odds=7.0 | bankroll=0.43 | ROI=-100.0%
2026-05-03 22:24:37.587 | INFO     | betting.kelly:settle_bet:107 - [Bankroll] LOSS | stake=0.03 | odds=3.7 | bankroll=0.40 | ROI=-100.0%
2026-05-03 22:24:37.588 | INFO     | betting.kelly:settle_bet:107 - [Bankroll] WIN | stake=0.01 | odds=4.33 | bankroll=0.42 | ROI=-100.0%
2026-05-03 22:24:37.588 | INFO     | betting.kelly:settle_bet:107 - [Bankroll] LOSS | stake=0.01 | odds=4.75 | bankroll=0.41 | ROI=-100.0%
2026-05-03 22:24:37.588 | INFO     | betting.kelly:settle_bet:107 - [Bankroll] LOSS | stake=0.03 | odds=7.5 | bankroll=0.38 | ROI=-100.0%
2026-05-03 22:24:37.588 | INFO     | betting.kelly:settle_bet:107 - [Bankroll] LOSS | stake=0.01 | odds=5.75 | bankroll=0.37 | ROI=-100.0%
2026-05-03 22:24:37.588 | INFO     | betting.kelly:settle_bet:107 - [Bankroll] LOSS | stake=0.00 | odds=4.0 | bankroll=0.37 | ROI=-100.0%
2026-05-03 22:24:37.588 | INFO     | betting.kelly:settle_bet:107 - [Bankroll] LOSS | stake=0.01 | odds=4.5 | bankroll=0.36 | ROI=-100.0%
2026-05-03 22:24:37.589 | INFO     | betting.kelly:settle_bet:107 - [Bankroll] LOSS | stake=0.01 | odds=4.0 | bankroll=0.35 | ROI=-100.0%
2026-05-03 22:24:37.589 | INFO     | betting.kelly:settle_bet:107 - [Bankroll] WIN | stake=0.01 | odds=2.8 | bankroll=0.37 | ROI=-100.0%
2026-05-03 22:24:37.590 | INFO     | betting.kelly:settle_bet:107 - [Bankroll] LOSS | stake=0.00 | odds=3.75 | bankroll=0.37 | ROI=-100.0%
2026-05-03 22:24:37.590 | INFO     | betting.kelly:settle_bet:107 - [Bankroll] WIN | stake=0.01 | odds=5.5 | bankroll=0.42 | ROI=-100.0%
2026-05-03 22:24:37.590 | INFO     | betting.kelly:settle_bet:107 - [Bankroll] LOSS | stake=0.02 | odds=12.0 | bankroll=0.40 | ROI=-100.0%
2026-05-03 22:24:37.590 | INFO     | betting.kelly:settle_bet:107 - [Bankroll] LOSS | stake=0.01 | odds=15.0 | bankroll=0.39 | ROI=-100.0%
2026-05-03 22:24:37.590 | INFO     | betting.kelly:settle_bet:107 - [Bankroll] LOSS | stake=0.02 | odds=7.0 | bankroll=0.37 | ROI=-100.0%
2026-05-03 22:24:37.590 | INFO     | betting.kelly:settle_bet:107 - [Bankroll] LOSS | stake=0.00 | odds=4.5 | bankroll=0.37 | ROI=-100.0%
2026-05-03 22:24:37.590 | INFO     | betting.kelly:settle_bet:107 - [Bankroll] LOSS | stake=0.00 | odds=4.0 | bankroll=0.37 | ROI=-100.0%
2026-05-03 22:24:37.590 | INFO     | betting.kelly:settle_bet:107 - [Bankroll] LOSS | stake=0.00 | odds=3.3 | bankroll=0.37 | ROI=-100.0%
2026-05-03 22:24:37.590 | INFO     | betting.kelly:settle_bet:107 - [Bankroll] LOSS | stake=0.00 | odds=3.7 | bankroll=0.37 | ROI=-100.0%
2026-05-03 22:24:37.590 | INFO     | betting.kelly:settle_bet:107 - [Bankroll] LOSS | stake=0.00 | odds=6.5 | bankroll=0.37 | ROI=-100.0%
2026-05-03 22:24:37.590 | INFO     | betting.kelly:settle_bet:107 - [Bankroll] LOSS | stake=0.01 | odds=5.25 | bankroll=0.36 | ROI=-100.0%
2026-05-03 22:24:37.590 | INFO     | betting.kelly:settle_bet:107 - [Bankroll] WIN | stake=0.01 | odds=4.33 | bankroll=0.38 | ROI=-100.0%
2026-05-03 22:24:37.590 | INFO     | betting.kelly:settle_bet:107 - [Bankroll] LOSS | stake=0.01 | odds=5.75 | bankroll=0.37 | ROI=-100.0%
2026-05-03 22:24:37.590 | INFO     | betting.kelly:settle_bet:107 - [Bankroll] LOSS | stake=0.01 | odds=2.3 | bankroll=0.36 | ROI=-100.0%
2026-05-03 22:24:37.590 | INFO     | betting.kelly:settle_bet:107 - [Bankroll] LOSS | stake=0.01 | odds=3.1 | bankroll=0.35 | ROI=-100.0%
2026-05-03 22:24:37.590 | INFO     | betting.kelly:settle_bet:107 - [Bankroll] LOSS | stake=0.01 | odds=5.5 | bankroll=0.34 | ROI=-100.0%
2026-05-03 22:24:37.590 | INFO     | betting.kelly:settle_bet:107 - [Bankroll] WIN | stake=0.02 | odds=5.5 | bankroll=0.41 | ROI=-100.0%
2026-05-03 22:24:37.590 | INFO     | betting.kelly:settle_bet:107 - [Bankroll] WIN | stake=0.02 | odds=2.55 | bankroll=0.44 | ROI=-100.0%
2026-05-03 22:24:37.590 | INFO     | betting.kelly:settle_bet:107 - [Bankroll] WIN | stake=0.01 | odds=2.25 | bankroll=0.46 | ROI=-100.0%
2026-05-03 22:24:37.590 | INFO     | betting.kelly:settle_bet:107 - [Bankroll] LOSS | stake=0.03 | odds=4.5 | bankroll=0.43 | ROI=-100.0%
2026-05-03 22:24:37.594 | INFO     | betting.kelly:settle_bet:107 - [Bankroll] LOSS | stake=0.00 | odds=4.33 | bankroll=0.43 | ROI=-100.0%
2026-05-03 22:24:37.594 | INFO     | betting.kelly:settle_bet:107 - [Bankroll] LOSS | stake=0.03 | odds=2.8 | bankroll=0.40 | ROI=-100.0%
2026-05-03 22:24:37.594 | INFO     | betting.kelly:settle_bet:107 - [Bankroll] LOSS | stake=0.02 | odds=4.33 | bankroll=0.38 | ROI=-100.0%
2026-05-03 22:24:37.594 | INFO     | betting.kelly:settle_bet:107 - [Bankroll] WIN | stake=0.01 | odds=3.3 | bankroll=0.40 | ROI=-100.0%
2026-05-03 22:24:37.595 | INFO     | betting.kelly:settle_bet:107 - [Bankroll] LOSS | stake=0.00 | odds=4.5 | bankroll=0.40 | ROI=-100.0%
2026-05-03 22:24:37.595 | INFO     | betting.kelly:settle_bet:107 - [Bankroll] WIN | stake=0.01 | odds=3.8 | bankroll=0.42 | ROI=-100.0%
2026-05-03 22:24:37.595 | INFO     | betting.kelly:settle_bet:107 - [Bankroll] WIN | stake=0.02 | odds=2.38 | bankroll=0.45 | ROI=-100.0%
2026-05-03 22:24:37.596 | INFO     | betting.kelly:settle_bet:107 - [Bankroll] LOSS | stake=0.01 | odds=2.35 | bankroll=0.44 | ROI=-100.0%
2026-05-03 22:24:37.596 | INFO     | betting.kelly:settle_bet:107 - [Bankroll] LOSS | stake=0.01 | odds=3.1 | bankroll=0.43 | ROI=-100.0%
2026-05-03 22:24:37.596 | INFO     | betting.kelly:settle_bet:107 - [Bankroll] LOSS | stake=0.02 | odds=17.0 | bankroll=0.41 | ROI=-100.0%
2026-05-03 22:24:37.596 | INFO     | betting.kelly:settle_bet:107 - [Bankroll] LOSS | stake=0.02 | odds=26.0 | bankroll=0.39 | ROI=-100.0%
2026-05-03 22:24:37.596 | INFO     | betting.kelly:settle_bet:107 - [Bankroll] LOSS | stake=0.00 | odds=4.0 | bankroll=0.39 | ROI=-100.0%
2026-05-03 22:24:37.596 | INFO     | betting.kelly:settle_bet:107 - [Bankroll] LOSS | stake=0.02 | odds=2.1 | bankroll=0.37 | ROI=-100.0%
2026-05-03 22:24:37.597 | INFO     | betting.kelly:settle_bet:107 - [Bankroll] LOSS | stake=0.00 | odds=4.0 | bankroll=0.37 | ROI=-100.0%
2026-05-03 22:24:37.597 | INFO     | betting.kelly:settle_bet:107 - [Bankroll] LOSS | stake=0.01 | odds=7.0 | bankroll=0.36 | ROI=-100.0%
2026-05-03 22:24:37.597 | INFO     | betting.kelly:settle_bet:107 - [Bankroll] LOSS | stake=0.01 | odds=9.5 | bankroll=0.35 | ROI=-100.0%
2026-05-03 22:24:37.597 | INFO     | betting.kelly:settle_bet:107 - [Bankroll] LOSS | stake=0.01 | odds=4.75 | bankroll=0.34 | ROI=-100.0%
2026-05-03 22:24:37.597 | INFO     | betting.kelly:settle_bet:107 - [Bankroll] LOSS | stake=0.01 | odds=8.0 | bankroll=0.33 | ROI=-100.0%
2026-05-03 22:24:37.598 | INFO     | betting.kelly:settle_bet:107 - [Bankroll] LOSS | stake=0.01 | odds=11.0 | bankroll=0.32 | ROI=-100.0%
2026-05-03 22:24:37.598 | INFO     | betting.kelly:settle_bet:107 - [Bankroll] LOSS | stake=0.01 | odds=17.0 | bankroll=0.31 | ROI=-100.0%
2026-05-03 22:24:37.598 | INFO     | betting.kelly:settle_bet:107 - [Bankroll] LOSS | stake=0.00 | odds=4.33 | bankroll=0.31 | ROI=-100.0%
2026-05-03 22:24:37.598 | INFO     | betting.kelly:settle_bet:107 - [Bankroll] LOSS | stake=0.00 | odds=3.75 | bankroll=0.31 | ROI=-100.0%
2026-05-03 22:24:37.598 | INFO     | betting.kelly:settle_bet:107 - [Bankroll] LOSS | stake=0.01 | odds=4.75 | bankroll=0.30 | ROI=-100.0%
2026-05-03 22:24:37.599 | INFO     | betting.kelly:settle_bet:107 - [Bankroll] LOSS | stake=0.00 | odds=3.8 | bankroll=0.30 | ROI=-100.0%
2026-05-03 22:24:37.599 | INFO     | betting.kelly:settle_bet:107 - [Bankroll] WIN | stake=0.00 | odds=3.9 | bankroll=0.31 | ROI=-100.0%
2026-05-03 22:24:37.600 | INFO     | betting.kelly:settle_bet:107 - [Bankroll] LOSS | stake=0.01 | odds=2.2 | bankroll=0.30 | ROI=-100.0%
2026-05-03 22:24:37.600 | INFO     | betting.kelly:settle_bet:107 - [Bankroll] LOSS | stake=0.01 | odds=2.63 | bankroll=0.29 | ROI=-100.0%
2026-05-03 22:24:37.601 | INFO     | betting.kelly:settle_bet:107 - [Bankroll] LOSS | stake=0.01 | odds=7.5 | bankroll=0.28 | ROI=-100.0%
2026-05-03 22:24:37.601 | INFO     | betting.kelly:settle_bet:107 - [Bankroll] WIN | stake=0.00 | odds=4.5 | bankroll=0.29 | ROI=-100.0%
2026-05-03 22:24:37.601 | INFO     | betting.kelly:settle_bet:107 - [Bankroll] LOSS | stake=0.01 | odds=2.4 | bankroll=0.28 | ROI=-100.0%
2026-05-03 22:24:37.602 | INFO     | betting.kelly:settle_bet:107 - [Bankroll] WIN | stake=0.01 | odds=2.7 | bankroll=0.29 | ROI=-100.0%
2026-05-03 22:24:37.602 | INFO     | betting.kelly:settle_bet:107 - [Bankroll] WIN | stake=0.01 | odds=5.0 | bankroll=0.34 | ROI=-100.0%
2026-05-03 22:24:37.602 | INFO     | betting.kelly:settle_bet:107 - [Bankroll] LOSS | stake=0.00 | odds=3.9 | bankroll=0.34 | ROI=-100.0%
2026-05-03 22:24:37.602 | INFO     | betting.kelly:settle_bet:107 - [Bankroll] WIN | stake=0.01 | odds=4.75 | bankroll=0.37 | ROI=-100.0%
2026-05-03 22:24:37.602 | INFO     | betting.kelly:settle_bet:107 - [Bankroll] LOSS | stake=0.01 | odds=7.0 | bankroll=0.36 | ROI=-100.0%
2026-05-03 22:24:37.602 | INFO     | betting.kelly:settle_bet:107 - [Bankroll] LOSS | stake=0.02 | odds=2.9 | bankroll=0.34 | ROI=-100.0%
2026-05-03 22:24:37.602 | INFO     | betting.kelly:settle_bet:107 - [Bankroll] LOSS | stake=0.00 | odds=4.2 | bankroll=0.34 | ROI=-100.0%
2026-05-03 22:24:37.602 | INFO     | betting.kelly:settle_bet:107 - [Bankroll] LOSS | stake=0.00 | odds=2.2 | bankroll=0.34 | ROI=-100.0%
2026-05-03 22:24:37.602 | INFO     | betting.kelly:settle_bet:107 - [Bankroll] LOSS | stake=0.00 | odds=2.35 | bankroll=0.34 | ROI=-100.0%
2026-05-03 22:24:37.602 | INFO     | betting.kelly:settle_bet:107 - [Bankroll] LOSS | stake=0.01 | odds=3.3 | bankroll=0.33 | ROI=-100.0%
2026-05-03 22:24:37.602 | INFO     | betting.kelly:settle_bet:107 - [Bankroll] LOSS | stake=0.00 | odds=4.2 | bankroll=0.33 | ROI=-100.0%
2026-05-03 22:24:37.602 | INFO     | betting.kelly:settle_bet:107 - [Bankroll] WIN | stake=0.01 | odds=5.0 | bankroll=0.36 | ROI=-100.0%
2026-05-03 22:24:37.605 | INFO     | betting.kelly:settle_bet:107 - [Bankroll] LOSS | stake=0.02 | odds=8.5 | bankroll=0.34 | ROI=-100.0%
2026-05-03 22:24:37.605 | INFO     | betting.kelly:settle_bet:107 - [Bankroll] LOSS | stake=0.00 | odds=5.0 | bankroll=0.34 | ROI=-100.0%
2026-05-03 22:24:37.605 | INFO     | betting.kelly:settle_bet:107 - [Bankroll] LOSS | stake=0.01 | odds=6.0 | bankroll=0.33 | ROI=-100.0%
2026-05-03 22:24:37.605 | INFO     | betting.kelly:settle_bet:107 - [Bankroll] LOSS | stake=0.00 | odds=4.5 | bankroll=0.33 | ROI=-100.0%
2026-05-03 22:24:37.605 | INFO     | betting.kelly:settle_bet:107 - [Bankroll] LOSS | stake=0.01 | odds=2.62 | bankroll=0.32 | ROI=-100.0%
2026-05-03 22:24:37.606 | INFO     | betting.kelly:settle_bet:107 - [Bankroll] LOSS | stake=0.01 | odds=5.75 | bankroll=0.31 | ROI=-100.0%
2026-05-03 22:24:37.606 | INFO     | betting.kelly:settle_bet:107 - [Bankroll] LOSS | stake=0.00 | odds=7.5 | bankroll=0.31 | ROI=-100.0%
2026-05-03 22:24:37.606 | INFO     | betting.kelly:settle_bet:107 - [Bankroll] LOSS | stake=0.01 | odds=8.0 | bankroll=0.30 | ROI=-100.0%
2026-05-03 22:24:37.606 | INFO     | betting.kelly:settle_bet:107 - [Bankroll] LOSS | stake=0.01 | odds=12.0 | bankroll=0.29 | ROI=-100.0%
2026-05-03 22:24:37.607 | INFO     | betting.kelly:settle_bet:107 - [Bankroll] LOSS | stake=0.02 | odds=3.6 | bankroll=0.27 | ROI=-100.0%
2026-05-03 22:24:37.607 | INFO     | betting.kelly:settle_bet:107 - [Bankroll] LOSS | stake=0.02 | odds=3.9 | bankroll=0.25 | ROI=-100.0%
2026-05-03 22:24:37.607 | INFO     | betting.kelly:settle_bet:107 - [Bankroll] LOSS | stake=0.00 | odds=3.6 | bankroll=0.25 | ROI=-100.0%
2026-05-03 22:24:37.607 | INFO     | betting.kelly:settle_bet:107 - [Bankroll] LOSS | stake=0.00 | odds=3.8 | bankroll=0.25 | ROI=-100.0%
2026-05-03 22:24:37.608 | INFO     | betting.kelly:settle_bet:107 - [Bankroll] LOSS | stake=0.01 | odds=6.0 | bankroll=0.24 | ROI=-100.0%
2026-05-03 22:24:37.608 | INFO     | betting.kelly:settle_bet:107 - [Bankroll] WIN | stake=0.01 | odds=10.0 | bankroll=0.30 | ROI=-100.0%
2026-05-03 22:24:37.608 | INFO     | betting.kelly:settle_bet:107 - [Bankroll] LOSS | stake=0.02 | odds=2.5 | bankroll=0.28 | ROI=-100.0%
2026-05-03 22:24:37.608 | INFO     | betting.kelly:settle_bet:107 - [Bankroll] LOSS | stake=0.00 | odds=6.0 | bankroll=0.28 | ROI=-100.0%
2026-05-03 22:24:37.609 | INFO     | betting.kelly:settle_bet:107 - [Bankroll] LOSS | stake=0.01 | odds=4.1 | bankroll=0.27 | ROI=-100.0%
2026-05-03 22:24:37.609 | INFO     | betting.kelly:settle_bet:107 - [Bankroll] LOSS | stake=0.02 | odds=11.0 | bankroll=0.25 | ROI=-100.0%
2026-05-03 22:24:37.609 | INFO     | betting.kelly:settle_bet:107 - [Bankroll] LOSS | stake=0.01 | odds=6.0 | bankroll=0.24 | ROI=-100.0%
2026-05-03 22:24:37.609 | INFO     | betting.kelly:settle_bet:107 - [Bankroll] LOSS | stake=0.00 | odds=1.85 | bankroll=0.24 | ROI=-100.0%
2026-05-03 22:24:37.610 | INFO     | betting.kelly:settle_bet:107 - [Bankroll] LOSS | stake=0.00 | odds=4.5 | bankroll=0.24 | ROI=-100.0%
2026-05-03 22:24:37.610 | INFO     | betting.kelly:settle_bet:107 - [Bankroll] LOSS | stake=0.00 | odds=4.5 | bankroll=0.24 | ROI=-100.0%
2026-05-03 22:24:37.610 | INFO     | betting.kelly:settle_bet:107 - [Bankroll] WIN | stake=0.00 | odds=4.2 | bankroll=0.24 | ROI=-100.0%
2026-05-03 22:24:37.610 | INFO     | betting.kelly:settle_bet:107 - [Bankroll] LOSS | stake=0.00 | odds=6.0 | bankroll=0.24 | ROI=-100.0%
2026-05-03 22:24:37.611 | INFO     | betting.kelly:settle_bet:107 - [Bankroll] LOSS | stake=0.01 | odds=6.5 | bankroll=0.23 | ROI=-100.0%
2026-05-03 22:24:37.611 | INFO     | betting.kelly:settle_bet:107 - [Bankroll] LOSS | stake=0.01 | odds=7.5 | bankroll=0.22 | ROI=-100.0%
2026-05-03 22:24:37.611 | INFO     | betting.kelly:settle_bet:107 - [Bankroll] LOSS | stake=0.01 | odds=2.88 | bankroll=0.21 | ROI=-100.0%
2026-05-03 22:24:37.611 | INFO     | betting.kelly:settle_bet:107 - [Bankroll] WIN | stake=0.00 | odds=5.0 | bankroll=0.22 | ROI=-100.0%
2026-05-03 22:24:37.611 | INFO     | betting.kelly:settle_bet:107 - [Bankroll] LOSS | stake=0.00 | odds=8.5 | bankroll=0.22 | ROI=-100.0%
2026-05-03 22:24:37.612 | INFO     | betting.kelly:settle_bet:107 - [Bankroll] LOSS | stake=0.01 | odds=3.5 | bankroll=0.21 | ROI=-100.0%
2026-05-03 22:24:37.612 | INFO     | betting.kelly:settle_bet:107 - [Bankroll] LOSS | stake=0.00 | odds=3.8 | bankroll=0.21 | ROI=-100.0%
2026-05-03 22:24:37.612 | INFO     | betting.kelly:settle_bet:107 - [Bankroll] LOSS | stake=0.00 | odds=2.8 | bankroll=0.21 | ROI=-100.0%
2026-05-03 22:24:37.613 | INFO     | betting.kelly:settle_bet:107 - [Bankroll] WIN | stake=0.00 | odds=2.63 | bankroll=0.22 | ROI=-100.0%
2026-05-03 22:24:37.613 | INFO     | betting.kelly:settle_bet:107 - [Bankroll] LOSS | stake=0.01 | odds=8.0 | bankroll=0.21 | ROI=-100.0%
2026-05-03 22:24:37.613 | INFO     | betting.kelly:settle_bet:107 - [Bankroll] LOSS | stake=0.00 | odds=13.0 | bankroll=0.21 | ROI=-100.0%
2026-05-03 22:24:37.614 | INFO     | betting.kelly:settle_bet:107 - [Bankroll] LOSS | stake=0.00 | odds=2.0 | bankroll=0.21 | ROI=-100.0%
2026-05-03 22:24:37.615 | INFO     | betting.kelly:settle_bet:107 - [Bankroll] LOSS | stake=0.00 | odds=4.33 | bankroll=0.21 | ROI=-100.0%
2026-05-03 22:24:37.615 | INFO     | betting.kelly:settle_bet:107 - [Bankroll] LOSS | stake=0.01 | odds=6.0 | bankroll=0.20 | ROI=-100.0%
2026-05-03 22:24:37.615 | INFO     | betting.kelly:settle_bet:107 - [Bankroll] LOSS | stake=0.01 | odds=3.9 | bankroll=0.19 | ROI=-100.0%
2026-05-03 22:24:37.615 | INFO     | betting.kelly:settle_bet:107 - [Bankroll] WIN | stake=0.01 | odds=2.0 | bankroll=0.20 | ROI=-100.0%
2026-05-03 22:24:37.616 | INFO     | betting.kelly:settle_bet:107 - [Bankroll] LOSS | stake=0.00 | odds=4.2 | bankroll=0.20 | ROI=-100.0%
2026-05-03 22:24:37.616 | INFO     | betting.kelly:settle_bet:107 - [Bankroll] LOSS | stake=0.00 | odds=5.0 | bankroll=0.20 | ROI=-100.0%
2026-05-03 22:24:37.616 | INFO     | betting.kelly:settle_bet:107 - [Bankroll] LOSS | stake=0.01 | odds=4.75 | bankroll=0.19 | ROI=-100.0%
2026-05-03 22:24:37.616 | INFO     | betting.kelly:settle_bet:107 - [Bankroll] LOSS | stake=0.00 | odds=4.2 | bankroll=0.19 | ROI=-100.0%
2026-05-03 22:24:37.616 | INFO     | betting.kelly:settle_bet:107 - [Bankroll] LOSS | stake=0.01 | odds=4.75 | bankroll=0.18 | ROI=-100.0%
2026-05-03 22:24:37.616 | INFO     | betting.kelly:settle_bet:107 - [Bankroll] LOSS | stake=0.00 | odds=4.1 | bankroll=0.18 | ROI=-100.0%
2026-05-03 22:24:37.616 | INFO     | betting.kelly:settle_bet:107 - [Bankroll] LOSS | stake=0.00 | odds=3.7 | bankroll=0.18 | ROI=-100.0%
2026-05-03 22:24:37.616 | INFO     | betting.kelly:settle_bet:107 - [Bankroll] LOSS | stake=0.01 | odds=3.1 | bankroll=0.17 | ROI=-100.0%
2026-05-03 22:24:37.616 | INFO     | betting.kelly:settle_bet:107 - [Bankroll] LOSS | stake=0.01 | odds=2.63 | bankroll=0.16 | ROI=-100.0%
2026-05-03 22:24:37.618 | INFO     | betting.kelly:settle_bet:107 - [Bankroll] LOSS | stake=0.01 | odds=2.7 | bankroll=0.15 | ROI=-100.0%
2026-05-03 22:24:37.618 | INFO     | betting.kelly:settle_bet:107 - [Bankroll] LOSS | stake=0.00 | odds=4.33 | bankroll=0.15 | ROI=-100.0%
2026-05-03 22:24:37.618 | INFO     | betting.kelly:settle_bet:107 - [Bankroll] LOSS | stake=0.01 | odds=2.6 | bankroll=0.14 | ROI=-100.0%
2026-05-03 22:24:37.618 | INFO     | betting.kelly:settle_bet:107 - [Bankroll] LOSS | stake=0.00 | odds=1.75 | bankroll=0.14 | ROI=-100.0%
2026-05-03 22:24:37.619 | INFO     | betting.kelly:settle_bet:107 - [Bankroll] LOSS | stake=0.01 | odds=9.5 | bankroll=0.13 | ROI=-100.0%
2026-05-03 22:24:37.619 | INFO     | betting.kelly:settle_bet:107 - [Bankroll] WIN | stake=0.00 | odds=19.0 | bankroll=0.20 | ROI=-100.0%
2026-05-03 22:24:37.619 | INFO     | betting.kelly:settle_bet:107 - [Bankroll] WIN | stake=0.01 | odds=4.0 | bankroll=0.24 | ROI=-100.0%
2026-05-03 22:24:37.619 | INFO     | betting.kelly:settle_bet:107 - [Bankroll] LOSS | stake=0.00 | odds=3.75 | bankroll=0.24 | ROI=-100.0%
2026-05-03 22:24:37.620 | INFO     | betting.kelly:settle_bet:107 - [Bankroll] LOSS | stake=0.01 | odds=5.75 | bankroll=0.22 | ROI=-100.0%
2026-05-03 22:24:37.620 | INFO     | betting.kelly:settle_bet:107 - [Bankroll] WIN | stake=0.00 | odds=4.33 | bankroll=0.22 | ROI=-100.0%
2026-05-03 22:24:37.620 | INFO     | betting.kelly:settle_bet:107 - [Bankroll] LOSS | stake=0.01 | odds=2.55 | bankroll=0.21 | ROI=-100.0%
2026-05-03 22:24:37.620 | INFO     | betting.kelly:settle_bet:107 - [Bankroll] LOSS | stake=0.00 | odds=5.75 | bankroll=0.21 | ROI=-100.0%
2026-05-03 22:24:37.620 | INFO     | betting.kelly:settle_bet:107 - [Bankroll] WIN | stake=0.00 | odds=11.0 | bankroll=0.25 | ROI=-100.0%
2026-05-03 22:24:37.620 | INFO     | betting.kelly:settle_bet:107 - [Bankroll] LOSS | stake=0.00 | odds=2.88 | bankroll=0.25 | ROI=-100.0%
2026-05-03 22:24:37.621 | INFO     | betting.kelly:settle_bet:107 - [Bankroll] LOSS | stake=0.00 | odds=3.8 | bankroll=0.25 | ROI=-100.0%
2026-05-03 22:24:37.621 | INFO     | betting.kelly:settle_bet:107 - [Bankroll] LOSS | stake=0.01 | odds=9.0 | bankroll=0.24 | ROI=-100.0%
2026-05-03 22:24:37.621 | INFO     | betting.kelly:settle_bet:107 - [Bankroll] LOSS | stake=0.01 | odds=19.0 | bankroll=0.23 | ROI=-100.0%
2026-05-03 22:24:37.621 | INFO     | betting.kelly:settle_bet:107 - [Bankroll] LOSS | stake=0.00 | odds=4.33 | bankroll=0.23 | ROI=-100.0%
2026-05-03 22:24:37.621 | INFO     | betting.kelly:settle_bet:107 - [Bankroll] LOSS | stake=0.00 | odds=4.75 | bankroll=0.23 | ROI=-100.0%
2026-05-03 22:24:37.622 | INFO     | betting.kelly:settle_bet:107 - [Bankroll] LOSS | stake=0.01 | odds=8.0 | bankroll=0.22 | ROI=-100.0%
2026-05-03 22:24:37.622 | INFO     | betting.kelly:settle_bet:107 - [Bankroll] LOSS | stake=0.01 | odds=12.0 | bankroll=0.21 | ROI=-100.0%
2026-05-03 22:24:37.622 | INFO     | betting.kelly:settle_bet:107 - [Bankroll] LOSS | stake=0.01 | odds=5.75 | bankroll=0.20 | ROI=-100.0%
2026-05-03 22:24:37.622 | INFO     | betting.kelly:settle_bet:107 - [Bankroll] WIN | stake=0.00 | odds=4.0 | bankroll=0.20 | ROI=-100.0%
2026-05-03 22:24:37.622 | INFO     | betting.kelly:settle_bet:107 - [Bankroll] LOSS | stake=0.00 | odds=4.33 | bankroll=0.20 | ROI=-100.0%
2026-05-03 22:24:37.622 | INFO     | betting.kelly:settle_bet:107 - [Bankroll] LOSS | stake=0.01 | odds=2.35 | bankroll=0.19 | ROI=-100.0%
2026-05-03 22:24:37.623 | INFO     | betting.kelly:settle_bet:107 - [Bankroll] WIN | stake=0.00 | odds=2.25 | bankroll=0.19 | ROI=-100.0%
2026-05-03 22:24:37.623 | INFO     | betting.kelly:settle_bet:107 - [Bankroll] WIN | stake=0.00 | odds=2.0 | bankroll=0.19 | ROI=-100.0%
2026-05-03 22:24:37.623 | INFO     | betting.kelly:settle_bet:107 - [Bankroll] LOSS | stake=0.00 | odds=3.9 | bankroll=0.19 | ROI=-100.0%
2026-05-03 22:24:37.623 | INFO     | betting.kelly:settle_bet:107 - [Bankroll] WIN | stake=0.00 | odds=2.38 | bankroll=0.19 | ROI=-100.0%
2026-05-03 22:24:37.624 | INFO     | betting.kelly:settle_bet:107 - [Bankroll] LOSS | stake=0.00 | odds=4.2 | bankroll=0.19 | ROI=-100.0%
2026-05-03 22:24:37.624 | INFO     | betting.kelly:settle_bet:107 - [Bankroll] WIN | stake=0.01 | odds=4.2 | bankroll=0.21 | ROI=-100.0%
2026-05-03 22:24:37.624 | INFO     | betting.kelly:settle_bet:107 - [Bankroll] WIN | stake=0.01 | odds=2.0 | bankroll=0.22 | ROI=-100.0%
2026-05-03 22:24:37.624 | INFO     | betting.kelly:settle_bet:107 - [Bankroll] WIN | stake=0.00 | odds=4.33 | bankroll=0.23 | ROI=-100.0%
2026-05-03 22:24:37.625 | INFO     | betting.kelly:settle_bet:107 - [Bankroll] WIN | stake=0.00 | odds=2.55 | bankroll=0.23 | ROI=-100.0%
2026-05-03 22:24:37.625 | INFO     | betting.kelly:settle_bet:107 - [Bankroll] LOSS | stake=0.00 | odds=3.6 | bankroll=0.23 | ROI=-100.0%
2026-05-03 22:24:37.626 | INFO     | betting.kelly:settle_bet:107 - [Bankroll] LOSS | stake=0.01 | odds=8.5 | bankroll=0.22 | ROI=-100.0%
2026-05-03 22:24:37.626 | INFO     | betting.kelly:settle_bet:107 - [Bankroll] WIN | stake=0.01 | odds=5.0 | bankroll=0.25 | ROI=-100.0%
2026-05-03 22:24:37.626 | INFO     | betting.kelly:settle_bet:107 - [Bankroll] LOSS | stake=0.00 | odds=4.1 | bankroll=0.25 | ROI=-100.0%
2026-05-03 22:24:37.626 | INFO     | betting.kelly:settle_bet:107 - [Bankroll] LOSS | stake=0.01 | odds=3.1 | bankroll=0.24 | ROI=-100.0%
2026-05-03 22:24:37.626 | INFO     | betting.kelly:settle_bet:107 - [Bankroll] LOSS | stake=0.01 | odds=3.1 | bankroll=0.22 | ROI=-100.0%
2026-05-03 22:24:37.626 | INFO     | betting.kelly:settle_bet:107 - [Bankroll] LOSS | stake=0.00 | odds=4.5 | bankroll=0.22 | ROI=-100.0%
2026-05-03 22:24:37.628 | INFO     | betting.kelly:settle_bet:107 - [Bankroll] WIN | stake=0.01 | odds=2.0 | bankroll=0.23 | ROI=-100.0%
2026-05-03 22:24:37.628 | INFO     | betting.kelly:settle_bet:107 - [Bankroll] LOSS | stake=0.01 | odds=4.5 | bankroll=0.22 | ROI=-100.0%
2026-05-03 22:24:37.628 | INFO     | betting.kelly:settle_bet:107 - [Bankroll] WIN | stake=0.00 | odds=2.0 | bankroll=0.22 | ROI=-100.0%
2026-05-03 22:24:37.628 | INFO     | betting.kelly:settle_bet:107 - [Bankroll] LOSS | stake=0.01 | odds=6.5 | bankroll=0.21 | ROI=-100.0%
2026-05-03 22:24:37.628 | INFO     | betting.kelly:settle_bet:107 - [Bankroll] LOSS | stake=0.01 | odds=12.0 | bankroll=0.20 | ROI=-100.0%
2026-05-03 22:24:37.629 | INFO     | betting.kelly:settle_bet:107 - [Bankroll] LOSS | stake=0.01 | odds=8.0 | bankroll=0.19 | ROI=-100.0%
2026-05-03 22:24:37.629 | INFO     | betting.kelly:settle_bet:107 - [Bankroll] LOSS | stake=0.00 | odds=15.0 | bankroll=0.19 | ROI=-100.0%
2026-05-03 22:24:37.629 | INFO     | betting.kelly:settle_bet:107 - [Bankroll] LOSS | stake=0.01 | odds=2.35 | bankroll=0.18 | ROI=-100.0%
2026-05-03 22:24:37.629 | INFO     | betting.kelly:settle_bet:107 - [Bankroll] LOSS | stake=0.01 | odds=3.2 | bankroll=0.17 | ROI=-100.0%
2026-05-03 22:24:37.629 | INFO     | betting.kelly:settle_bet:107 - [Bankroll] WIN | stake=0.01 | odds=2.88 | bankroll=0.18 | ROI=-100.0%
2026-05-03 22:24:37.629 | INFO     | betting.kelly:settle_bet:107 - [Bankroll] LOSS | stake=0.00 | odds=3.7 | bankroll=0.18 | ROI=-100.0%
2026-05-03 22:24:37.629 | INFO     | betting.kelly:settle_bet:107 - [Bankroll] WIN | stake=0.01 | odds=2.5 | bankroll=0.19 | ROI=-100.0%
2026-05-03 22:24:37.629 | INFO     | betting.kelly:settle_bet:107 - [Bankroll] LOSS | stake=0.00 | odds=3.8 | bankroll=0.19 | ROI=-100.0%
2026-05-03 22:24:37.631 | INFO     | betting.kelly:settle_bet:107 - [Bankroll] LOSS | stake=0.00 | odds=3.75 | bankroll=0.19 | ROI=-100.0%
2026-05-03 22:24:37.631 | INFO     | betting.kelly:settle_bet:107 - [Bankroll] WIN | stake=0.01 | odds=5.0 | bankroll=0.22 | ROI=-100.0%
2026-05-03 22:24:37.631 | INFO     | betting.kelly:settle_bet:107 - [Bankroll] LOSS | stake=0.00 | odds=2.0 | bankroll=0.22 | ROI=-100.0%
2026-05-03 22:24:37.631 | INFO     | betting.kelly:settle_bet:107 - [Bankroll] LOSS | stake=0.00 | odds=3.9 | bankroll=0.22 | ROI=-100.0%
2026-05-03 22:24:37.631 | INFO     | betting.kelly:settle_bet:107 - [Bankroll] LOSS | stake=0.01 | odds=5.0 | bankroll=0.21 | ROI=-100.0%
2026-05-03 22:24:37.632 | INFO     | betting.kelly:settle_bet:107 - [Bankroll] LOSS | stake=0.00 | odds=4.33 | bankroll=0.21 | ROI=-100.0%
2026-05-03 22:24:37.632 | INFO     | betting.kelly:settle_bet:107 - [Bankroll] LOSS | stake=0.00 | odds=7.0 | bankroll=0.21 | ROI=-100.0%
2026-05-03 22:24:37.632 | INFO     | betting.kelly:settle_bet:107 - [Bankroll] WIN | stake=0.01 | odds=2.3 | bankroll=0.22 | ROI=-100.0%
2026-05-03 22:24:37.632 | INFO     | betting.kelly:settle_bet:107 - [Bankroll] LOSS | stake=0.00 | odds=2.05 | bankroll=0.22 | ROI=-100.0%
2026-05-03 22:24:37.632 | INFO     | betting.kelly:settle_bet:107 - [Bankroll] LOSS | stake=0.01 | odds=8.0 | bankroll=0.21 | ROI=-100.0%
2026-05-03 22:24:37.632 | INFO     | betting.kelly:settle_bet:107 - [Bankroll] LOSS | stake=0.00 | odds=10.0 | bankroll=0.21 | ROI=-100.0%
2026-05-03 22:24:37.632 | INFO     | betting.kelly:settle_bet:107 - [Bankroll] LOSS | stake=0.00 | odds=5.75 | bankroll=0.21 | ROI=-100.0%
2026-05-03 22:24:37.632 | INFO     | betting.kelly:settle_bet:107 - [Bankroll] LOSS | stake=0.00 | odds=5.0 | bankroll=0.21 | ROI=-100.0%
2026-05-03 22:24:37.632 | INFO     | betting.kelly:settle_bet:107 - [Bankroll] LOSS | stake=0.00 | odds=8.0 | bankroll=0.21 | ROI=-100.0%
2026-05-03 22:24:37.632 | INFO     | betting.kelly:settle_bet:107 - [Bankroll] LOSS | stake=0.00 | odds=4.5 | bankroll=0.21 | ROI=-100.0%
2026-05-03 22:24:37.632 | INFO     | betting.kelly:settle_bet:107 - [Bankroll] LOSS | stake=0.01 | odds=4.0 | bankroll=0.20 | ROI=-100.0%
2026-05-03 22:24:37.632 | INFO     | betting.kelly:settle_bet:107 - [Bankroll] LOSS | stake=0.00 | odds=5.25 | bankroll=0.20 | ROI=-100.0%
2026-05-03 22:24:37.634 | INFO     | betting.kelly:settle_bet:107 - [Bankroll] WIN | stake=0.00 | odds=7.5 | bankroll=0.21 | ROI=-100.0%
2026-05-03 22:24:37.634 | INFO     | betting.kelly:settle_bet:107 - [Bankroll] LOSS | stake=0.00 | odds=4.5 | bankroll=0.21 | ROI=-100.0%
2026-05-03 22:24:37.634 | INFO     | betting.kelly:settle_bet:107 - [Bankroll] LOSS | stake=0.01 | odds=7.5 | bankroll=0.20 | ROI=-100.0%
2026-05-03 22:24:37.634 | INFO     | betting.kelly:settle_bet:107 - [Bankroll] LOSS | stake=0.00 | odds=4.75 | bankroll=0.20 | ROI=-100.0%
2026-05-03 22:24:37.634 | INFO     | betting.kelly:settle_bet:107 - [Bankroll] WIN | stake=0.00 | odds=2.35 | bankroll=0.20 | ROI=-100.0%
2026-05-03 22:24:37.635 | INFO     | betting.kelly:settle_bet:107 - [Bankroll] LOSS | stake=0.00 | odds=4.2 | bankroll=0.20 | ROI=-100.0%
2026-05-03 22:24:37.635 | INFO     | betting.kelly:settle_bet:107 - [Bankroll] LOSS | stake=0.00 | odds=5.5 | bankroll=0.20 | ROI=-100.0%
2026-05-03 22:24:37.635 | INFO     | betting.kelly:settle_bet:107 - [Bankroll] LOSS | stake=0.00 | odds=3.7 | bankroll=0.20 | ROI=-100.0%
2026-05-03 22:24:37.635 | INFO     | betting.kelly:settle_bet:107 - [Bankroll] WIN | stake=0.01 | odds=2.63 | bankroll=0.22 | ROI=-100.0%
2026-05-03 22:24:37.635 | INFO     | betting.kelly:settle_bet:107 - [Bankroll] LOSS | stake=0.01 | odds=6.5 | bankroll=0.21 | ROI=-100.0%
2026-05-03 22:24:37.636 | INFO     | betting.kelly:settle_bet:107 - [Bankroll] LOSS | stake=0.00 | odds=4.75 | bankroll=0.21 | ROI=-100.0%
2026-05-03 22:24:37.636 | INFO     | betting.kelly:settle_bet:107 - [Bankroll] LOSS | stake=0.01 | odds=3.0 | bankroll=0.20 | ROI=-100.0%
2026-05-03 22:24:37.636 | INFO     | betting.kelly:settle_bet:107 - [Bankroll] WIN | stake=0.00 | odds=2.15 | bankroll=0.20 | ROI=-100.0%
2026-05-03 22:24:37.636 | INFO     | betting.kelly:settle_bet:107 - [Bankroll] WIN | stake=0.00 | odds=4.5 | bankroll=0.21 | ROI=-100.0%
2026-05-03 22:24:37.636 | INFO     | betting.kelly:settle_bet:107 - [Bankroll] LOSS | stake=0.00 | odds=7.0 | bankroll=0.21 | ROI=-100.0%
2026-05-03 22:24:37.637 | INFO     | betting.kelly:settle_bet:107 - [Bankroll] LOSS | stake=0.01 | odds=5.25 | bankroll=0.20 | ROI=-100.0%
2026-05-03 22:24:37.637 | INFO     | betting.kelly:settle_bet:107 - [Bankroll] WIN | stake=0.01 | odds=2.63 | bankroll=0.22 | ROI=-100.0%
2026-05-03 22:24:37.638 | INFO     | betting.kelly:settle_bet:107 - [Bankroll] LOSS | stake=0.01 | odds=5.5 | bankroll=0.21 | ROI=-100.0%
2026-05-03 22:24:37.638 | INFO     | betting.kelly:settle_bet:107 - [Bankroll] LOSS | stake=0.01 | odds=6.5 | bankroll=0.20 | ROI=-100.0%
2026-05-03 22:24:37.638 | INFO     | betting.kelly:settle_bet:107 - [Bankroll] LOSS | stake=0.01 | odds=3.2 | bankroll=0.19 | ROI=-100.0%
2026-05-03 22:24:37.639 | INFO     | betting.kelly:settle_bet:107 - [Bankroll] WIN | stake=0.01 | odds=4.5 | bankroll=0.23 | ROI=-100.0%
2026-05-03 22:24:37.639 | INFO     | betting.kelly:settle_bet:107 - [Bankroll] LOSS | stake=0.00 | odds=2.5 | bankroll=0.23 | ROI=-100.0%
2026-05-03 22:24:37.639 | INFO     | betting.kelly:settle_bet:107 - [Bankroll] LOSS | stake=0.01 | odds=6.5 | bankroll=0.22 | ROI=-100.0%
2026-05-03 22:24:37.639 | INFO     | betting.kelly:settle_bet:107 - [Bankroll] LOSS | stake=0.00 | odds=4.2 | bankroll=0.22 | ROI=-100.0%
2026-05-03 22:24:37.639 | INFO     | betting.kelly:settle_bet:107 - [Bankroll] WIN | stake=0.00 | odds=2.3 | bankroll=0.22 | ROI=-100.0%
2026-05-03 22:24:37.639 | INFO     | betting.kelly:settle_bet:107 - [Bankroll] LOSS | stake=0.01 | odds=3.25 | bankroll=0.21 | ROI=-100.0%
2026-05-03 22:24:37.639 | INFO     | betting.kelly:settle_bet:107 - [Bankroll] LOSS | stake=0.00 | odds=4.75 | bankroll=0.21 | ROI=-100.0%
2026-05-03 22:24:37.639 | INFO     | betting.kelly:settle_bet:107 - [Bankroll] LOSS | stake=0.00 | odds=5.75 | bankroll=0.21 | ROI=-100.0%
2026-05-03 22:24:37.639 | INFO     | betting.kelly:settle_bet:107 - [Bankroll] WIN | stake=0.01 | odds=6.0 | bankroll=0.24 | ROI=-100.0%
2026-05-03 22:24:37.639 | INFO     | betting.kelly:settle_bet:107 - [Bankroll] LOSS | stake=0.00 | odds=10.0 | bankroll=0.24 | ROI=-100.0%
2026-05-03 22:24:37.639 | INFO     | betting.kelly:settle_bet:107 - [Bankroll] LOSS | stake=0.01 | odds=2.15 | bankroll=0.23 | ROI=-100.0%
2026-05-03 22:24:37.639 | INFO     | betting.kelly:settle_bet:107 - [Bankroll] WIN | stake=0.00 | odds=4.75 | bankroll=0.24 | ROI=-100.0%
2026-05-03 22:24:37.639 | INFO     | betting.kelly:settle_bet:107 - [Bankroll] LOSS | stake=0.00 | odds=9.5 | bankroll=0.24 | ROI=-100.0%
2026-05-03 22:24:37.639 | INFO     | betting.kelly:settle_bet:107 - [Bankroll] WIN | stake=0.00 | odds=3.7 | bankroll=0.24 | ROI=-100.0%
2026-05-03 22:24:37.639 | INFO     | betting.kelly:settle_bet:107 - [Bankroll] LOSS | stake=0.00 | odds=6.0 | bankroll=0.24 | ROI=-100.0%
2026-05-03 22:24:37.642 | INFO     | betting.kelly:settle_bet:107 - [Bankroll] WIN | stake=0.00 | odds=4.33 | bankroll=0.25 | ROI=-100.0%
2026-05-03 22:24:37.642 | INFO     | betting.kelly:settle_bet:107 - [Bankroll] LOSS | stake=0.00 | odds=5.0 | bankroll=0.25 | ROI=-100.0%
2026-05-03 22:24:37.642 | INFO     | betting.kelly:settle_bet:107 - [Bankroll] WIN | stake=0.01 | odds=5.25 | bankroll=0.28 | ROI=-100.0%
2026-05-03 22:24:37.642 | INFO     | betting.kelly:settle_bet:107 - [Bankroll] LOSS | stake=0.00 | odds=6.0 | bankroll=0.28 | ROI=-100.0%
2026-05-03 22:24:37.643 | INFO     | betting.kelly:settle_bet:107 - [Bankroll] WIN | stake=0.01 | odds=2.7 | bankroll=0.29 | ROI=-100.0%
2026-05-03 22:24:37.643 | INFO     | betting.kelly:settle_bet:107 - [Bankroll] WIN | stake=0.01 | odds=7.0 | bankroll=0.34 | ROI=-100.0%
2026-05-03 22:24:37.643 | INFO     | betting.kelly:settle_bet:107 - [Bankroll] LOSS | stake=0.00 | odds=8.5 | bankroll=0.34 | ROI=-100.0%
2026-05-03 22:24:37.643 | INFO     | betting.kelly:settle_bet:107 - [Bankroll] LOSS | stake=0.01 | odds=6.0 | bankroll=0.33 | ROI=-100.0%
2026-05-03 22:24:37.644 | INFO     | betting.kelly:settle_bet:107 - [Bankroll] LOSS | stake=0.00 | odds=8.0 | bankroll=0.33 | ROI=-100.0%
2026-05-03 22:24:37.644 | INFO     | betting.kelly:settle_bet:107 - [Bankroll] WIN | stake=0.00 | odds=2.2 | bankroll=0.33 | ROI=-100.0%
2026-05-03 22:24:37.644 | INFO     | betting.kelly:settle_bet:107 - [Bankroll] LOSS | stake=0.00 | odds=4.2 | bankroll=0.33 | ROI=-100.0%
2026-05-03 22:24:37.644 | INFO     | betting.kelly:settle_bet:107 - [Bankroll] LOSS | stake=0.00 | odds=4.2 | bankroll=0.33 | ROI=-100.0%
2026-05-03 22:24:37.644 | INFO     | betting.kelly:settle_bet:107 - [Bankroll] LOSS | stake=0.00 | odds=4.33 | bankroll=0.33 | ROI=-100.0%
2026-05-03 22:24:37.644 | INFO     | betting.kelly:settle_bet:107 - [Bankroll] WIN | stake=0.01 | odds=4.5 | bankroll=0.36 | ROI=-100.0%
2026-05-03 22:24:37.644 | INFO     | betting.kelly:settle_bet:107 - [Bankroll] LOSS | stake=0.01 | odds=3.3 | bankroll=0.35 | ROI=-100.0%
2026-05-03 22:24:37.646 | INFO     | betting.kelly:settle_bet:107 - [Bankroll] LOSS | stake=0.01 | odds=2.45 | bankroll=0.34 | ROI=-100.0%
2026-05-03 22:24:37.646 | INFO     | betting.kelly:settle_bet:107 - [Bankroll] LOSS | stake=0.02 | odds=9.0 | bankroll=0.32 | ROI=-100.0%
2026-05-03 22:24:37.646 | INFO     | betting.kelly:settle_bet:107 - [Bankroll] LOSS | stake=0.01 | odds=6.0 | bankroll=0.31 | ROI=-100.0%
2026-05-03 22:24:37.646 | INFO     | betting.kelly:settle_bet:107 - [Bankroll] WIN | stake=0.01 | odds=5.75 | bankroll=0.35 | ROI=-100.0%
2026-05-03 22:24:37.646 | INFO     | betting.kelly:settle_bet:107 - [Bankroll] LOSS | stake=0.00 | odds=7.5 | bankroll=0.35 | ROI=-100.0%
2026-05-03 22:24:37.647 | INFO     | betting.kelly:settle_bet:107 - [Bankroll] WIN | stake=0.01 | odds=1.73 | bankroll=0.35 | ROI=-100.0%
2026-05-03 22:24:37.647 | INFO     | betting.kelly:settle_bet:107 - [Bankroll] LOSS | stake=0.01 | odds=2.8 | bankroll=0.34 | ROI=-100.0%
2026-05-03 22:24:37.647 | INFO     | betting.kelly:settle_bet:107 - [Bankroll] WIN | stake=0.00 | odds=4.33 | bankroll=0.35 | ROI=-100.0%
2026-05-03 22:24:37.647 | INFO     | betting.kelly:settle_bet:107 - [Bankroll] LOSS | stake=0.01 | odds=6.5 | bankroll=0.34 | ROI=-100.0%
2026-05-03 22:24:37.647 | INFO     | betting.kelly:settle_bet:107 - [Bankroll] WIN | stake=0.00 | odds=2.3 | bankroll=0.34 | ROI=-100.0%
2026-05-03 22:24:37.648 | INFO     | betting.kelly:settle_bet:107 - [Bankroll] WIN | stake=0.01 | odds=2.4 | bankroll=0.35 | ROI=-100.0%
2026-05-03 22:24:37.648 | INFO     | betting.kelly:settle_bet:107 - [Bankroll] LOSS | stake=0.00 | odds=3.7 | bankroll=0.35 | ROI=-100.0%
2026-05-03 22:24:37.648 | INFO     | betting.kelly:settle_bet:107 - [Bankroll] LOSS | stake=0.00 | odds=2.55 | bankroll=0.35 | ROI=-100.0%
2026-05-03 22:24:37.649 | INFO     | betting.kelly:settle_bet:107 - [Bankroll] LOSS | stake=0.01 | odds=5.25 | bankroll=0.34 | ROI=-100.0%
2026-05-03 22:24:37.649 | INFO     | betting.kelly:settle_bet:107 - [Bankroll] WIN | stake=0.00 | odds=3.6 | bankroll=0.35 | ROI=-100.0%
2026-05-03 22:24:37.649 | INFO     | betting.kelly:settle_bet:107 - [Bankroll] LOSS | stake=0.02 | odds=11.0 | bankroll=0.33 | ROI=-100.0%
2026-05-03 22:24:37.649 | INFO     | betting.kelly:settle_bet:107 - [Bankroll] LOSS | stake=0.01 | odds=6.25 | bankroll=0.32 | ROI=-100.0%
2026-05-03 22:24:37.650 | INFO     | betting.kelly:settle_bet:107 - [Bankroll] LOSS | stake=0.02 | odds=8.0 | bankroll=0.30 | ROI=-100.0%
2026-05-03 22:24:37.650 | INFO     | betting.kelly:settle_bet:107 - [Bankroll] LOSS | stake=0.01 | odds=4.5 | bankroll=0.29 | ROI=-100.0%
2026-05-03 22:24:37.650 | INFO     | betting.kelly:settle_bet:107 - [Bankroll] LOSS | stake=0.01 | odds=5.25 | bankroll=0.28 | ROI=-100.0%
2026-05-03 22:24:37.650 | INFO     | betting.kelly:settle_bet:107 - [Bankroll] LOSS | stake=0.00 | odds=6.5 | bankroll=0.28 | ROI=-100.0%
2026-05-03 22:24:37.651 | INFO     | betting.kelly:settle_bet:107 - [Bankroll] WIN | stake=0.01 | odds=2.63 | bankroll=0.29 | ROI=-100.0%
2026-05-03 22:24:37.651 | INFO     | betting.kelly:settle_bet:107 - [Bankroll] LOSS | stake=0.00 | odds=4.1 | bankroll=0.29 | ROI=-100.0%
2026-05-03 22:24:37.651 | INFO     | betting.kelly:settle_bet:107 - [Bankroll] WIN | stake=0.00 | odds=4.75 | bankroll=0.31 | ROI=-100.0%
2026-05-03 22:24:37.652 | INFO     | betting.kelly:settle_bet:107 - [Bankroll] LOSS | stake=0.01 | odds=7.5 | bankroll=0.30 | ROI=-100.0%
2026-05-03 22:24:37.652 | INFO     | betting.kelly:settle_bet:107 - [Bankroll] LOSS | stake=0.01 | odds=5.0 | bankroll=0.29 | ROI=-100.0%
2026-05-03 22:24:37.652 | INFO     | betting.kelly:settle_bet:107 - [Bankroll] WIN | stake=0.01 | odds=5.75 | bankroll=0.34 | ROI=-100.0%
2026-05-03 22:24:37.652 | INFO     | betting.kelly:settle_bet:107 - [Bankroll] WIN | stake=0.02 | odds=3.1 | bankroll=0.38 | ROI=-100.0%
2026-05-03 22:24:37.652 | INFO     | betting.kelly:settle_bet:107 - [Bankroll] LOSS | stake=0.00 | odds=3.8 | bankroll=0.38 | ROI=-100.0%
2026-05-03 22:24:37.653 | INFO     | betting.kelly:settle_bet:107 - [Bankroll] LOSS | stake=0.00 | odds=4.1 | bankroll=0.38 | ROI=-100.0%
2026-05-03 22:24:37.653 | INFO     | betting.kelly:settle_bet:107 - [Bankroll] LOSS | stake=0.00 | odds=4.33 | bankroll=0.38 | ROI=-100.0%
2026-05-03 22:24:37.653 | INFO     | betting.kelly:settle_bet:107 - [Bankroll] LOSS | stake=0.01 | odds=7.0 | bankroll=0.37 | ROI=-100.0%
2026-05-03 22:24:37.653 | INFO     | betting.kelly:settle_bet:107 - [Bankroll] LOSS | stake=0.01 | odds=11.0 | bankroll=0.36 | ROI=-100.0%
2026-05-03 22:24:37.654 | INFO     | betting.kelly:settle_bet:107 - [Bankroll] LOSS | stake=0.00 | odds=4.2 | bankroll=0.36 | ROI=-100.0%
2026-05-03 22:24:37.654 | INFO     | betting.kelly:settle_bet:107 - [Bankroll] LOSS | stake=0.00 | odds=6.25 | bankroll=0.36 | ROI=-100.0%
2026-05-03 22:24:37.654 | INFO     | betting.kelly:settle_bet:107 - [Bankroll] LOSS | stake=0.00 | odds=3.8 | bankroll=0.36 | ROI=-100.0%
2026-05-03 22:24:37.654 | INFO     | betting.kelly:settle_bet:107 - [Bankroll] LOSS | stake=0.01 | odds=4.2 | bankroll=0.35 | ROI=-100.0%
2026-05-03 22:24:37.654 | INFO     | betting.kelly:settle_bet:107 - [Bankroll] LOSS | stake=0.01 | odds=4.75 | bankroll=0.34 | ROI=-100.0%
2026-05-03 22:24:37.655 | INFO     | betting.kelly:settle_bet:107 - [Bankroll] LOSS | stake=0.01 | odds=7.5 | bankroll=0.33 | ROI=-100.0%
2026-05-03 22:24:37.655 | INFO     | betting.kelly:settle_bet:107 - [Bankroll] LOSS | stake=0.01 | odds=13.0 | bankroll=0.32 | ROI=-100.0%
2026-05-03 22:24:37.655 | INFO     | betting.kelly:settle_bet:107 - [Bankroll] LOSS | stake=0.00 | odds=4.0 | bankroll=0.32 | ROI=-100.0%
2026-05-03 22:24:37.655 | INFO     | betting.kelly:settle_bet:107 - [Bankroll] LOSS | stake=0.02 | odds=6.0 | bankroll=0.30 | ROI=-100.0%
2026-05-03 22:24:37.655 | INFO     | betting.kelly:settle_bet:107 - [Bankroll] LOSS | stake=0.00 | odds=5.0 | bankroll=0.30 | ROI=-100.0%
2026-05-03 22:24:37.656 | INFO     | betting.kelly:settle_bet:107 - [Bankroll] LOSS | stake=0.00 | odds=8.5 | bankroll=0.30 | ROI=-100.0%
2026-05-03 22:24:37.656 | INFO     | betting.kelly:settle_bet:107 - [Bankroll] LOSS | stake=0.00 | odds=1.85 | bankroll=0.30 | ROI=-100.0%
2026-05-03 22:24:37.656 | INFO     | betting.kelly:settle_bet:107 - [Bankroll] WIN | stake=0.00 | odds=4.0 | bankroll=0.30 | ROI=-100.0%
2026-05-03 22:24:37.656 | INFO     | betting.kelly:settle_bet:107 - [Bankroll] LOSS | stake=0.01 | odds=6.0 | bankroll=0.29 | ROI=-100.0%
2026-05-03 22:24:37.656 | INFO     | betting.kelly:settle_bet:107 - [Bankroll] LOSS | stake=0.00 | odds=11.0 | bankroll=0.29 | ROI=-100.0%
2026-05-03 22:24:37.656 | INFO     | betting.kelly:settle_bet:107 - [Bankroll] LOSS | stake=0.02 | odds=2.25 | bankroll=0.27 | ROI=-100.0%
2026-05-03 22:24:37.656 | INFO     | betting.kelly:settle_bet:107 - [Bankroll] LOSS | stake=0.00 | odds=2.15 | bankroll=0.27 | ROI=-100.0%
2026-05-03 22:24:37.656 | INFO     | betting.kelly:settle_bet:107 - [Bankroll] LOSS | stake=0.00 | odds=3.1 | bankroll=0.27 | ROI=-100.0%
2026-05-03 22:24:37.656 | INFO     | betting.kelly:settle_bet:107 - [Bankroll] LOSS | stake=0.00 | odds=4.75 | bankroll=0.27 | ROI=-100.0%
2026-05-03 22:24:37.656 | INFO     | betting.kelly:settle_bet:107 - [Bankroll] LOSS | stake=0.00 | odds=7.5 | bankroll=0.27 | ROI=-100.0%
2026-05-03 22:24:37.656 | INFO     | betting.kelly:settle_bet:107 - [Bankroll] LOSS | stake=0.01 | odds=5.75 | bankroll=0.26 | ROI=-100.0%
2026-05-03 22:24:37.656 | INFO     | betting.kelly:settle_bet:107 - [Bankroll] LOSS | stake=0.00 | odds=7.5 | bankroll=0.26 | ROI=-100.0%
2026-05-03 22:24:37.656 | INFO     | betting.kelly:settle_bet:107 - [Bankroll] LOSS | stake=0.02 | odds=2.05 | bankroll=0.24 | ROI=-100.0%
2026-05-03 22:24:37.656 | INFO     | betting.kelly:settle_bet:107 - [Bankroll] LOSS | stake=0.01 | odds=4.5 | bankroll=0.22 | ROI=-100.0%
2026-05-03 22:24:37.659 | INFO     | betting.kelly:settle_bet:107 - [Bankroll] WIN | stake=0.00 | odds=4.33 | bankroll=0.23 | ROI=-100.0%
2026-05-03 22:24:37.659 | INFO     | betting.kelly:settle_bet:107 - [Bankroll] WIN | stake=0.00 | odds=4.0 | bankroll=0.23 | ROI=-100.0%
2026-05-03 22:24:37.659 | INFO     | betting.kelly:settle_bet:107 - [Bankroll] LOSS | stake=0.00 | odds=3.0 | bankroll=0.23 | ROI=-100.0%
2026-05-03 22:24:37.661 | INFO     | betting.kelly:settle_bet:107 - [Bankroll] LOSS | stake=0.00 | odds=2.7 | bankroll=0.23 | ROI=-100.0%
2026-05-03 22:24:37.661 | INFO     | betting.kelly:settle_bet:107 - [Bankroll] WIN | stake=0.01 | odds=2.3 | bankroll=0.24 | ROI=-100.0%
2026-05-03 22:24:37.661 | INFO     | betting.kelly:settle_bet:107 - [Bankroll] LOSS | stake=0.00 | odds=2.88 | bankroll=0.24 | ROI=-100.0%
2026-05-03 22:24:37.661 | INFO     | betting.kelly:settle_bet:107 - [Bankroll] WIN | stake=0.00 | odds=3.7 | bankroll=0.24 | ROI=-100.0%
2026-05-03 22:24:37.661 | INFO     | betting.kelly:settle_bet:107 - [Bankroll] LOSS | stake=0.01 | odds=3.2 | bankroll=0.22 | ROI=-100.0%
2026-05-03 22:24:37.661 | INFO     | betting.kelly:settle_bet:107 - [Bankroll] WIN | stake=0.01 | odds=2.15 | bankroll=0.23 | ROI=-100.0%
2026-05-03 22:24:37.662 | INFO     | betting.kelly:settle_bet:107 - [Bankroll] LOSS | stake=0.01 | odds=2.25 | bankroll=0.22 | ROI=-100.0%
2026-05-03 22:24:37.663 | INFO     | betting.kelly:settle_bet:107 - [Bankroll] LOSS | stake=0.01 | odds=2.9 | bankroll=0.21 | ROI=-100.0%
2026-05-03 22:24:37.663 | INFO     | betting.kelly:settle_bet:107 - [Bankroll] WIN | stake=0.00 | odds=3.3 | bankroll=0.21 | ROI=-100.0%
2026-05-03 22:24:37.663 | INFO     | betting.kelly:settle_bet:107 - [Bankroll] LOSS | stake=0.01 | odds=2.7 | bankroll=0.20 | ROI=-100.0%
2026-05-03 22:24:37.664 | INFO     | betting.kelly:settle_bet:107 - [Bankroll] WIN | stake=0.01 | odds=4.5 | bankroll=0.22 | ROI=-100.0%
2026-05-03 22:24:37.664 | INFO     | betting.kelly:settle_bet:107 - [Bankroll] LOSS | stake=0.01 | odds=2.9 | bankroll=0.21 | ROI=-100.0%
2026-05-03 22:24:37.664 | INFO     | betting.kelly:settle_bet:107 - [Bankroll] LOSS | stake=0.01 | odds=11.0 | bankroll=0.20 | ROI=-100.0%
2026-05-03 22:24:37.664 | INFO     | betting.kelly:settle_bet:107 - [Bankroll] WIN | stake=0.01 | odds=7.5 | bankroll=0.24 | ROI=-100.0%
2026-05-03 22:24:37.664 | INFO     | betting.kelly:settle_bet:107 - [Bankroll] LOSS | stake=0.01 | odds=2.35 | bankroll=0.23 | ROI=-100.0%
2026-05-03 22:24:37.664 | INFO     | betting.kelly:settle_bet:107 - [Bankroll] LOSS | stake=0.00 | odds=3.1 | bankroll=0.23 | ROI=-100.0%
2026-05-03 22:24:37.664 | INFO     | betting.kelly:settle_bet:107 - [Bankroll] LOSS | stake=0.01 | odds=9.5 | bankroll=0.22 | ROI=-100.0%
2026-05-03 22:24:37.664 | INFO     | betting.kelly:settle_bet:107 - [Bankroll] LOSS | stake=0.00 | odds=11.0 | bankroll=0.22 | ROI=-100.0%
2026-05-03 22:24:37.664 | INFO     | betting.kelly:settle_bet:107 - [Bankroll] WIN | stake=0.00 | odds=5.25 | bankroll=0.24 | ROI=-100.0%
2026-05-03 22:24:37.664 | INFO     | betting.kelly:settle_bet:107 - [Bankroll] LOSS | stake=0.00 | odds=8.0 | bankroll=0.24 | ROI=-100.0%
2026-05-03 22:24:37.664 | INFO     | betting.kelly:settle_bet:107 - [Bankroll] LOSS | stake=0.01 | odds=2.7 | bankroll=0.22 | ROI=-100.0%
2026-05-03 22:24:37.666 | INFO     | betting.kelly:settle_bet:107 - [Bankroll] WIN | stake=0.00 | odds=3.6 | bankroll=0.22 | ROI=-100.0%
2026-05-03 22:24:37.666 | INFO     | betting.kelly:settle_bet:107 - [Bankroll] LOSS | stake=0.00 | odds=3.75 | bankroll=0.22 | ROI=-100.0%
2026-05-03 22:24:37.666 | INFO     | betting.kelly:settle_bet:107 - [Bankroll] LOSS | stake=0.00 | odds=5.75 | bankroll=0.22 | ROI=-100.0%
2026-05-03 22:24:37.666 | INFO     | betting.kelly:settle_bet:107 - [Bankroll] LOSS | stake=0.00 | odds=4.33 | bankroll=0.22 | ROI=-100.0%
2026-05-03 22:24:37.666 | INFO     | betting.kelly:settle_bet:107 - [Bankroll] LOSS | stake=0.00 | odds=5.75 | bankroll=0.22 | ROI=-100.0%
2026-05-03 22:24:37.667 | INFO     | betting.kelly:settle_bet:107 - [Bankroll] WIN | stake=0.00 | odds=4.0 | bankroll=0.23 | ROI=-100.0%
2026-05-03 22:24:37.667 | INFO     | betting.kelly:settle_bet:107 - [Bankroll] LOSS | stake=0.00 | odds=6.0 | bankroll=0.23 | ROI=-100.0%
2026-05-03 22:24:37.667 | INFO     | betting.kelly:settle_bet:107 - [Bankroll] LOSS | stake=0.00 | odds=8.5 | bankroll=0.23 | ROI=-100.0%
2026-05-03 22:24:37.668 | INFO     | betting.kelly:settle_bet:107 - [Bankroll] LOSS | stake=0.00 | odds=5.0 | bankroll=0.23 | ROI=-100.0%
2026-05-03 22:24:37.668 | INFO     | betting.kelly:settle_bet:107 - [Bankroll] LOSS | stake=0.00 | odds=6.25 | bankroll=0.23 | ROI=-100.0%
2026-05-03 22:24:37.668 | INFO     | betting.kelly:settle_bet:107 - [Bankroll] LOSS | stake=0.00 | odds=4.2 | bankroll=0.23 | ROI=-100.0%
2026-05-03 22:24:37.668 | INFO     | betting.kelly:settle_bet:107 - [Bankroll] WIN | stake=0.01 | odds=4.5 | bankroll=0.28 | ROI=-100.0%
2026-05-03 22:24:37.668 | INFO     | betting.kelly:settle_bet:107 - [Bankroll] WIN | stake=0.00 | odds=3.9 | bankroll=0.28 | ROI=-100.0%
2026-05-03 22:24:37.669 | INFO     | betting.kelly:settle_bet:107 - [Bankroll] LOSS | stake=0.01 | odds=2.35 | bankroll=0.27 | ROI=-100.0%
2026-05-03 22:24:37.669 | INFO     | betting.kelly:settle_bet:107 - [Bankroll] LOSS | stake=0.00 | odds=3.7 | bankroll=0.27 | ROI=-100.0%
2026-05-03 22:24:37.669 | INFO     | betting.kelly:settle_bet:107 - [Bankroll] LOSS | stake=0.00 | odds=2.0 | bankroll=0.27 | ROI=-100.0%
2026-05-03 22:24:37.669 | INFO     | betting.kelly:settle_bet:107 - [Bankroll] LOSS | stake=0.00 | odds=4.2 | bankroll=0.27 | ROI=-100.0%
2026-05-03 22:24:37.669 | INFO     | betting.kelly:settle_bet:107 - [Bankroll] LOSS | stake=0.01 | odds=12.0 | bankroll=0.26 | ROI=-100.0%
2026-05-03 22:24:37.669 | INFO     | betting.kelly:settle_bet:107 - [Bankroll] LOSS | stake=0.01 | odds=19.0 | bankroll=0.25 | ROI=-100.0%
2026-05-03 22:24:37.671 | INFO     | betting.kelly:settle_bet:107 - [Bankroll] LOSS | stake=0.00 | odds=4.2 | bankroll=0.25 | ROI=-100.0%
2026-05-03 22:24:37.671 | INFO     | betting.kelly:settle_bet:107 - [Bankroll] WIN | stake=0.01 | odds=2.8 | bankroll=0.27 | ROI=-100.0%
2026-05-03 22:24:37.671 | INFO     | betting.kelly:settle_bet:107 - [Bankroll] LOSS | stake=0.01 | odds=5.0 | bankroll=0.26 | ROI=-100.0%
2026-05-03 22:24:37.671 | INFO     | betting.kelly:settle_bet:107 - [Bankroll] LOSS | stake=0.00 | odds=5.25 | bankroll=0.26 | ROI=-100.0%
2026-05-03 22:24:37.671 | INFO     | betting.kelly:settle_bet:107 - [Bankroll] LOSS | stake=0.00 | odds=4.75 | bankroll=0.26 | ROI=-100.0%
2026-05-03 22:24:37.671 | INFO     | betting.kelly:settle_bet:107 - [Bankroll] LOSS | stake=0.00 | odds=7.5 | bankroll=0.26 | ROI=-100.0%
2026-05-03 22:24:37.672 | INFO     | betting.kelly:settle_bet:107 - [Bankroll] LOSS | stake=0.01 | odds=2.75 | bankroll=0.25 | ROI=-100.0%
2026-05-03 22:24:37.672 | INFO     | betting.kelly:settle_bet:107 - [Bankroll] LOSS | stake=0.01 | odds=1.91 | bankroll=0.24 | ROI=-100.0%
2026-05-03 22:24:37.672 | INFO     | betting.kelly:settle_bet:107 - [Bankroll] WIN | stake=0.01 | odds=2.3 | bankroll=0.26 | ROI=-100.0%
2026-05-03 22:24:37.672 | INFO     | betting.kelly:settle_bet:107 - [Bankroll] LOSS | stake=0.00 | odds=3.7 | bankroll=0.26 | ROI=-100.0%
2026-05-03 22:24:37.672 | INFO     | betting.kelly:settle_bet:107 - [Bankroll] LOSS | stake=0.00 | odds=3.7 | bankroll=0.26 | ROI=-100.0%
2026-05-03 22:24:37.672 | INFO     | betting.kelly:settle_bet:107 - [Bankroll] WIN | stake=0.01 | odds=2.6 | bankroll=0.28 | ROI=-100.0%
2026-05-03 22:24:37.673 | INFO     | betting.kelly:settle_bet:107 - [Bankroll] WIN | stake=0.01 | odds=2.25 | bankroll=0.30 | ROI=-100.0%
2026-05-03 22:24:37.673 | INFO     | betting.kelly:settle_bet:107 - [Bankroll] WIN | stake=0.01 | odds=6.0 | bankroll=0.34 | ROI=-100.0%
2026-05-03 22:24:37.673 | INFO     | betting.kelly:settle_bet:107 - [Bankroll] LOSS | stake=0.02 | odds=5.0 | bankroll=0.32 | ROI=-100.0%
2026-05-03 22:24:37.674 | INFO     | betting.kelly:settle_bet:107 - [Bankroll] LOSS | stake=0.00 | odds=4.2 | bankroll=0.32 | ROI=-100.0%
2026-05-03 22:24:37.674 | INFO     | betting.kelly:settle_bet:107 - [Bankroll] LOSS | stake=0.01 | odds=5.5 | bankroll=0.31 | ROI=-100.0%
2026-05-03 22:24:37.674 | INFO     | betting.kelly:settle_bet:107 - [Bankroll] WIN | stake=0.01 | odds=8.5 | bankroll=0.37 | ROI=-100.0%
2026-05-03 22:24:37.674 | INFO     | betting.kelly:settle_bet:107 - [Bankroll] LOSS | stake=0.01 | odds=5.25 | bankroll=0.36 | ROI=-100.0%
2026-05-03 22:24:37.674 | INFO     | betting.kelly:settle_bet:107 - [Bankroll] LOSS | stake=0.01 | odds=8.5 | bankroll=0.35 | ROI=-100.0%
2026-05-03 22:24:37.674 | INFO     | betting.kelly:settle_bet:107 - [Bankroll] LOSS | stake=0.02 | odds=8.5 | bankroll=0.33 | ROI=-100.0%
2026-05-03 22:24:37.674 | INFO     | betting.kelly:settle_bet:107 - [Bankroll] LOSS | stake=0.01 | odds=6.0 | bankroll=0.32 | ROI=-100.0%
2026-05-03 22:24:37.674 | INFO     | betting.kelly:settle_bet:107 - [Bankroll] LOSS | stake=0.00 | odds=2.7 | bankroll=0.32 | ROI=-100.0%
2026-05-03 22:24:37.674 | INFO     | betting.kelly:settle_bet:107 - [Bankroll] LOSS | stake=0.01 | odds=3.0 | bankroll=0.31 | ROI=-100.0%
2026-05-03 22:24:37.674 | INFO     | betting.kelly:settle_bet:107 - [Bankroll] LOSS | stake=0.00 | odds=3.75 | bankroll=0.31 | ROI=-100.0%
2026-05-03 22:24:37.674 | INFO     | betting.kelly:settle_bet:107 - [Bankroll] WIN | stake=0.00 | odds=4.33 | bankroll=0.32 | ROI=-100.0%
2026-05-03 22:24:37.674 | INFO     | betting.kelly:settle_bet:107 - [Bankroll] LOSS | stake=0.00 | odds=4.33 | bankroll=0.32 | ROI=-100.0%
2026-05-03 22:24:37.725 | SUCCESS  | betting.backtest:walk_forward_backtest:107 - [Backtest] Kết quả: {'initial': 1000.0, 'current': 0.32, 'roi_pct': -99.97, 'total_bets': 1666, 'win_rate': 22.3, 'peak': 1000.0, 'max_dd': -99.99}
2026-05-03 22:24:37.766 | SUCCESS  | __main__:step_backtest:93 - Backtest complete → D:\dream_project\pipeline_dish\data\processed\backtest_results.csv
2026-05-03 22:24:37.767 | SUCCESS  | __main__:step_backtest:94 - Summary: {'initial': 1000.0, 'current': 0.32, 'roi_pct': -99.97, 'total_bets': 1666, 'win_rate': 22.3, 'peak': 1000.0, 'max_dd': -99.99} ✓
2026-05-03 22:26:35.868 | INFO     | __main__:step_backtest:72 - ═══ STEP 4: Walk-Forward Backtest ═══
2026-05-03 22:26:36.962 | INFO     | betting.backtest:walk_forward_backtest:25 - [Backtest] Seasons: ['2020-21', '2021-22', '2022-23', '2023-24', '2024-25']
2026-05-03 22:26:36.962 | INFO     | betting.backtest:walk_forward_backtest:41 - [Backtest] Train: ['2020-21', '2021-22', '2022-23'] (2058 trận) | Test: 2023-24 (686 trận)
2026-05-03 22:26:42.150 | INFO     | models.trainer:run_training_pipeline:143 - [Trainer] Train size: 1646 | Cal size: 412
2026-05-03 22:26:42.152 | INFO     | models.trainer:run_training_pipeline:146 - [Trainer] Computing OOF for XGBoost...
2026-05-03 22:26:43.320 | DEBUG    | models.trainer:get_oof_predictions:46 - [Trainer] Fold 1/5 done
2026-05-03 22:26:43.963 | DEBUG    | models.trainer:get_oof_predictions:46 - [Trainer] Fold 2/5 done
2026-05-03 22:26:44.647 | DEBUG    | models.trainer:get_oof_predictions:46 - [Trainer] Fold 3/5 done
2026-05-03 22:26:45.389 | DEBUG    | models.trainer:get_oof_predictions:46 - [Trainer] Fold 4/5 done
2026-05-03 22:26:46.154 | DEBUG    | models.trainer:get_oof_predictions:46 - [Trainer] Fold 5/5 done
2026-05-03 22:26:46.158 | INFO     | models.trainer:run_training_pipeline:149 - [Trainer] Computing OOF for LightGBM...
2026-05-03 22:26:46.534 | DEBUG    | models.trainer:get_oof_predictions:46 - [Trainer] Fold 1/5 done
2026-05-03 22:26:47.017 | DEBUG    | models.trainer:get_oof_predictions:46 - [Trainer] Fold 2/5 done
2026-05-03 22:26:47.687 | DEBUG    | models.trainer:get_oof_predictions:46 - [Trainer] Fold 3/5 done
2026-05-03 22:26:48.438 | DEBUG    | models.trainer:get_oof_predictions:46 - [Trainer] Fold 4/5 done
2026-05-03 22:26:49.143 | DEBUG    | models.trainer:get_oof_predictions:46 - [Trainer] Fold 5/5 done
2026-05-03 22:26:49.145 | INFO     | models.trainer:train_base_models:24 - [Trainer] Training XGBoost...
2026-05-03 22:26:49.933 | INFO     | models.trainer:train_base_models:28 - [Trainer] Training LightGBM...
2026-05-03 22:26:50.668 | INFO     | models.trainer:train_meta_model:56 - [Trainer] Meta model trained
2026-05-03 22:26:50.699 | INFO     | models.trainer:run_training_pipeline:162 - [Trainer] Before calibration: {'brier_Home': 0.2329, 'brier_Draw': 0.1814, 'brier_Away': 0.1889, 'log_loss': 1.0095}
2026-05-03 22:26:50.755 | INFO     | models.trainer:run_training_pipeline:171 - [Trainer] After calibration:  {'brier_Home': 0.2316, 'brier_Draw': 0.1812, 'brier_Away': 0.1867, 'log_loss': 1.002}
2026-05-03 22:26:50.782 | INFO     | models.trainer:save_models:109 - [Trainer] Saved D:\dream_project\pipeline_dish\models\saved\xgb_wf_2023-24.pkl
2026-05-03 22:26:50.870 | INFO     | models.trainer:save_models:109 - [Trainer] Saved D:\dream_project\pipeline_dish\models\saved\lgb_wf_2023-24.pkl
2026-05-03 22:26:50.872 | INFO     | models.trainer:save_models:109 - [Trainer] Saved D:\dream_project\pipeline_dish\models\saved\meta_wf_2023-24.pkl
2026-05-03 22:26:50.982 | INFO     | models.trainer:save_models:114 - [Trainer] Saved calibrated model → D:\dream_project\pipeline_dish\models\calibrated\calibrated_wf_2023-24.pkl
2026-05-03 22:26:50.984 | SUCCESS  | models.trainer:run_training_pipeline:175 - [Trainer] Pipeline hoàn thành cho league=wf_2023-24
2026-05-03 22:26:51.016 | INFO     | betting.kelly:settle_bet:107 - [Bankroll] LOSS | stake=33.40 | odds=8.0 | bankroll=966.60 | ROI=-3.3%
2026-05-03 22:26:51.017 | INFO     | betting.kelly:settle_bet:107 - [Bankroll] LOSS | stake=16.05 | odds=5.5 | bankroll=950.55 | ROI=-4.9%
2026-05-03 22:26:51.017 | INFO     | betting.kelly:settle_bet:107 - [Bankroll] LOSS | stake=19.11 | odds=7.0 | bankroll=931.44 | ROI=-6.9%
2026-05-03 22:26:51.018 | INFO     | betting.kelly:settle_bet:107 - [Bankroll] LOSS | stake=15.93 | odds=15.0 | bankroll=915.51 | ROI=-8.4%
2026-05-03 22:26:51.018 | INFO     | betting.kelly:settle_bet:107 - [Bankroll] LOSS | stake=57.22 | odds=2.7 | bankroll=858.29 | ROI=-14.2%
2026-05-03 22:26:51.018 | INFO     | betting.kelly:settle_bet:107 - [Bankroll] WIN | stake=32.19 | odds=1.75 | bankroll=882.43 | ROI=-11.8%
2026-05-03 22:26:51.019 | INFO     | betting.kelly:settle_bet:107 - [Bankroll] LOSS | stake=55.15 | odds=2.2 | bankroll=827.28 | ROI=-17.3%
2026-05-03 22:26:51.019 | INFO     | betting.kelly:settle_bet:107 - [Bankroll] LOSS | stake=15.80 | odds=5.5 | bankroll=811.48 | ROI=-18.9%
2026-05-03 22:26:51.020 | INFO     | betting.kelly:settle_bet:107 - [Bankroll] LOSS | stake=26.05 | odds=9.0 | bankroll=785.43 | ROI=-21.5%
2026-05-03 22:26:51.020 | INFO     | betting.kelly:settle_bet:107 - [Bankroll] LOSS | stake=8.25 | odds=3.0 | bankroll=777.18 | ROI=-22.3%
2026-05-03 22:26:51.020 | INFO     | betting.kelly:settle_bet:107 - [Bankroll] LOSS | stake=21.53 | odds=2.38 | bankroll=755.65 | ROI=-24.4%
2026-05-03 22:26:51.021 | INFO     | betting.kelly:settle_bet:107 - [Bankroll] LOSS | stake=47.23 | odds=2.75 | bankroll=708.42 | ROI=-29.2%
2026-05-03 22:26:51.021 | INFO     | betting.kelly:settle_bet:107 - [Bankroll] LOSS | stake=7.30 | odds=5.5 | bankroll=701.12 | ROI=-29.9%
2026-05-03 22:26:51.021 | INFO     | betting.kelly:settle_bet:107 - [Bankroll] LOSS | stake=5.47 | odds=9.0 | bankroll=695.65 | ROI=-30.4%
2026-05-03 22:26:51.021 | INFO     | betting.kelly:settle_bet:107 - [Bankroll] LOSS | stake=27.97 | odds=7.5 | bankroll=667.68 | ROI=-33.2%
2026-05-03 22:26:51.021 | INFO     | betting.kelly:settle_bet:107 - [Bankroll] LOSS | stake=22.37 | odds=6.5 | bankroll=645.31 | ROI=-35.5%
2026-05-03 22:26:51.023 | INFO     | betting.kelly:settle_bet:107 - [Bankroll] WIN | stake=27.30 | odds=1.95 | bankroll=671.24 | ROI=-32.9%
2026-05-03 22:26:51.023 | INFO     | betting.kelly:settle_bet:107 - [Bankroll] LOSS | stake=17.59 | odds=7.0 | bankroll=653.65 | ROI=-34.6%
2026-05-03 22:26:51.024 | INFO     | betting.kelly:settle_bet:107 - [Bankroll] LOSS | stake=17.39 | odds=13.0 | bankroll=636.26 | ROI=-36.4%
2026-05-03 22:26:51.024 | INFO     | betting.kelly:settle_bet:107 - [Bankroll] LOSS | stake=31.75 | odds=2.45 | bankroll=604.51 | ROI=-39.5%
2026-05-03 22:26:51.024 | INFO     | betting.kelly:settle_bet:107 - [Bankroll] WIN | stake=15.96 | odds=2.63 | bankroll=630.52 | ROI=-36.9%
2026-05-03 22:26:51.025 | INFO     | betting.kelly:settle_bet:107 - [Bankroll] LOSS | stake=8.01 | odds=5.0 | bankroll=622.51 | ROI=-37.7%
2026-05-03 22:26:51.025 | INFO     | betting.kelly:settle_bet:107 - [Bankroll] LOSS | stake=8.84 | odds=7.0 | bankroll=613.67 | ROI=-38.6%
2026-05-03 22:26:51.026 | INFO     | betting.kelly:settle_bet:107 - [Bankroll] WIN | stake=10.86 | odds=2.9 | bankroll=634.31 | ROI=-36.6%
2026-05-03 22:26:51.026 | INFO     | betting.kelly:settle_bet:107 - [Bankroll] LOSS | stake=39.64 | odds=4.0 | bankroll=594.67 | ROI=-40.5%
2026-05-03 22:26:51.027 | INFO     | betting.kelly:settle_bet:107 - [Bankroll] LOSS | stake=1.55 | odds=4.33 | bankroll=593.12 | ROI=-40.7%
2026-05-03 22:26:51.027 | INFO     | betting.kelly:settle_bet:107 - [Bankroll] WIN | stake=30.31 | odds=2.8 | bankroll=647.68 | ROI=-35.2%
2026-05-03 22:26:51.027 | INFO     | betting.kelly:settle_bet:107 - [Bankroll] LOSS | stake=1.68 | odds=5.25 | bankroll=646.00 | ROI=-35.4%
2026-05-03 22:26:51.028 | INFO     | betting.kelly:settle_bet:107 - [Bankroll] LOSS | stake=11.43 | odds=4.5 | bankroll=634.57 | ROI=-36.5%
2026-05-03 22:26:51.028 | INFO     | betting.kelly:settle_bet:107 - [Bankroll] WIN | stake=3.24 | odds=3.75 | bankroll=643.47 | ROI=-35.7%
2026-05-03 22:26:51.028 | INFO     | betting.kelly:settle_bet:107 - [Bankroll] WIN | stake=6.76 | odds=1.95 | bankroll=649.89 | ROI=-35.0%
2026-05-03 22:26:51.028 | INFO     | betting.kelly:settle_bet:107 - [Bankroll] LOSS | stake=4.35 | odds=5.25 | bankroll=645.54 | ROI=-35.4%
2026-05-03 22:26:51.030 | INFO     | betting.kelly:settle_bet:107 - [Bankroll] LOSS | stake=2.65 | odds=7.5 | bankroll=642.89 | ROI=-35.7%
2026-05-03 22:26:51.030 | INFO     | betting.kelly:settle_bet:107 - [Bankroll] LOSS | stake=16.20 | odds=5.5 | bankroll=626.69 | ROI=-37.3%
2026-05-03 22:26:51.031 | INFO     | betting.kelly:settle_bet:107 - [Bankroll] LOSS | stake=6.58 | odds=5.5 | bankroll=620.11 | ROI=-38.0%
2026-05-03 22:26:51.031 | INFO     | betting.kelly:settle_bet:107 - [Bankroll] LOSS | stake=7.69 | odds=11.0 | bankroll=612.42 | ROI=-38.8%
2026-05-03 22:26:51.032 | INFO     | betting.kelly:settle_bet:107 - [Bankroll] LOSS | stake=8.82 | odds=4.0 | bankroll=603.60 | ROI=-39.6%
2026-05-03 22:26:51.033 | INFO     | betting.kelly:settle_bet:107 - [Bankroll] LOSS | stake=3.08 | odds=4.75 | bankroll=600.52 | ROI=-39.9%
2026-05-03 22:26:51.033 | INFO     | betting.kelly:settle_bet:107 - [Bankroll] WIN | stake=2.16 | odds=5.25 | bankroll=609.71 | ROI=-39.0%
2026-05-03 22:26:51.033 | INFO     | betting.kelly:settle_bet:107 - [Bankroll] LOSS | stake=38.11 | odds=3.0 | bankroll=571.60 | ROI=-42.8%
2026-05-03 22:26:51.034 | INFO     | betting.kelly:settle_bet:107 - [Bankroll] LOSS | stake=2.00 | odds=3.8 | bankroll=569.60 | ROI=-43.0%
2026-05-03 22:26:51.034 | INFO     | betting.kelly:settle_bet:107 - [Bankroll] LOSS | stake=35.60 | odds=7.0 | bankroll=534.00 | ROI=-46.6%
2026-05-03 22:26:51.034 | INFO     | betting.kelly:settle_bet:107 - [Bankroll] WIN | stake=8.17 | odds=5.0 | bankroll=566.68 | ROI=-43.3%
2026-05-03 22:26:51.034 | INFO     | betting.kelly:settle_bet:107 - [Bankroll] LOSS | stake=4.14 | odds=4.75 | bankroll=562.54 | ROI=-43.7%
2026-05-03 22:26:51.036 | INFO     | betting.kelly:settle_bet:107 - [Bankroll] LOSS | stake=9.62 | odds=6.0 | bankroll=552.92 | ROI=-44.7%
2026-05-03 22:26:51.036 | INFO     | betting.kelly:settle_bet:107 - [Bankroll] LOSS | stake=4.92 | odds=8.0 | bankroll=548.00 | ROI=-45.2%
2026-05-03 22:26:51.036 | INFO     | betting.kelly:settle_bet:107 - [Bankroll] LOSS | stake=13.65 | odds=3.5 | bankroll=534.35 | ROI=-46.6%
2026-05-03 22:26:51.036 | INFO     | betting.kelly:settle_bet:107 - [Bankroll] LOSS | stake=7.85 | odds=2.3 | bankroll=526.50 | ROI=-47.3%
2026-05-03 22:26:51.038 | INFO     | betting.kelly:settle_bet:107 - [Bankroll] WIN | stake=10.32 | odds=7.0 | bankroll=588.42 | ROI=-41.2%
2026-05-03 22:26:51.038 | INFO     | betting.kelly:settle_bet:107 - [Bankroll] LOSS | stake=8.18 | odds=13.0 | bankroll=580.24 | ROI=-42.0%
2026-05-03 22:26:51.038 | INFO     | betting.kelly:settle_bet:107 - [Bankroll] LOSS | stake=36.27 | odds=3.8 | bankroll=543.98 | ROI=-45.6%
2026-05-03 22:26:51.039 | INFO     | betting.kelly:settle_bet:107 - [Bankroll] LOSS | stake=34.00 | odds=2.3 | bankroll=509.98 | ROI=-49.0%
2026-05-03 22:26:51.040 | INFO     | betting.kelly:settle_bet:107 - [Bankroll] LOSS | stake=17.49 | odds=3.4 | bankroll=492.49 | ROI=-50.8%
2026-05-03 22:26:51.040 | INFO     | betting.kelly:settle_bet:107 - [Bankroll] LOSS | stake=19.45 | odds=2.38 | bankroll=473.04 | ROI=-52.7%
2026-05-03 22:26:51.041 | INFO     | betting.kelly:settle_bet:107 - [Bankroll] LOSS | stake=16.04 | odds=12.0 | bankroll=457.00 | ROI=-54.3%
2026-05-03 22:26:51.041 | INFO     | betting.kelly:settle_bet:107 - [Bankroll] LOSS | stake=9.60 | odds=19.0 | bankroll=447.40 | ROI=-55.3%
2026-05-03 22:26:51.042 | INFO     | betting.kelly:settle_bet:107 - [Bankroll] LOSS | stake=22.59 | odds=13.0 | bankroll=424.81 | ROI=-57.5%
2026-05-03 22:26:51.042 | INFO     | betting.kelly:settle_bet:107 - [Bankroll] LOSS | stake=14.02 | odds=8.0 | bankroll=410.79 | ROI=-58.9%
2026-05-03 22:26:51.043 | INFO     | betting.kelly:settle_bet:107 - [Bankroll] LOSS | stake=25.67 | odds=4.75 | bankroll=385.12 | ROI=-61.5%
2026-05-03 22:26:51.043 | INFO     | betting.kelly:settle_bet:107 - [Bankroll] WIN | stake=8.13 | odds=7.0 | bankroll=433.88 | ROI=-56.6%
2026-05-03 22:26:51.043 | INFO     | betting.kelly:settle_bet:107 - [Bankroll] LOSS | stake=4.64 | odds=9.5 | bankroll=429.24 | ROI=-57.1%
2026-05-03 22:26:51.044 | INFO     | betting.kelly:settle_bet:107 - [Bankroll] LOSS | stake=3.69 | odds=4.5 | bankroll=425.55 | ROI=-57.4%
2026-05-03 22:26:51.044 | INFO     | betting.kelly:settle_bet:107 - [Bankroll] WIN | stake=26.60 | odds=8.5 | bankroll=625.03 | ROI=-37.5%
2026-05-03 22:26:51.045 | INFO     | betting.kelly:settle_bet:107 - [Bankroll] LOSS | stake=23.13 | odds=3.6 | bankroll=601.90 | ROI=-39.8%
2026-05-03 22:26:51.046 | INFO     | betting.kelly:settle_bet:107 - [Bankroll] LOSS | stake=1.99 | odds=4.0 | bankroll=599.91 | ROI=-40.0%
2026-05-03 22:26:51.046 | INFO     | betting.kelly:settle_bet:107 - [Bankroll] LOSS | stake=12.66 | odds=3.75 | bankroll=587.25 | ROI=-41.3%
2026-05-03 22:26:51.046 | INFO     | betting.kelly:settle_bet:107 - [Bankroll] LOSS | stake=17.62 | odds=2.63 | bankroll=569.63 | ROI=-43.0%
2026-05-03 22:26:51.048 | INFO     | betting.kelly:settle_bet:107 - [Bankroll] LOSS | stake=16.23 | odds=8.0 | bankroll=553.40 | ROI=-44.7%
2026-05-03 22:26:51.048 | INFO     | betting.kelly:settle_bet:107 - [Bankroll] LOSS | stake=13.95 | odds=15.0 | bankroll=539.45 | ROI=-46.1%
2026-05-03 22:26:51.048 | INFO     | betting.kelly:settle_bet:107 - [Bankroll] WIN | stake=10.95 | odds=2.2 | bankroll=552.59 | ROI=-44.7%
2026-05-03 22:26:51.048 | INFO     | betting.kelly:settle_bet:107 - [Bankroll] WIN | stake=34.54 | odds=2.63 | bankroll=608.89 | ROI=-39.1%
2026-05-03 22:26:51.050 | INFO     | betting.kelly:settle_bet:107 - [Bankroll] LOSS | stake=17.84 | odds=2.5 | bankroll=591.05 | ROI=-40.9%
2026-05-03 22:26:51.050 | INFO     | betting.kelly:settle_bet:107 - [Bankroll] LOSS | stake=12.23 | odds=7.0 | bankroll=578.82 | ROI=-42.1%
2026-05-03 22:26:51.050 | INFO     | betting.kelly:settle_bet:107 - [Bankroll] LOSS | stake=8.34 | odds=12.0 | bankroll=570.48 | ROI=-43.0%
2026-05-03 22:26:51.050 | INFO     | betting.kelly:settle_bet:107 - [Bankroll] LOSS | stake=12.66 | odds=1.73 | bankroll=557.82 | ROI=-44.2%
2026-05-03 22:26:51.051 | INFO     | betting.kelly:settle_bet:107 - [Bankroll] LOSS | stake=23.32 | odds=8.5 | bankroll=534.50 | ROI=-46.6%
2026-05-03 22:26:51.051 | INFO     | betting.kelly:settle_bet:107 - [Bankroll] LOSS | stake=12.45 | odds=5.75 | bankroll=522.05 | ROI=-47.8%
2026-05-03 22:26:51.051 | INFO     | betting.kelly:settle_bet:107 - [Bankroll] WIN | stake=27.15 | odds=1.75 | bankroll=542.41 | ROI=-45.8%
2026-05-03 22:26:51.051 | INFO     | betting.kelly:settle_bet:107 - [Bankroll] LOSS | stake=3.04 | odds=4.5 | bankroll=539.37 | ROI=-46.1%
2026-05-03 22:26:51.051 | INFO     | betting.kelly:settle_bet:107 - [Bankroll] LOSS | stake=1.29 | odds=4.5 | bankroll=538.08 | ROI=-46.2%
2026-05-03 22:26:51.051 | INFO     | betting.kelly:settle_bet:107 - [Bankroll] WIN | stake=33.63 | odds=1.91 | bankroll=568.68 | ROI=-43.1%
2026-05-03 22:26:51.054 | INFO     | betting.kelly:settle_bet:107 - [Bankroll] LOSS | stake=18.99 | odds=2.1 | bankroll=549.69 | ROI=-45.0%
2026-05-03 22:26:51.054 | INFO     | betting.kelly:settle_bet:107 - [Bankroll] LOSS | stake=12.64 | odds=3.4 | bankroll=537.05 | ROI=-46.3%
2026-05-03 22:26:51.054 | INFO     | betting.kelly:settle_bet:107 - [Bankroll] LOSS | stake=12.57 | odds=7.0 | bankroll=524.48 | ROI=-47.6%
2026-05-03 22:26:51.056 | INFO     | betting.kelly:settle_bet:107 - [Bankroll] LOSS | stake=8.29 | odds=10.0 | bankroll=516.19 | ROI=-48.4%
2026-05-03 22:26:51.056 | INFO     | betting.kelly:settle_bet:107 - [Bankroll] WIN | stake=2.74 | odds=2.7 | bankroll=520.84 | ROI=-47.9%
2026-05-03 22:26:51.056 | INFO     | betting.kelly:settle_bet:107 - [Bankroll] LOSS | stake=5.00 | odds=6.0 | bankroll=515.84 | ROI=-48.4%
2026-05-03 22:26:51.057 | INFO     | betting.kelly:settle_bet:107 - [Bankroll] LOSS | stake=21.46 | odds=7.0 | bankroll=494.38 | ROI=-50.6%
2026-05-03 22:26:51.058 | INFO     | betting.kelly:settle_bet:107 - [Bankroll] LOSS | stake=2.72 | odds=4.5 | bankroll=491.66 | ROI=-50.8%
2026-05-03 22:26:51.058 | INFO     | betting.kelly:settle_bet:107 - [Bankroll] LOSS | stake=4.57 | odds=5.5 | bankroll=487.09 | ROI=-51.3%
2026-05-03 22:26:51.058 | INFO     | betting.kelly:settle_bet:107 - [Bankroll] LOSS | stake=5.85 | odds=11.0 | bankroll=481.24 | ROI=-51.9%
2026-05-03 22:26:51.058 | INFO     | betting.kelly:settle_bet:107 - [Bankroll] LOSS | stake=30.08 | odds=2.15 | bankroll=451.16 | ROI=-54.9%
2026-05-03 22:26:51.058 | INFO     | betting.kelly:settle_bet:107 - [Bankroll] LOSS | stake=10.02 | odds=5.5 | bankroll=441.14 | ROI=-55.9%
2026-05-03 22:26:51.058 | INFO     | betting.kelly:settle_bet:107 - [Bankroll] WIN | stake=7.90 | odds=1.91 | bankroll=448.33 | ROI=-55.2%
2026-05-03 22:26:51.058 | INFO     | betting.kelly:settle_bet:107 - [Bankroll] WIN | stake=7.31 | odds=2.1 | bankroll=456.37 | ROI=-54.4%
2026-05-03 22:26:51.062 | INFO     | betting.kelly:settle_bet:107 - [Bankroll] LOSS | stake=28.52 | odds=6.0 | bankroll=427.85 | ROI=-57.2%
2026-05-03 22:26:51.062 | INFO     | betting.kelly:settle_bet:107 - [Bankroll] LOSS | stake=7.02 | odds=5.0 | bankroll=420.83 | ROI=-57.9%
2026-05-03 22:26:51.063 | INFO     | betting.kelly:settle_bet:107 - [Bankroll] WIN | stake=18.52 | odds=2.25 | bankroll=443.98 | ROI=-55.6%
2026-05-03 22:26:51.064 | INFO     | betting.kelly:settle_bet:107 - [Bankroll] LOSS | stake=17.76 | odds=2.38 | bankroll=426.22 | ROI=-57.4%
2026-05-03 22:26:51.064 | INFO     | betting.kelly:settle_bet:107 - [Bankroll] WIN | stake=16.28 | odds=2.3 | bankroll=447.39 | ROI=-55.3%
2026-05-03 22:26:51.064 | INFO     | betting.kelly:settle_bet:107 - [Bankroll] LOSS | stake=8.59 | odds=6.0 | bankroll=438.80 | ROI=-56.1%
2026-05-03 22:26:51.064 | INFO     | betting.kelly:settle_bet:107 - [Bankroll] LOSS | stake=2.37 | odds=4.5 | bankroll=436.43 | ROI=-56.4%
2026-05-03 22:26:51.064 | INFO     | betting.kelly:settle_bet:107 - [Bankroll] LOSS | stake=26.62 | odds=4.33 | bankroll=409.81 | ROI=-59.0%
2026-05-03 22:26:51.064 | INFO     | betting.kelly:settle_bet:107 - [Bankroll] LOSS | stake=11.11 | odds=2.2 | bankroll=398.70 | ROI=-60.1%
2026-05-03 22:26:51.064 | INFO     | betting.kelly:settle_bet:107 - [Bankroll] LOSS | stake=0.88 | odds=8.0 | bankroll=397.82 | ROI=-60.2%
2026-05-03 22:26:51.064 | INFO     | betting.kelly:settle_bet:107 - [Bankroll] WIN | stake=24.86 | odds=2.5 | bankroll=435.12 | ROI=-56.5%
2026-05-03 22:26:51.064 | INFO     | betting.kelly:settle_bet:107 - [Bankroll] LOSS | stake=10.79 | odds=2.05 | bankroll=424.33 | ROI=-57.6%
2026-05-03 22:26:51.064 | INFO     | betting.kelly:settle_bet:107 - [Bankroll] LOSS | stake=16.04 | odds=1.8 | bankroll=408.29 | ROI=-59.2%
2026-05-03 22:26:51.064 | INFO     | betting.kelly:settle_bet:107 - [Bankroll] LOSS | stake=7.06 | odds=4.75 | bankroll=401.23 | ROI=-59.9%
2026-05-03 22:26:51.064 | INFO     | betting.kelly:settle_bet:107 - [Bankroll] LOSS | stake=3.97 | odds=4.75 | bankroll=397.26 | ROI=-60.3%
2026-05-03 22:26:51.069 | INFO     | betting.kelly:settle_bet:107 - [Bankroll] LOSS | stake=12.32 | odds=10.0 | bankroll=384.94 | ROI=-61.5%
2026-05-03 22:26:51.070 | INFO     | betting.kelly:settle_bet:107 - [Bankroll] LOSS | stake=8.08 | odds=19.0 | bankroll=376.86 | ROI=-62.3%
2026-05-03 22:26:51.070 | INFO     | betting.kelly:settle_bet:107 - [Bankroll] LOSS | stake=13.04 | odds=8.5 | bankroll=363.82 | ROI=-63.6%
2026-05-03 22:26:51.070 | INFO     | betting.kelly:settle_bet:107 - [Bankroll] LOSS | stake=15.35 | odds=15.0 | bankroll=348.47 | ROI=-65.2%
2026-05-03 22:26:51.070 | INFO     | betting.kelly:settle_bet:107 - [Bankroll] LOSS | stake=17.74 | odds=3.25 | bankroll=330.73 | ROI=-66.9%
2026-05-03 22:26:51.070 | INFO     | betting.kelly:settle_bet:107 - [Bankroll] LOSS | stake=19.84 | odds=1.91 | bankroll=310.89 | ROI=-68.9%
2026-05-03 22:26:51.072 | INFO     | betting.kelly:settle_bet:107 - [Bankroll] LOSS | stake=17.19 | odds=4.2 | bankroll=293.70 | ROI=-70.6%
2026-05-03 22:26:51.072 | INFO     | betting.kelly:settle_bet:107 - [Bankroll] LOSS | stake=1.70 | odds=4.2 | bankroll=292.00 | ROI=-70.8%
2026-05-03 22:26:51.072 | INFO     | betting.kelly:settle_bet:107 - [Bankroll] LOSS | stake=3.10 | odds=1.91 | bankroll=288.90 | ROI=-71.1%
2026-05-03 22:26:51.074 | INFO     | betting.kelly:settle_bet:107 - [Bankroll] LOSS | stake=5.14 | odds=5.25 | bankroll=283.76 | ROI=-71.6%
2026-05-03 22:26:51.074 | INFO     | betting.kelly:settle_bet:107 - [Bankroll] LOSS | stake=6.67 | odds=7.5 | bankroll=277.09 | ROI=-72.3%
2026-05-03 22:26:51.074 | INFO     | betting.kelly:settle_bet:107 - [Bankroll] LOSS | stake=1.22 | odds=5.0 | bankroll=275.87 | ROI=-72.4%
2026-05-03 22:26:51.074 | INFO     | betting.kelly:settle_bet:107 - [Bankroll] LOSS | stake=10.21 | odds=7.0 | bankroll=265.66 | ROI=-73.4%
2026-05-03 22:26:51.075 | INFO     | betting.kelly:settle_bet:107 - [Bankroll] LOSS | stake=2.60 | odds=4.75 | bankroll=263.06 | ROI=-73.7%
2026-05-03 22:26:51.076 | INFO     | betting.kelly:settle_bet:107 - [Bankroll] LOSS | stake=1.32 | odds=3.4 | bankroll=261.74 | ROI=-73.8%
2026-05-03 22:26:51.076 | INFO     | betting.kelly:settle_bet:107 - [Bankroll] LOSS | stake=4.37 | odds=6.5 | bankroll=257.37 | ROI=-74.3%
2026-05-03 22:26:51.076 | INFO     | betting.kelly:settle_bet:107 - [Bankroll] LOSS | stake=3.24 | odds=12.0 | bankroll=254.13 | ROI=-74.6%
2026-05-03 22:26:51.076 | INFO     | betting.kelly:settle_bet:107 - [Bankroll] LOSS | stake=10.01 | odds=3.1 | bankroll=244.12 | ROI=-75.6%
2026-05-03 22:26:51.078 | INFO     | betting.kelly:settle_bet:107 - [Bankroll] LOSS | stake=2.93 | odds=3.5 | bankroll=241.19 | ROI=-75.9%
2026-05-03 22:26:51.078 | INFO     | betting.kelly:settle_bet:107 - [Bankroll] LOSS | stake=14.21 | odds=3.4 | bankroll=226.98 | ROI=-77.3%
2026-05-03 22:26:51.078 | INFO     | betting.kelly:settle_bet:107 - [Bankroll] WIN | stake=0.75 | odds=4.2 | bankroll=229.38 | ROI=-77.1%
2026-05-03 22:26:51.079 | INFO     | betting.kelly:settle_bet:107 - [Bankroll] LOSS | stake=1.33 | odds=4.5 | bankroll=228.05 | ROI=-77.2%
2026-05-03 22:26:51.080 | INFO     | betting.kelly:settle_bet:107 - [Bankroll] LOSS | stake=3.63 | odds=7.0 | bankroll=224.42 | ROI=-77.6%
2026-05-03 22:26:51.080 | INFO     | betting.kelly:settle_bet:107 - [Bankroll] WIN | stake=14.03 | odds=3.0 | bankroll=252.47 | ROI=-74.8%
2026-05-03 22:26:51.081 | INFO     | betting.kelly:settle_bet:107 - [Bankroll] LOSS | stake=15.78 | odds=2.88 | bankroll=236.69 | ROI=-76.3%
2026-05-03 22:26:51.081 | INFO     | betting.kelly:settle_bet:107 - [Bankroll] LOSS | stake=5.96 | odds=5.75 | bankroll=230.73 | ROI=-76.9%
2026-05-03 22:26:51.082 | INFO     | betting.kelly:settle_bet:107 - [Bankroll] LOSS | stake=1.82 | odds=4.5 | bankroll=228.91 | ROI=-77.1%
2026-05-03 22:26:51.082 | INFO     | betting.kelly:settle_bet:107 - [Bankroll] WIN | stake=0.94 | odds=2.9 | bankroll=230.69 | ROI=-76.9%
2026-05-03 22:26:51.082 | INFO     | betting.kelly:settle_bet:107 - [Bankroll] WIN | stake=7.47 | odds=2.9 | bankroll=244.89 | ROI=-75.5%
2026-05-03 22:26:51.082 | INFO     | betting.kelly:settle_bet:107 - [Bankroll] LOSS | stake=14.01 | odds=5.5 | bankroll=230.88 | ROI=-76.9%
2026-05-03 22:26:51.082 | INFO     | betting.kelly:settle_bet:107 - [Bankroll] LOSS | stake=2.38 | odds=4.5 | bankroll=228.50 | ROI=-77.1%
2026-05-03 22:26:51.085 | INFO     | betting.kelly:settle_bet:107 - [Bankroll] WIN | stake=4.80 | odds=5.75 | bankroll=251.29 | ROI=-74.9%
2026-05-03 22:26:51.085 | INFO     | betting.kelly:settle_bet:107 - [Bankroll] WIN | stake=12.51 | odds=8.0 | bankroll=338.89 | ROI=-66.1%
2026-05-03 22:26:51.085 | INFO     | betting.kelly:settle_bet:107 - [Bankroll] LOSS | stake=7.66 | odds=5.75 | bankroll=331.23 | ROI=-66.9%
2026-05-03 22:26:51.085 | INFO     | betting.kelly:settle_bet:107 - [Bankroll] LOSS | stake=6.62 | odds=5.75 | bankroll=324.61 | ROI=-67.5%
2026-05-03 22:26:51.085 | INFO     | betting.kelly:settle_bet:107 - [Bankroll] LOSS | stake=5.94 | odds=9.0 | bankroll=318.67 | ROI=-68.1%
2026-05-03 22:26:51.087 | INFO     | betting.kelly:settle_bet:107 - [Bankroll] WIN | stake=19.92 | odds=2.55 | bankroll=349.54 | ROI=-65.0%
2026-05-03 22:26:51.087 | INFO     | betting.kelly:settle_bet:107 - [Bankroll] LOSS | stake=2.80 | odds=2.7 | bankroll=346.74 | ROI=-65.3%
2026-05-03 22:26:51.088 | INFO     | betting.kelly:settle_bet:107 - [Bankroll] LOSS | stake=21.67 | odds=4.75 | bankroll=325.07 | ROI=-67.5%
2026-05-03 22:26:51.088 | INFO     | betting.kelly:settle_bet:107 - [Bankroll] LOSS | stake=14.82 | odds=3.6 | bankroll=310.25 | ROI=-69.0%
2026-05-03 22:26:51.088 | INFO     | betting.kelly:settle_bet:107 - [Bankroll] LOSS | stake=6.79 | odds=2.9 | bankroll=303.46 | ROI=-69.7%
2026-05-03 22:26:51.090 | INFO     | betting.kelly:settle_bet:107 - [Bankroll] LOSS | stake=8.89 | odds=2.05 | bankroll=294.57 | ROI=-70.5%
2026-05-03 22:26:51.090 | INFO     | betting.kelly:settle_bet:107 - [Bankroll] WIN | stake=12.08 | odds=2.0 | bankroll=306.65 | ROI=-69.3%
2026-05-03 22:26:51.090 | INFO     | betting.kelly:settle_bet:107 - [Bankroll] LOSS | stake=7.24 | odds=6.0 | bankroll=299.41 | ROI=-70.1%
2026-05-03 22:26:51.090 | INFO     | betting.kelly:settle_bet:107 - [Bankroll] LOSS | stake=7.52 | odds=4.75 | bankroll=291.89 | ROI=-70.8%
2026-05-03 22:26:51.092 | INFO     | betting.kelly:settle_bet:107 - [Bankroll] WIN | stake=4.52 | odds=6.0 | bankroll=314.51 | ROI=-68.5%
2026-05-03 22:26:51.092 | INFO     | betting.kelly:settle_bet:107 - [Bankroll] LOSS | stake=4.15 | odds=11.0 | bankroll=310.36 | ROI=-69.0%
2026-05-03 22:26:51.092 | INFO     | betting.kelly:settle_bet:107 - [Bankroll] LOSS | stake=11.24 | odds=4.5 | bankroll=299.12 | ROI=-70.1%
2026-05-03 22:26:51.092 | INFO     | betting.kelly:settle_bet:107 - [Bankroll] WIN | stake=5.56 | odds=4.0 | bankroll=315.81 | ROI=-68.4%
2026-05-03 22:26:51.094 | INFO     | betting.kelly:settle_bet:107 - [Bankroll] LOSS | stake=19.74 | odds=2.2 | bankroll=296.07 | ROI=-70.4%
2026-05-03 22:26:51.094 | INFO     | betting.kelly:settle_bet:107 - [Bankroll] LOSS | stake=2.19 | odds=4.33 | bankroll=293.88 | ROI=-70.6%
2026-05-03 22:26:51.094 | INFO     | betting.kelly:settle_bet:107 - [Bankroll] LOSS | stake=7.41 | odds=5.25 | bankroll=286.47 | ROI=-71.4%
2026-05-03 22:26:51.094 | INFO     | betting.kelly:settle_bet:107 - [Bankroll] LOSS | stake=13.38 | odds=2.75 | bankroll=273.09 | ROI=-72.7%
2026-05-03 22:26:51.094 | INFO     | betting.kelly:settle_bet:107 - [Bankroll] LOSS | stake=3.60 | odds=6.0 | bankroll=269.49 | ROI=-73.1%
2026-05-03 22:26:51.096 | INFO     | betting.kelly:settle_bet:107 - [Bankroll] LOSS | stake=1.91 | odds=4.75 | bankroll=267.58 | ROI=-73.2%
2026-05-03 22:26:51.096 | INFO     | betting.kelly:settle_bet:107 - [Bankroll] WIN | stake=11.77 | odds=1.91 | bankroll=278.29 | ROI=-72.2%
2026-05-03 22:26:51.096 | INFO     | betting.kelly:settle_bet:107 - [Bankroll] LOSS | stake=14.50 | odds=4.75 | bankroll=263.79 | ROI=-73.6%
2026-05-03 22:26:51.098 | INFO     | betting.kelly:settle_bet:107 - [Bankroll] LOSS | stake=14.06 | odds=3.5 | bankroll=249.73 | ROI=-75.0%
2026-05-03 22:26:51.098 | INFO     | betting.kelly:settle_bet:107 - [Bankroll] WIN | stake=13.44 | odds=2.9 | bankroll=275.26 | ROI=-72.5%
2026-05-03 22:26:51.098 | INFO     | betting.kelly:settle_bet:107 - [Bankroll] LOSS | stake=2.17 | odds=5.5 | bankroll=273.09 | ROI=-72.7%
2026-05-03 22:26:51.099 | INFO     | betting.kelly:settle_bet:107 - [Bankroll] LOSS | stake=11.39 | odds=3.2 | bankroll=261.70 | ROI=-73.8%
2026-05-03 22:26:51.099 | INFO     | betting.kelly:settle_bet:107 - [Bankroll] LOSS | stake=7.14 | odds=8.5 | bankroll=254.56 | ROI=-74.5%
2026-05-03 22:26:51.100 | INFO     | betting.kelly:settle_bet:107 - [Bankroll] LOSS | stake=5.24 | odds=17.0 | bankroll=249.32 | ROI=-75.1%
2026-05-03 22:26:51.100 | INFO     | betting.kelly:settle_bet:107 - [Bankroll] LOSS | stake=7.48 | odds=6.5 | bankroll=241.84 | ROI=-75.8%
2026-05-03 22:26:51.100 | INFO     | betting.kelly:settle_bet:107 - [Bankroll] LOSS | stake=7.16 | odds=8.0 | bankroll=234.68 | ROI=-76.5%
2026-05-03 22:26:51.100 | INFO     | betting.kelly:settle_bet:107 - [Bankroll] WIN | stake=4.46 | odds=3.4 | bankroll=245.38 | ROI=-75.5%
2026-05-03 22:26:51.100 | INFO     | betting.kelly:settle_bet:107 - [Bankroll] LOSS | stake=3.29 | odds=1.67 | bankroll=242.09 | ROI=-75.8%
2026-05-03 22:26:51.100 | INFO     | betting.kelly:settle_bet:107 - [Bankroll] LOSS | stake=5.86 | odds=5.75 | bankroll=236.23 | ROI=-76.4%
2026-05-03 22:26:51.100 | INFO     | betting.kelly:settle_bet:107 - [Bankroll] LOSS | stake=8.29 | odds=7.5 | bankroll=227.94 | ROI=-77.2%
2026-05-03 22:26:51.100 | INFO     | betting.kelly:settle_bet:107 - [Bankroll] LOSS | stake=14.25 | odds=2.38 | bankroll=213.69 | ROI=-78.6%
2026-05-03 22:26:51.100 | INFO     | betting.kelly:settle_bet:107 - [Bankroll] WIN | stake=6.88 | odds=1.83 | bankroll=219.40 | ROI=-78.1%
2026-05-03 22:26:51.100 | INFO     | betting.kelly:settle_bet:107 - [Bankroll] LOSS | stake=1.73 | odds=5.25 | bankroll=217.67 | ROI=-78.2%
2026-05-03 22:26:51.104 | INFO     | betting.kelly:settle_bet:107 - [Bankroll] LOSS | stake=0.28 | odds=7.0 | bankroll=217.39 | ROI=-78.3%
2026-05-03 22:26:51.105 | INFO     | betting.kelly:settle_bet:107 - [Bankroll] LOSS | stake=9.78 | odds=9.0 | bankroll=207.61 | ROI=-79.2%
2026-05-03 22:26:51.105 | INFO     | betting.kelly:settle_bet:107 - [Bankroll] LOSS | stake=5.13 | odds=6.0 | bankroll=202.48 | ROI=-79.8%
2026-05-03 22:26:51.105 | INFO     | betting.kelly:settle_bet:107 - [Bankroll] LOSS | stake=0.57 | odds=4.33 | bankroll=201.91 | ROI=-79.8%
2026-05-03 22:26:51.106 | INFO     | betting.kelly:settle_bet:107 - [Bankroll] LOSS | stake=11.02 | odds=6.5 | bankroll=190.89 | ROI=-80.9%
2026-05-03 22:26:51.106 | INFO     | betting.kelly:settle_bet:107 - [Bankroll] LOSS | stake=3.53 | odds=5.25 | bankroll=187.36 | ROI=-81.3%
2026-05-03 22:26:51.106 | INFO     | betting.kelly:settle_bet:107 - [Bankroll] LOSS | stake=2.72 | odds=3.2 | bankroll=184.64 | ROI=-81.5%
2026-05-03 22:26:51.106 | INFO     | betting.kelly:settle_bet:107 - [Bankroll] WIN | stake=5.50 | odds=2.7 | bankroll=193.99 | ROI=-80.6%
2026-05-03 22:26:51.106 | INFO     | betting.kelly:settle_bet:107 - [Bankroll] LOSS | stake=9.02 | odds=5.0 | bankroll=184.97 | ROI=-81.5%
2026-05-03 22:26:51.106 | INFO     | betting.kelly:settle_bet:107 - [Bankroll] LOSS | stake=4.53 | odds=6.5 | bankroll=180.44 | ROI=-82.0%
2026-05-03 22:26:51.106 | INFO     | betting.kelly:settle_bet:107 - [Bankroll] LOSS | stake=1.55 | odds=4.75 | bankroll=178.89 | ROI=-82.1%
2026-05-03 22:26:51.106 | INFO     | betting.kelly:settle_bet:107 - [Bankroll] WIN | stake=10.30 | odds=1.85 | bankroll=187.65 | ROI=-81.2%
2026-05-03 22:26:51.109 | INFO     | betting.kelly:settle_bet:107 - [Bankroll] LOSS | stake=0.81 | odds=4.5 | bankroll=186.84 | ROI=-81.3%
2026-05-03 22:26:51.109 | INFO     | betting.kelly:settle_bet:107 - [Bankroll] LOSS | stake=2.52 | odds=6.0 | bankroll=184.32 | ROI=-81.6%
2026-05-03 22:26:51.109 | INFO     | betting.kelly:settle_bet:107 - [Bankroll] LOSS | stake=11.52 | odds=4.5 | bankroll=172.80 | ROI=-82.7%
2026-05-03 22:26:51.110 | INFO     | betting.kelly:settle_bet:107 - [Bankroll] LOSS | stake=4.22 | odds=2.7 | bankroll=168.58 | ROI=-83.1%
2026-05-03 22:26:51.110 | INFO     | betting.kelly:settle_bet:107 - [Bankroll] LOSS | stake=6.81 | odds=4.0 | bankroll=161.77 | ROI=-83.8%
2026-05-03 22:26:51.110 | INFO     | betting.kelly:settle_bet:107 - [Bankroll] LOSS | stake=5.47 | odds=12.0 | bankroll=156.30 | ROI=-84.4%
2026-05-03 22:26:51.111 | INFO     | betting.kelly:settle_bet:107 - [Bankroll] LOSS | stake=3.45 | odds=26.0 | bankroll=152.85 | ROI=-84.7%
2026-05-03 22:26:51.111 | INFO     | betting.kelly:settle_bet:107 - [Bankroll] WIN | stake=9.55 | odds=2.7 | bankroll=169.09 | ROI=-83.1%
2026-05-03 22:26:51.111 | INFO     | betting.kelly:settle_bet:107 - [Bankroll] LOSS | stake=5.06 | odds=4.2 | bankroll=164.03 | ROI=-83.6%
2026-05-03 22:26:51.112 | INFO     | betting.kelly:settle_bet:107 - [Bankroll] LOSS | stake=4.45 | odds=8.5 | bankroll=159.58 | ROI=-84.0%
2026-05-03 22:26:51.112 | INFO     | betting.kelly:settle_bet:107 - [Bankroll] LOSS | stake=3.43 | odds=19.0 | bankroll=156.15 | ROI=-84.4%
2026-05-03 22:26:51.112 | INFO     | betting.kelly:settle_bet:107 - [Bankroll] WIN | stake=9.76 | odds=2.15 | bankroll=167.37 | ROI=-83.3%
2026-05-03 22:26:51.112 | INFO     | betting.kelly:settle_bet:107 - [Bankroll] LOSS | stake=3.13 | odds=5.75 | bankroll=164.24 | ROI=-83.6%
2026-05-03 22:26:51.112 | INFO     | betting.kelly:settle_bet:107 - [Bankroll] LOSS | stake=5.49 | odds=11.0 | bankroll=158.75 | ROI=-84.1%
2026-05-03 22:26:51.112 | INFO     | betting.kelly:settle_bet:107 - [Bankroll] WIN | stake=1.25 | odds=3.3 | bankroll=161.63 | ROI=-83.8%
2026-05-03 22:26:51.114 | INFO     | betting.kelly:settle_bet:107 - [Bankroll] LOSS | stake=1.94 | odds=5.5 | bankroll=159.69 | ROI=-84.0%
2026-05-03 22:26:51.114 | INFO     | betting.kelly:settle_bet:107 - [Bankroll] LOSS | stake=2.60 | odds=11.0 | bankroll=157.09 | ROI=-84.3%
2026-05-03 22:26:51.114 | INFO     | betting.kelly:settle_bet:107 - [Bankroll] LOSS | stake=3.19 | odds=6.5 | bankroll=153.90 | ROI=-84.6%
2026-05-03 22:26:51.114 | INFO     | betting.kelly:settle_bet:107 - [Bankroll] LOSS | stake=1.72 | odds=9.5 | bankroll=152.18 | ROI=-84.8%
2026-05-03 22:26:51.114 | INFO     | betting.kelly:settle_bet:107 - [Bankroll] LOSS | stake=1.46 | odds=3.4 | bankroll=150.72 | ROI=-84.9%
2026-05-03 22:26:51.114 | INFO     | betting.kelly:settle_bet:107 - [Bankroll] LOSS | stake=4.97 | odds=5.0 | bankroll=145.75 | ROI=-85.4%
2026-05-03 22:26:51.114 | INFO     | betting.kelly:settle_bet:107 - [Bankroll] WIN | stake=0.47 | odds=4.2 | bankroll=147.24 | ROI=-85.3%
2026-05-03 22:26:51.114 | INFO     | betting.kelly:settle_bet:107 - [Bankroll] LOSS | stake=5.11 | odds=5.5 | bankroll=142.13 | ROI=-85.8%
2026-05-03 22:26:51.114 | INFO     | betting.kelly:settle_bet:107 - [Bankroll] LOSS | stake=5.91 | odds=11.0 | bankroll=136.22 | ROI=-86.4%
2026-05-03 22:26:51.114 | INFO     | betting.kelly:settle_bet:107 - [Bankroll] LOSS | stake=6.85 | odds=19.0 | bankroll=129.37 | ROI=-87.1%
2026-05-03 22:26:51.114 | INFO     | betting.kelly:settle_bet:107 - [Bankroll] WIN | stake=5.90 | odds=3.8 | bankroll=145.89 | ROI=-85.4%
2026-05-03 22:26:51.114 | INFO     | betting.kelly:settle_bet:107 - [Bankroll] WIN | stake=4.19 | odds=5.75 | bankroll=165.78 | ROI=-83.4%
2026-05-03 22:26:51.118 | INFO     | betting.kelly:settle_bet:107 - [Bankroll] LOSS | stake=3.03 | odds=3.2 | bankroll=162.75 | ROI=-83.7%
2026-05-03 22:26:51.118 | INFO     | betting.kelly:settle_bet:107 - [Bankroll] LOSS | stake=10.17 | odds=3.1 | bankroll=152.58 | ROI=-84.7%
2026-05-03 22:26:51.118 | INFO     | betting.kelly:settle_bet:107 - [Bankroll] LOSS | stake=5.10 | odds=5.0 | bankroll=147.48 | ROI=-85.3%
2026-05-03 22:26:51.118 | INFO     | betting.kelly:settle_bet:107 - [Bankroll] LOSS | stake=1.33 | odds=4.5 | bankroll=146.15 | ROI=-85.4%
2026-05-03 22:26:51.118 | INFO     | betting.kelly:settle_bet:107 - [Bankroll] WIN | stake=9.13 | odds=2.05 | bankroll=155.74 | ROI=-84.4%
2026-05-03 22:26:51.118 | INFO     | betting.kelly:settle_bet:107 - [Bankroll] LOSS | stake=5.12 | odds=2.55 | bankroll=150.62 | ROI=-84.9%
2026-05-03 22:26:51.118 | INFO     | betting.kelly:settle_bet:107 - [Bankroll] LOSS | stake=9.41 | odds=2.3 | bankroll=141.21 | ROI=-85.9%
2026-05-03 22:26:51.118 | INFO     | betting.kelly:settle_bet:107 - [Bankroll] LOSS | stake=8.83 | odds=4.0 | bankroll=132.38 | ROI=-86.8%
2026-05-03 22:26:51.118 | INFO     | betting.kelly:settle_bet:107 - [Bankroll] LOSS | stake=5.37 | odds=2.6 | bankroll=127.01 | ROI=-87.3%
2026-05-03 22:26:51.118 | INFO     | betting.kelly:settle_bet:107 - [Bankroll] WIN | stake=0.57 | odds=4.33 | bankroll=128.91 | ROI=-87.1%
2026-05-03 22:26:51.118 | INFO     | betting.kelly:settle_bet:107 - [Bankroll] LOSS | stake=5.39 | odds=12.0 | bankroll=123.52 | ROI=-87.6%
2026-05-03 22:26:51.121 | INFO     | betting.kelly:settle_bet:107 - [Bankroll] WIN | stake=3.09 | odds=6.5 | bankroll=140.50 | ROI=-86.0%
2026-05-03 22:26:51.121 | INFO     | betting.kelly:settle_bet:107 - [Bankroll] WIN | stake=8.78 | odds=4.2 | bankroll=168.60 | ROI=-83.1%
2026-05-03 22:26:51.121 | INFO     | betting.kelly:settle_bet:107 - [Bankroll] WIN | stake=7.57 | odds=4.5 | bankroll=195.10 | ROI=-80.5%
2026-05-03 22:26:51.122 | INFO     | betting.kelly:settle_bet:107 - [Bankroll] LOSS | stake=1.78 | odds=4.33 | bankroll=193.32 | ROI=-80.7%
2026-05-03 22:26:51.122 | INFO     | betting.kelly:settle_bet:107 - [Bankroll] LOSS | stake=11.62 | odds=2.0 | bankroll=181.70 | ROI=-81.8%
2026-05-03 22:26:51.122 | INFO     | betting.kelly:settle_bet:107 - [Bankroll] LOSS | stake=7.40 | odds=17.0 | bankroll=174.30 | ROI=-82.6%
2026-05-03 22:26:51.122 | INFO     | betting.kelly:settle_bet:107 - [Bankroll] LOSS | stake=4.50 | odds=21.0 | bankroll=169.80 | ROI=-83.0%
2026-05-03 22:26:51.123 | INFO     | betting.kelly:settle_bet:107 - [Bankroll] LOSS | stake=4.11 | odds=2.55 | bankroll=165.69 | ROI=-83.4%
2026-05-03 22:26:51.123 | INFO     | betting.kelly:settle_bet:107 - [Bankroll] LOSS | stake=1.06 | odds=5.25 | bankroll=164.63 | ROI=-83.5%
2026-05-03 22:26:51.123 | INFO     | betting.kelly:settle_bet:107 - [Bankroll] LOSS | stake=1.04 | odds=9.5 | bankroll=163.59 | ROI=-83.6%
2026-05-03 22:26:51.124 | INFO     | betting.kelly:settle_bet:107 - [Bankroll] LOSS | stake=1.49 | odds=2.45 | bankroll=162.10 | ROI=-83.8%
2026-05-03 22:26:51.124 | INFO     | betting.kelly:settle_bet:107 - [Bankroll] WIN | stake=10.13 | odds=4.75 | bankroll=200.09 | ROI=-80.0%
2026-05-03 22:26:51.124 | INFO     | betting.kelly:settle_bet:107 - [Bankroll] LOSS | stake=12.51 | odds=2.45 | bankroll=187.58 | ROI=-81.2%
2026-05-03 22:26:51.124 | INFO     | betting.kelly:settle_bet:107 - [Bankroll] LOSS | stake=5.44 | odds=7.0 | bankroll=182.14 | ROI=-81.8%
2026-05-03 22:26:51.124 | INFO     | betting.kelly:settle_bet:107 - [Bankroll] LOSS | stake=7.03 | odds=17.0 | bankroll=175.11 | ROI=-82.5%
2026-05-03 22:26:51.124 | INFO     | betting.kelly:settle_bet:107 - [Bankroll] WIN | stake=7.41 | odds=2.55 | bankroll=186.59 | ROI=-81.3%
2026-05-03 22:26:51.124 | INFO     | betting.kelly:settle_bet:107 - [Bankroll] LOSS | stake=1.14 | odds=5.0 | bankroll=185.45 | ROI=-81.5%
2026-05-03 22:26:51.124 | INFO     | betting.kelly:settle_bet:107 - [Bankroll] WIN | stake=2.69 | odds=5.75 | bankroll=198.22 | ROI=-80.2%
2026-05-03 22:26:51.124 | INFO     | betting.kelly:settle_bet:107 - [Bankroll] LOSS | stake=4.32 | odds=13.0 | bankroll=193.90 | ROI=-80.6%
2026-05-03 22:26:51.124 | INFO     | betting.kelly:settle_bet:107 - [Bankroll] LOSS | stake=2.89 | odds=5.0 | bankroll=191.01 | ROI=-80.9%
2026-05-03 22:26:51.124 | INFO     | betting.kelly:settle_bet:107 - [Bankroll] LOSS | stake=10.62 | odds=6.5 | bankroll=180.39 | ROI=-82.0%
2026-05-03 22:26:51.124 | INFO     | betting.kelly:settle_bet:107 - [Bankroll] LOSS | stake=3.30 | odds=6.0 | bankroll=177.09 | ROI=-82.3%
2026-05-03 22:26:51.124 | INFO     | betting.kelly:settle_bet:107 - [Bankroll] LOSS | stake=2.80 | odds=9.0 | bankroll=174.29 | ROI=-82.6%
2026-05-03 22:26:51.124 | INFO     | betting.kelly:settle_bet:107 - [Bankroll] LOSS | stake=9.62 | odds=4.0 | bankroll=164.67 | ROI=-83.5%
2026-05-03 22:26:51.124 | INFO     | betting.kelly:settle_bet:107 - [Bankroll] LOSS | stake=10.29 | odds=5.0 | bankroll=154.38 | ROI=-84.6%
2026-05-03 22:26:51.124 | INFO     | betting.kelly:settle_bet:107 - [Bankroll] LOSS | stake=5.53 | odds=3.1 | bankroll=148.85 | ROI=-85.1%
2026-05-03 22:26:51.124 | INFO     | betting.kelly:settle_bet:107 - [Bankroll] LOSS | stake=6.58 | odds=9.0 | bankroll=142.27 | ROI=-85.8%
2026-05-03 22:26:51.124 | INFO     | betting.kelly:settle_bet:107 - [Bankroll] LOSS | stake=4.23 | odds=7.0 | bankroll=138.04 | ROI=-86.2%
2026-05-03 22:26:51.124 | INFO     | betting.kelly:settle_bet:107 - [Bankroll] WIN | stake=8.63 | odds=2.55 | bankroll=151.41 | ROI=-84.9%
2026-05-03 22:26:51.129 | INFO     | betting.kelly:settle_bet:107 - [Bankroll] WIN | stake=1.11 | odds=4.2 | bankroll=154.95 | ROI=-84.5%
2026-05-03 22:26:51.129 | INFO     | betting.kelly:settle_bet:107 - [Bankroll] LOSS | stake=2.76 | odds=4.2 | bankroll=152.19 | ROI=-84.8%
2026-05-03 22:26:51.129 | INFO     | betting.kelly:settle_bet:107 - [Bankroll] LOSS | stake=9.51 | odds=3.4 | bankroll=142.68 | ROI=-85.7%
2026-05-03 22:26:51.130 | INFO     | betting.kelly:settle_bet:107 - [Bankroll] LOSS | stake=1.36 | odds=3.8 | bankroll=141.32 | ROI=-85.9%
2026-05-03 22:26:51.130 | INFO     | betting.kelly:settle_bet:107 - [Bankroll] LOSS | stake=6.66 | odds=3.2 | bankroll=134.66 | ROI=-86.5%
2026-05-03 22:26:51.130 | INFO     | betting.kelly:settle_bet:107 - [Bankroll] WIN | stake=2.71 | odds=3.6 | bankroll=141.70 | ROI=-85.8%
2026-05-03 22:26:51.130 | INFO     | betting.kelly:settle_bet:107 - [Bankroll] LOSS | stake=2.71 | odds=6.5 | bankroll=138.99 | ROI=-86.1%
2026-05-03 22:26:51.130 | INFO     | betting.kelly:settle_bet:107 - [Bankroll] LOSS | stake=1.65 | odds=5.0 | bankroll=137.34 | ROI=-86.3%
2026-05-03 22:26:51.130 | INFO     | betting.kelly:settle_bet:107 - [Bankroll] LOSS | stake=2.17 | odds=5.5 | bankroll=135.17 | ROI=-86.5%
2026-05-03 22:26:51.132 | INFO     | betting.kelly:settle_bet:107 - [Bankroll] WIN | stake=0.93 | odds=4.33 | bankroll=138.28 | ROI=-86.2%
2026-05-03 22:26:51.132 | INFO     | betting.kelly:settle_bet:107 - [Bankroll] LOSS | stake=4.27 | odds=5.75 | bankroll=134.01 | ROI=-86.6%
2026-05-03 22:26:51.132 | INFO     | betting.kelly:settle_bet:107 - [Bankroll] LOSS | stake=8.38 | odds=3.2 | bankroll=125.63 | ROI=-87.4%
2026-05-03 22:26:51.132 | INFO     | betting.kelly:settle_bet:107 - [Bankroll] LOSS | stake=1.52 | odds=4.5 | bankroll=124.11 | ROI=-87.6%
2026-05-03 22:26:51.133 | INFO     | betting.kelly:settle_bet:107 - [Bankroll] LOSS | stake=1.99 | odds=2.7 | bankroll=122.12 | ROI=-87.8%
2026-05-03 22:26:51.133 | INFO     | betting.kelly:settle_bet:107 - [Bankroll] LOSS | stake=7.63 | odds=2.3 | bankroll=114.49 | ROI=-88.6%
2026-05-03 22:26:51.133 | INFO     | betting.kelly:settle_bet:107 - [Bankroll] LOSS | stake=4.49 | odds=2.2 | bankroll=110.00 | ROI=-89.0%
2026-05-03 22:26:51.133 | INFO     | betting.kelly:settle_bet:107 - [Bankroll] WIN | stake=4.09 | odds=2.38 | bankroll=115.65 | ROI=-88.4%
2026-05-03 22:26:51.134 | INFO     | betting.kelly:settle_bet:107 - [Bankroll] WIN | stake=2.44 | odds=2.6 | bankroll=119.55 | ROI=-88.0%
2026-05-03 22:26:51.134 | INFO     | betting.kelly:settle_bet:107 - [Bankroll] WIN | stake=1.89 | odds=2.6 | bankroll=122.57 | ROI=-87.7%
2026-05-03 22:26:51.134 | INFO     | betting.kelly:settle_bet:107 - [Bankroll] LOSS | stake=2.44 | odds=7.0 | bankroll=120.13 | ROI=-88.0%
2026-05-03 22:26:51.135 | INFO     | betting.kelly:settle_bet:107 - [Bankroll] LOSS | stake=0.66 | odds=9.0 | bankroll=119.47 | ROI=-88.1%
2026-05-03 22:26:51.135 | INFO     | betting.kelly:settle_bet:107 - [Bankroll] LOSS | stake=1.49 | odds=5.25 | bankroll=117.98 | ROI=-88.2%
2026-05-03 22:26:51.135 | INFO     | betting.kelly:settle_bet:107 - [Bankroll] WIN | stake=5.40 | odds=1.91 | bankroll=122.90 | ROI=-87.7%
2026-05-03 22:26:51.135 | INFO     | betting.kelly:settle_bet:107 - [Bankroll] WIN | stake=2.86 | odds=1.8 | bankroll=125.19 | ROI=-87.5%
2026-05-03 22:26:51.136 | INFO     | betting.kelly:settle_bet:107 - [Bankroll] LOSS | stake=1.03 | odds=5.5 | bankroll=124.16 | ROI=-87.6%
2026-05-03 22:26:51.136 | INFO     | betting.kelly:settle_bet:107 - [Bankroll] LOSS | stake=1.42 | odds=12.0 | bankroll=122.74 | ROI=-87.7%
2026-05-03 22:26:51.136 | INFO     | betting.kelly:settle_bet:107 - [Bankroll] WIN | stake=7.67 | odds=2.63 | bankroll=135.24 | ROI=-86.5%
2026-05-03 22:26:51.136 | INFO     | betting.kelly:settle_bet:107 - [Bankroll] LOSS | stake=8.45 | odds=3.4 | bankroll=126.79 | ROI=-87.3%
2026-05-03 22:26:51.136 | INFO     | betting.kelly:settle_bet:107 - [Bankroll] LOSS | stake=7.48 | odds=2.55 | bankroll=119.31 | ROI=-88.1%
2026-05-03 22:26:51.136 | INFO     | betting.kelly:settle_bet:107 - [Bankroll] LOSS | stake=1.25 | odds=2.3 | bankroll=118.06 | ROI=-88.2%
2026-05-03 22:26:51.138 | INFO     | betting.kelly:settle_bet:107 - [Bankroll] LOSS | stake=4.13 | odds=3.8 | bankroll=113.93 | ROI=-88.6%
2026-05-03 22:26:51.138 | INFO     | betting.kelly:settle_bet:107 - [Bankroll] WIN | stake=1.55 | odds=6.0 | bankroll=121.68 | ROI=-87.8%
2026-05-03 22:26:51.138 | INFO     | betting.kelly:settle_bet:107 - [Bankroll] LOSS | stake=0.71 | odds=9.0 | bankroll=120.97 | ROI=-87.9%
2026-05-03 22:26:51.139 | INFO     | betting.kelly:settle_bet:107 - [Bankroll] LOSS | stake=2.26 | odds=6.5 | bankroll=118.71 | ROI=-88.1%
2026-05-03 22:26:51.139 | INFO     | betting.kelly:settle_bet:107 - [Bankroll] LOSS | stake=1.16 | odds=9.0 | bankroll=117.55 | ROI=-88.2%
2026-05-03 22:26:51.139 | INFO     | betting.kelly:settle_bet:107 - [Bankroll] WIN | stake=4.54 | odds=1.73 | bankroll=120.86 | ROI=-87.9%
2026-05-03 22:26:51.139 | INFO     | betting.kelly:settle_bet:107 - [Bankroll] LOSS | stake=4.52 | odds=17.0 | bankroll=116.34 | ROI=-88.4%
2026-05-03 22:26:51.139 | INFO     | betting.kelly:settle_bet:107 - [Bankroll] LOSS | stake=3.00 | odds=7.0 | bankroll=113.34 | ROI=-88.7%
2026-05-03 22:26:51.139 | INFO     | betting.kelly:settle_bet:107 - [Bankroll] LOSS | stake=1.35 | odds=4.2 | bankroll=111.99 | ROI=-88.8%
2026-05-03 22:26:51.139 | INFO     | betting.kelly:settle_bet:107 - [Bankroll] LOSS | stake=7.00 | odds=12.0 | bankroll=104.99 | ROI=-89.5%
2026-05-03 22:26:51.139 | INFO     | betting.kelly:settle_bet:107 - [Bankroll] LOSS | stake=3.28 | odds=7.5 | bankroll=101.71 | ROI=-89.8%
2026-05-03 22:26:51.141 | INFO     | betting.kelly:settle_bet:107 - [Bankroll] LOSS | stake=1.59 | odds=3.75 | bankroll=100.12 | ROI=-90.0%
2026-05-03 22:26:51.141 | INFO     | betting.kelly:settle_bet:107 - [Bankroll] WIN | stake=0.78 | odds=4.75 | bankroll=103.05 | ROI=-89.7%
2026-05-03 22:26:51.141 | INFO     | betting.kelly:settle_bet:107 - [Bankroll] WIN | stake=4.24 | odds=2.88 | bankroll=111.01 | ROI=-88.9%
2026-05-03 22:26:51.141 | INFO     | betting.kelly:settle_bet:107 - [Bankroll] LOSS | stake=6.94 | odds=2.25 | bankroll=104.07 | ROI=-89.6%
2026-05-03 22:26:51.141 | INFO     | betting.kelly:settle_bet:107 - [Bankroll] LOSS | stake=1.51 | odds=3.75 | bankroll=102.56 | ROI=-89.7%
2026-05-03 22:26:51.142 | INFO     | betting.kelly:settle_bet:107 - [Bankroll] LOSS | stake=2.12 | odds=1.75 | bankroll=100.44 | ROI=-90.0%
2026-05-03 22:26:51.142 | INFO     | betting.kelly:settle_bet:107 - [Bankroll] LOSS | stake=0.33 | odds=4.2 | bankroll=100.11 | ROI=-90.0%
2026-05-03 22:26:51.142 | INFO     | betting.kelly:settle_bet:107 - [Bankroll] LOSS | stake=3.66 | odds=4.75 | bankroll=96.45 | ROI=-90.4%
2026-05-03 22:26:51.142 | INFO     | betting.kelly:settle_bet:107 - [Bankroll] LOSS | stake=5.95 | odds=6.0 | bankroll=90.50 | ROI=-91.0%
2026-05-03 22:26:51.142 | INFO     | betting.kelly:settle_bet:107 - [Bankroll] LOSS | stake=1.05 | odds=4.5 | bankroll=89.45 | ROI=-91.1%
2026-05-03 22:26:51.142 | INFO     | betting.kelly:settle_bet:107 - [Bankroll] LOSS | stake=3.88 | odds=2.25 | bankroll=85.57 | ROI=-91.4%
2026-05-03 22:26:51.142 | INFO     | betting.kelly:settle_bet:107 - [Bankroll] WIN | stake=5.35 | odds=2.38 | bankroll=92.95 | ROI=-90.7%
2026-05-03 22:26:51.142 | INFO     | betting.kelly:settle_bet:107 - [Bankroll] WIN | stake=5.81 | odds=2.05 | bankroll=99.05 | ROI=-90.1%
2026-05-03 22:26:51.142 | INFO     | betting.kelly:settle_bet:107 - [Bankroll] WIN | stake=6.19 | odds=9.0 | bankroll=148.57 | ROI=-85.1%
2026-05-03 22:26:51.142 | INFO     | betting.kelly:settle_bet:107 - [Bankroll] LOSS | stake=3.05 | odds=5.5 | bankroll=145.52 | ROI=-85.4%
2026-05-03 22:26:51.145 | INFO     | betting.kelly:settle_bet:107 - [Bankroll] LOSS | stake=7.48 | odds=3.4 | bankroll=138.04 | ROI=-86.2%
2026-05-03 22:26:51.145 | INFO     | betting.kelly:settle_bet:107 - [Bankroll] WIN | stake=3.88 | odds=4.2 | bankroll=150.45 | ROI=-85.0%
2026-05-03 22:26:51.145 | INFO     | betting.kelly:settle_bet:107 - [Bankroll] WIN | stake=2.45 | odds=4.75 | bankroll=159.65 | ROI=-84.0%
2026-05-03 22:26:51.145 | INFO     | betting.kelly:settle_bet:107 - [Bankroll] LOSS | stake=3.83 | odds=6.0 | bankroll=155.82 | ROI=-84.4%
2026-05-03 22:26:51.145 | INFO     | betting.kelly:settle_bet:107 - [Bankroll] LOSS | stake=9.74 | odds=2.6 | bankroll=146.08 | ROI=-85.4%
2026-05-03 22:26:51.146 | INFO     | betting.kelly:settle_bet:107 - [Bankroll] LOSS | stake=4.85 | odds=4.33 | bankroll=141.23 | ROI=-85.9%
2026-05-03 22:26:51.146 | INFO     | betting.kelly:settle_bet:107 - [Bankroll] LOSS | stake=1.77 | odds=2.1 | bankroll=139.46 | ROI=-86.1%
2026-05-03 22:26:51.146 | INFO     | betting.kelly:settle_bet:107 - [Bankroll] LOSS | stake=5.22 | odds=17.0 | bankroll=134.24 | ROI=-86.6%
2026-05-03 22:26:51.146 | INFO     | betting.kelly:settle_bet:107 - [Bankroll] LOSS | stake=4.08 | odds=8.0 | bankroll=130.16 | ROI=-87.0%
2026-05-03 22:26:51.146 | INFO     | betting.kelly:settle_bet:107 - [Bankroll] WIN | stake=8.13 | odds=2.38 | bankroll=141.39 | ROI=-85.9%
2026-05-03 22:26:51.146 | INFO     | betting.kelly:settle_bet:107 - [Bankroll] WIN | stake=4.38 | odds=3.1 | bankroll=150.59 | ROI=-84.9%
2026-05-03 22:26:51.147 | INFO     | betting.kelly:settle_bet:107 - [Bankroll] WIN | stake=4.22 | odds=2.15 | bankroll=155.44 | ROI=-84.5%
2026-05-03 22:26:51.147 | INFO     | betting.kelly:settle_bet:107 - [Bankroll] LOSS | stake=9.09 | odds=2.3 | bankroll=146.35 | ROI=-85.4%
2026-05-03 22:26:51.147 | INFO     | betting.kelly:settle_bet:107 - [Bankroll] LOSS | stake=9.15 | odds=4.2 | bankroll=137.20 | ROI=-86.3%
2026-05-03 22:26:51.148 | INFO     | betting.kelly:settle_bet:107 - [Bankroll] LOSS | stake=2.99 | odds=2.0 | bankroll=134.21 | ROI=-86.6%
2026-05-03 22:26:51.148 | INFO     | betting.kelly:settle_bet:107 - [Bankroll] LOSS | stake=2.25 | odds=6.5 | bankroll=131.96 | ROI=-86.8%
2026-05-03 22:26:51.149 | INFO     | betting.kelly:settle_bet:107 - [Bankroll] LOSS | stake=1.85 | odds=13.0 | bankroll=130.11 | ROI=-87.0%
2026-05-03 22:26:51.149 | INFO     | betting.kelly:settle_bet:107 - [Bankroll] WIN | stake=4.85 | odds=2.7 | bankroll=138.36 | ROI=-86.2%
2026-05-03 22:26:51.149 | INFO     | betting.kelly:settle_bet:107 - [Bankroll] LOSS | stake=0.61 | odds=3.6 | bankroll=137.75 | ROI=-86.2%
2026-05-03 22:26:51.149 | INFO     | betting.kelly:settle_bet:107 - [Bankroll] WIN | stake=4.57 | odds=4.75 | bankroll=154.90 | ROI=-84.5%
2026-05-03 22:26:51.149 | INFO     | betting.kelly:settle_bet:107 - [Bankroll] LOSS | stake=9.06 | odds=3.5 | bankroll=145.84 | ROI=-85.4%
2026-05-03 22:26:51.149 | INFO     | betting.kelly:settle_bet:107 - [Bankroll] WIN | stake=0.60 | odds=4.2 | bankroll=147.75 | ROI=-85.2%
2026-05-03 22:26:51.149 | INFO     | betting.kelly:settle_bet:107 - [Bankroll] WIN | stake=4.54 | odds=8.0 | bankroll=179.50 | ROI=-82.0%
2026-05-03 22:26:51.149 | INFO     | betting.kelly:settle_bet:107 - [Bankroll] LOSS | stake=5.58 | odds=13.0 | bankroll=173.92 | ROI=-82.6%
2026-05-03 22:26:51.151 | INFO     | betting.kelly:settle_bet:107 - [Bankroll] LOSS | stake=1.08 | odds=5.0 | bankroll=172.84 | ROI=-82.7%
2026-05-03 22:26:51.151 | INFO     | betting.kelly:settle_bet:107 - [Bankroll] LOSS | stake=0.69 | odds=5.0 | bankroll=172.15 | ROI=-82.8%
2026-05-03 22:26:51.151 | INFO     | betting.kelly:settle_bet:107 - [Bankroll] LOSS | stake=10.76 | odds=3.2 | bankroll=161.39 | ROI=-83.9%
2026-05-03 22:26:51.151 | INFO     | betting.kelly:settle_bet:107 - [Bankroll] WIN | stake=4.52 | odds=2.15 | bankroll=166.59 | ROI=-83.3%
2026-05-03 22:26:51.151 | INFO     | betting.kelly:settle_bet:107 - [Bankroll] WIN | stake=4.31 | odds=6.0 | bankroll=188.16 | ROI=-81.2%
2026-05-03 22:26:51.152 | INFO     | betting.kelly:settle_bet:107 - [Bankroll] LOSS | stake=7.85 | odds=8.0 | bankroll=180.31 | ROI=-82.0%
2026-05-03 22:26:51.152 | INFO     | betting.kelly:settle_bet:107 - [Bankroll] LOSS | stake=9.12 | odds=4.2 | bankroll=171.19 | ROI=-82.9%
2026-05-03 22:26:51.152 | INFO     | betting.kelly:settle_bet:107 - [Bankroll] LOSS | stake=1.49 | odds=5.25 | bankroll=169.70 | ROI=-83.0%
2026-05-03 22:26:51.152 | INFO     | betting.kelly:settle_bet:107 - [Bankroll] LOSS | stake=0.63 | odds=5.0 | bankroll=169.07 | ROI=-83.1%
2026-05-03 22:26:51.152 | INFO     | betting.kelly:settle_bet:107 - [Bankroll] LOSS | stake=0.64 | odds=8.5 | bankroll=168.43 | ROI=-83.2%
2026-05-03 22:26:51.152 | INFO     | betting.kelly:settle_bet:107 - [Bankroll] LOSS | stake=3.32 | odds=5.0 | bankroll=165.11 | ROI=-83.5%
2026-05-03 22:26:51.153 | INFO     | betting.kelly:settle_bet:107 - [Bankroll] WIN | stake=1.19 | odds=4.5 | bankroll=169.27 | ROI=-83.1%
2026-05-03 22:26:51.153 | INFO     | betting.kelly:settle_bet:107 - [Bankroll] WIN | stake=1.62 | odds=5.0 | bankroll=175.77 | ROI=-82.4%
2026-05-03 22:26:51.153 | INFO     | betting.kelly:settle_bet:107 - [Bankroll] LOSS | stake=1.48 | odds=6.5 | bankroll=174.29 | ROI=-82.6%
2026-05-03 22:26:51.153 | INFO     | betting.kelly:settle_bet:107 - [Bankroll] WIN | stake=2.11 | odds=4.75 | bankroll=182.20 | ROI=-81.8%
2026-05-03 22:26:51.153 | INFO     | betting.kelly:settle_bet:107 - [Bankroll] LOSS | stake=0.35 | odds=5.25 | bankroll=181.85 | ROI=-81.8%
2026-05-03 22:26:51.153 | INFO     | betting.kelly:settle_bet:107 - [Bankroll] WIN | stake=3.98 | odds=1.95 | bankroll=185.63 | ROI=-81.4%
2026-05-03 22:26:51.154 | INFO     | betting.kelly:settle_bet:107 - [Bankroll] LOSS | stake=0.98 | odds=4.0 | bankroll=184.65 | ROI=-81.5%
2026-05-03 22:26:51.154 | INFO     | betting.kelly:settle_bet:107 - [Bankroll] LOSS | stake=6.33 | odds=3.8 | bankroll=178.32 | ROI=-82.2%
2026-05-03 22:26:51.155 | INFO     | betting.kelly:settle_bet:107 - [Bankroll] LOSS | stake=9.52 | odds=6.5 | bankroll=168.80 | ROI=-83.1%
2026-05-03 22:26:51.155 | INFO     | betting.kelly:settle_bet:107 - [Bankroll] LOSS | stake=4.71 | odds=5.75 | bankroll=164.09 | ROI=-83.6%
2026-05-03 22:26:51.155 | INFO     | betting.kelly:settle_bet:107 - [Bankroll] LOSS | stake=1.72 | odds=5.25 | bankroll=162.37 | ROI=-83.8%
2026-05-03 22:26:51.155 | INFO     | betting.kelly:settle_bet:107 - [Bankroll] LOSS | stake=1.43 | odds=7.5 | bankroll=160.94 | ROI=-83.9%
2026-05-03 22:26:51.155 | INFO     | betting.kelly:settle_bet:107 - [Bankroll] LOSS | stake=3.93 | odds=8.0 | bankroll=157.01 | ROI=-84.3%
2026-05-03 22:26:51.155 | INFO     | betting.kelly:settle_bet:107 - [Bankroll] LOSS | stake=2.59 | odds=15.0 | bankroll=154.42 | ROI=-84.6%
2026-05-03 22:26:51.155 | INFO     | betting.kelly:settle_bet:107 - [Bankroll] WIN | stake=2.10 | odds=2.8 | bankroll=158.20 | ROI=-84.2%
2026-05-03 22:26:51.155 | INFO     | betting.kelly:settle_bet:107 - [Bankroll] LOSS | stake=6.77 | odds=3.3 | bankroll=151.43 | ROI=-84.9%
2026-05-03 22:26:51.155 | INFO     | betting.kelly:settle_bet:107 - [Bankroll] WIN | stake=2.89 | odds=6.5 | bankroll=167.34 | ROI=-83.3%
2026-05-03 22:26:51.155 | INFO     | betting.kelly:settle_bet:107 - [Bankroll] LOSS | stake=2.84 | odds=12.0 | bankroll=164.50 | ROI=-83.5%
2026-05-03 22:26:51.155 | INFO     | betting.kelly:settle_bet:107 - [Bankroll] LOSS | stake=9.23 | odds=2.75 | bankroll=155.27 | ROI=-84.5%
2026-05-03 22:26:51.155 | INFO     | betting.kelly:settle_bet:107 - [Bankroll] WIN | stake=3.57 | odds=5.25 | bankroll=170.45 | ROI=-83.0%
2026-05-03 22:26:51.155 | INFO     | betting.kelly:settle_bet:107 - [Bankroll] LOSS | stake=2.95 | odds=2.6 | bankroll=167.50 | ROI=-83.2%
2026-05-03 22:26:51.155 | INFO     | betting.kelly:settle_bet:107 - [Bankroll] WIN | stake=1.04 | odds=3.75 | bankroll=170.36 | ROI=-83.0%
2026-05-03 22:26:51.155 | INFO     | betting.kelly:settle_bet:107 - [Bankroll] WIN | stake=10.65 | odds=2.6 | bankroll=187.40 | ROI=-81.3%
2026-05-03 22:26:51.155 | INFO     | betting.kelly:settle_bet:107 - [Bankroll] LOSS | stake=11.71 | odds=6.5 | bankroll=175.69 | ROI=-82.4%
2026-05-03 22:26:51.155 | INFO     | betting.kelly:settle_bet:107 - [Bankroll] LOSS | stake=3.02 | odds=5.25 | bankroll=172.67 | ROI=-82.7%
2026-05-03 22:26:51.155 | INFO     | betting.kelly:settle_bet:107 - [Bankroll] LOSS | stake=5.06 | odds=2.3 | bankroll=167.61 | ROI=-83.2%
2026-05-03 22:26:51.155 | INFO     | betting.kelly:settle_bet:107 - [Bankroll] WIN | stake=4.46 | odds=2.15 | bankroll=172.74 | ROI=-82.7%
2026-05-03 22:26:51.155 | INFO     | betting.kelly:settle_bet:107 - [Bankroll] LOSS | stake=6.01 | odds=5.0 | bankroll=166.73 | ROI=-83.3%
2026-05-03 22:26:51.159 | INFO     | betting.kelly:settle_bet:107 - [Bankroll] LOSS | stake=2.93 | odds=5.75 | bankroll=163.80 | ROI=-83.6%
2026-05-03 22:26:51.159 | INFO     | betting.kelly:settle_bet:107 - [Bankroll] LOSS | stake=10.24 | odds=1.95 | bankroll=153.56 | ROI=-84.6%
2026-05-03 22:26:51.159 | INFO     | betting.kelly:settle_bet:107 - [Bankroll] LOSS | stake=1.66 | odds=5.5 | bankroll=151.90 | ROI=-84.8%
2026-05-03 22:26:51.159 | INFO     | betting.kelly:settle_bet:107 - [Bankroll] WIN | stake=0.38 | odds=7.5 | bankroll=154.37 | ROI=-84.6%
2026-05-03 22:26:51.159 | INFO     | betting.kelly:settle_bet:107 - [Bankroll] LOSS | stake=1.25 | odds=2.6 | bankroll=153.12 | ROI=-84.7%
2026-05-03 22:26:51.160 | INFO     | betting.kelly:settle_bet:107 - [Bankroll] LOSS | stake=5.11 | odds=11.0 | bankroll=148.01 | ROI=-85.2%
2026-05-03 22:26:51.160 | INFO     | betting.kelly:settle_bet:107 - [Bankroll] LOSS | stake=3.76 | odds=29.0 | bankroll=144.25 | ROI=-85.6%
2026-05-03 22:26:51.160 | INFO     | betting.kelly:settle_bet:107 - [Bankroll] WIN | stake=4.56 | odds=2.2 | bankroll=149.72 | ROI=-85.0%
2026-05-03 22:26:51.160 | INFO     | betting.kelly:settle_bet:107 - [Bankroll] LOSS | stake=7.89 | odds=6.5 | bankroll=141.83 | ROI=-85.8%
2026-05-03 22:26:51.160 | INFO     | betting.kelly:settle_bet:107 - [Bankroll] LOSS | stake=0.78 | odds=4.2 | bankroll=141.05 | ROI=-85.9%
2026-05-03 22:26:51.160 | INFO     | betting.kelly:settle_bet:107 - [Bankroll] WIN | stake=7.02 | odds=3.2 | bankroll=156.50 | ROI=-84.4%
2026-05-03 22:26:51.160 | INFO     | betting.kelly:settle_bet:107 - [Bankroll] WIN | stake=5.37 | odds=2.63 | bankroll=165.25 | ROI=-83.5%
2026-05-03 22:26:51.160 | INFO     | betting.kelly:settle_bet:107 - [Bankroll] LOSS | stake=2.89 | odds=5.25 | bankroll=162.36 | ROI=-83.8%
2026-05-03 22:26:51.160 | INFO     | betting.kelly:settle_bet:107 - [Bankroll] LOSS | stake=7.47 | odds=7.5 | bankroll=154.89 | ROI=-84.5%
2026-05-03 22:26:51.163 | INFO     | betting.kelly:settle_bet:107 - [Bankroll] WIN | stake=1.15 | odds=5.25 | bankroll=159.76 | ROI=-84.0%
2026-05-03 22:26:51.163 | INFO     | betting.kelly:settle_bet:107 - [Bankroll] LOSS | stake=0.62 | odds=4.5 | bankroll=159.14 | ROI=-84.1%
2026-05-03 22:26:51.163 | INFO     | betting.kelly:settle_bet:107 - [Bankroll] LOSS | stake=0.91 | odds=4.5 | bankroll=158.23 | ROI=-84.2%
2026-05-03 22:26:51.163 | INFO     | betting.kelly:settle_bet:107 - [Bankroll] LOSS | stake=3.83 | odds=7.0 | bankroll=154.40 | ROI=-84.6%
2026-05-03 22:26:51.164 | INFO     | betting.kelly:settle_bet:107 - [Bankroll] LOSS | stake=9.65 | odds=2.45 | bankroll=144.75 | ROI=-85.5%
2026-05-03 22:26:51.164 | INFO     | betting.kelly:settle_bet:107 - [Bankroll] LOSS | stake=6.12 | odds=2.0 | bankroll=138.63 | ROI=-86.1%
2026-05-03 22:26:51.164 | INFO     | betting.kelly:settle_bet:107 - [Bankroll] LOSS | stake=3.90 | odds=9.0 | bankroll=134.73 | ROI=-86.5%
2026-05-03 22:26:51.164 | INFO     | betting.kelly:settle_bet:107 - [Bankroll] LOSS | stake=1.71 | odds=12.0 | bankroll=133.02 | ROI=-86.7%
2026-05-03 22:26:51.164 | INFO     | betting.kelly:settle_bet:107 - [Bankroll] LOSS | stake=3.38 | odds=5.25 | bankroll=129.64 | ROI=-87.0%
2026-05-03 22:26:51.165 | INFO     | betting.kelly:settle_bet:107 - [Bankroll] LOSS | stake=0.92 | odds=4.5 | bankroll=128.72 | ROI=-87.1%
2026-05-03 22:26:51.165 | INFO     | betting.kelly:settle_bet:107 - [Bankroll] LOSS | stake=0.63 | odds=4.5 | bankroll=128.09 | ROI=-87.2%
2026-05-03 22:26:51.165 | INFO     | betting.kelly:settle_bet:107 - [Bankroll] WIN | stake=2.40 | odds=7.5 | bankroll=143.66 | ROI=-85.6%
2026-05-03 22:26:51.165 | INFO     | betting.kelly:settle_bet:107 - [Bankroll] LOSS | stake=5.79 | odds=5.5 | bankroll=137.87 | ROI=-86.2%
2026-05-03 22:26:51.165 | INFO     | betting.kelly:settle_bet:107 - [Bankroll] LOSS | stake=1.21 | odds=4.33 | bankroll=136.66 | ROI=-86.3%
2026-05-03 22:26:51.165 | INFO     | betting.kelly:settle_bet:107 - [Bankroll] LOSS | stake=1.54 | odds=2.05 | bankroll=135.12 | ROI=-86.5%
2026-05-03 22:26:51.166 | INFO     | betting.kelly:settle_bet:107 - [Bankroll] LOSS | stake=1.35 | odds=3.4 | bankroll=133.77 | ROI=-86.6%
2026-05-03 22:26:51.166 | INFO     | betting.kelly:settle_bet:107 - [Bankroll] LOSS | stake=4.43 | odds=2.2 | bankroll=129.34 | ROI=-87.1%
2026-05-03 22:26:51.167 | INFO     | betting.kelly:settle_bet:107 - [Bankroll] LOSS | stake=2.56 | odds=5.25 | bankroll=126.78 | ROI=-87.3%
2026-05-03 22:26:51.167 | INFO     | betting.kelly:settle_bet:107 - [Bankroll] LOSS | stake=1.26 | odds=4.75 | bankroll=125.52 | ROI=-87.4%
2026-05-03 22:26:51.167 | INFO     | betting.kelly:settle_bet:107 - [Bankroll] LOSS | stake=7.84 | odds=2.2 | bankroll=117.68 | ROI=-88.2%
2026-05-03 22:26:51.167 | INFO     | betting.kelly:settle_bet:107 - [Bankroll] WIN | stake=3.67 | odds=3.5 | bankroll=126.86 | ROI=-87.3%
2026-05-03 22:26:51.167 | INFO     | betting.kelly:settle_bet:107 - [Bankroll] LOSS | stake=3.31 | odds=2.15 | bankroll=123.55 | ROI=-87.6%
2026-05-03 22:26:51.167 | INFO     | betting.kelly:settle_bet:107 - [Bankroll] LOSS | stake=5.52 | odds=2.8 | bankroll=118.03 | ROI=-88.2%
2026-05-03 22:26:51.167 | INFO     | betting.kelly:settle_bet:107 - [Bankroll] LOSS | stake=2.48 | odds=4.0 | bankroll=115.55 | ROI=-88.4%
2026-05-03 22:26:51.167 | INFO     | betting.kelly:settle_bet:107 - [Bankroll] LOSS | stake=0.72 | odds=3.8 | bankroll=114.83 | ROI=-88.5%
2026-05-03 22:26:51.169 | INFO     | betting.kelly:settle_bet:107 - [Bankroll] LOSS | stake=1.58 | odds=5.75 | bankroll=113.25 | ROI=-88.7%
2026-05-03 22:26:51.169 | INFO     | betting.kelly:settle_bet:107 - [Bankroll] LOSS | stake=1.14 | odds=9.0 | bankroll=112.11 | ROI=-88.8%
2026-05-03 22:26:51.169 | INFO     | betting.kelly:settle_bet:107 - [Bankroll] LOSS | stake=4.26 | odds=3.4 | bankroll=107.85 | ROI=-89.2%
2026-05-03 22:26:51.169 | INFO     | betting.kelly:settle_bet:107 - [Bankroll] WIN | stake=4.13 | odds=2.7 | bankroll=114.87 | ROI=-88.5%
2026-05-03 22:26:51.169 | INFO     | betting.kelly:settle_bet:107 - [Bankroll] LOSS | stake=7.18 | odds=4.5 | bankroll=107.69 | ROI=-89.2%
2026-05-03 22:26:51.169 | INFO     | betting.kelly:settle_bet:107 - [Bankroll] LOSS | stake=6.73 | odds=2.7 | bankroll=100.96 | ROI=-89.9%
2026-05-03 22:26:51.169 | INFO     | betting.kelly:settle_bet:107 - [Bankroll] LOSS | stake=3.62 | odds=11.0 | bankroll=97.34 | ROI=-90.3%
2026-05-03 22:26:51.169 | INFO     | betting.kelly:settle_bet:107 - [Bankroll] WIN | stake=2.58 | odds=21.0 | bankroll=148.93 | ROI=-85.1%
2026-05-03 22:26:51.169 | INFO     | betting.kelly:settle_bet:107 - [Bankroll] LOSS | stake=6.82 | odds=4.2 | bankroll=142.11 | ROI=-85.8%
2026-05-03 22:26:51.169 | INFO     | betting.kelly:settle_bet:107 - [Bankroll] LOSS | stake=1.24 | odds=4.5 | bankroll=140.87 | ROI=-85.9%
2026-05-03 22:26:51.169 | INFO     | betting.kelly:settle_bet:107 - [Bankroll] LOSS | stake=8.80 | odds=3.4 | bankroll=132.07 | ROI=-86.8%
2026-05-03 22:26:51.169 | INFO     | betting.kelly:settle_bet:107 - [Bankroll] LOSS | stake=3.57 | odds=1.91 | bankroll=128.50 | ROI=-87.2%
2026-05-03 22:26:51.169 | INFO     | betting.kelly:settle_bet:107 - [Bankroll] WIN | stake=0.50 | odds=4.33 | bankroll=130.17 | ROI=-87.0%
2026-05-03 22:26:51.169 | INFO     | betting.kelly:settle_bet:107 - [Bankroll] LOSS | stake=0.73 | odds=5.0 | bankroll=129.44 | ROI=-87.1%
2026-05-03 22:26:51.169 | INFO     | betting.kelly:settle_bet:107 - [Bankroll] LOSS | stake=2.87 | odds=7.0 | bankroll=126.57 | ROI=-87.3%
2026-05-03 22:26:51.169 | INFO     | betting.kelly:settle_bet:107 - [Bankroll] LOSS | stake=2.97 | odds=17.0 | bankroll=123.60 | ROI=-87.6%
2026-05-03 22:26:51.169 | INFO     | betting.kelly:settle_bet:107 - [Bankroll] LOSS | stake=4.82 | odds=3.5 | bankroll=118.78 | ROI=-88.1%
2026-05-03 22:26:51.169 | INFO     | betting.kelly:settle_bet:107 - [Bankroll] LOSS | stake=4.13 | odds=1.83 | bankroll=114.65 | ROI=-88.5%
2026-05-03 22:26:51.172 | INFO     | betting.kelly:settle_bet:107 - [Bankroll] WIN | stake=1.54 | odds=5.5 | bankroll=121.56 | ROI=-87.8%
2026-05-03 22:26:51.172 | INFO     | betting.kelly:settle_bet:107 - [Bankroll] LOSS | stake=2.16 | odds=10.0 | bankroll=119.40 | ROI=-88.1%
2026-05-03 22:26:51.172 | INFO     | betting.kelly:settle_bet:107 - [Bankroll] WIN | stake=3.86 | odds=2.63 | bankroll=125.69 | ROI=-87.4%
2026-05-03 22:26:51.172 | INFO     | betting.kelly:settle_bet:107 - [Bankroll] WIN | stake=0.64 | odds=4.5 | bankroll=127.93 | ROI=-87.2%
2026-05-03 22:26:51.172 | INFO     | betting.kelly:settle_bet:107 - [Bankroll] LOSS | stake=8.00 | odds=4.33 | bankroll=119.93 | ROI=-88.0%
2026-05-03 22:26:51.172 | INFO     | betting.kelly:settle_bet:107 - [Bankroll] LOSS | stake=4.11 | odds=8.5 | bankroll=115.82 | ROI=-88.4%
2026-05-03 22:26:51.174 | INFO     | betting.kelly:settle_bet:107 - [Bankroll] LOSS | stake=2.35 | odds=5.75 | bankroll=113.47 | ROI=-88.7%
2026-05-03 22:26:51.174 | INFO     | betting.kelly:settle_bet:107 - [Bankroll] LOSS | stake=0.98 | odds=2.88 | bankroll=112.49 | ROI=-88.8%
2026-05-03 22:26:51.174 | INFO     | betting.kelly:settle_bet:107 - [Bankroll] LOSS | stake=1.03 | odds=5.75 | bankroll=111.46 | ROI=-88.9%
2026-05-03 22:26:51.174 | INFO     | betting.kelly:settle_bet:107 - [Bankroll] LOSS | stake=1.10 | odds=5.5 | bankroll=110.36 | ROI=-89.0%
2026-05-03 22:26:51.174 | INFO     | betting.kelly:settle_bet:107 - [Bankroll] LOSS | stake=0.32 | odds=4.0 | bankroll=110.04 | ROI=-89.0%
2026-05-03 22:26:51.174 | INFO     | betting.kelly:settle_bet:107 - [Bankroll] WIN | stake=2.85 | odds=3.8 | bankroll=118.02 | ROI=-88.2%
2026-05-03 22:26:51.174 | INFO     | betting.kelly:settle_bet:107 - [Bankroll] WIN | stake=6.87 | odds=4.2 | bankroll=140.00 | ROI=-86.0%
2026-05-03 22:26:51.174 | INFO     | betting.kelly:settle_bet:107 - [Bankroll] LOSS | stake=0.91 | odds=4.2 | bankroll=139.09 | ROI=-86.1%
2026-05-03 22:26:51.174 | INFO     | betting.kelly:settle_bet:107 - [Bankroll] LOSS | stake=2.46 | odds=3.0 | bankroll=136.63 | ROI=-86.3%
2026-05-03 22:26:51.176 | INFO     | betting.kelly:settle_bet:107 - [Bankroll] LOSS | stake=8.54 | odds=7.5 | bankroll=128.09 | ROI=-87.2%
2026-05-03 22:26:51.176 | INFO     | betting.kelly:settle_bet:107 - [Bankroll] LOSS | stake=2.42 | odds=5.0 | bankroll=125.67 | ROI=-87.4%
2026-05-03 22:26:51.176 | INFO     | betting.kelly:settle_bet:107 - [Bankroll] WIN | stake=2.85 | odds=1.62 | bankroll=127.44 | ROI=-87.3%
2026-05-03 22:26:51.176 | INFO     | betting.kelly:settle_bet:107 - [Bankroll] LOSS | stake=5.66 | odds=12.0 | bankroll=121.78 | ROI=-87.8%
2026-05-03 22:26:51.177 | INFO     | betting.kelly:settle_bet:107 - [Bankroll] LOSS | stake=5.35 | odds=21.0 | bankroll=116.43 | ROI=-88.4%
2026-05-03 22:26:51.177 | INFO     | betting.kelly:settle_bet:107 - [Bankroll] LOSS | stake=7.13 | odds=2.63 | bankroll=109.30 | ROI=-89.1%
2026-05-03 22:26:51.177 | INFO     | betting.kelly:settle_bet:107 - [Bankroll] LOSS | stake=2.46 | odds=2.75 | bankroll=106.84 | ROI=-89.3%
2026-05-03 22:26:51.177 | INFO     | betting.kelly:settle_bet:107 - [Bankroll] LOSS | stake=6.68 | odds=3.75 | bankroll=100.16 | ROI=-90.0%
2026-05-03 22:26:51.177 | INFO     | betting.kelly:settle_bet:107 - [Bankroll] WIN | stake=0.82 | odds=4.5 | bankroll=103.03 | ROI=-89.7%
2026-05-03 22:26:51.178 | INFO     | betting.kelly:settle_bet:107 - [Bankroll] LOSS | stake=0.84 | odds=2.1 | bankroll=102.19 | ROI=-89.8%
2026-05-03 22:26:51.178 | INFO     | betting.kelly:settle_bet:107 - [Bankroll] WIN | stake=1.39 | odds=2.2 | bankroll=103.86 | ROI=-89.6%
2026-05-03 22:26:51.178 | INFO     | betting.kelly:settle_bet:107 - [Bankroll] LOSS | stake=6.49 | odds=5.25 | bankroll=97.37 | ROI=-90.3%
2026-05-03 22:26:51.179 | INFO     | betting.kelly:settle_bet:107 - [Bankroll] LOSS | stake=6.09 | odds=2.9 | bankroll=91.28 | ROI=-90.9%
2026-05-03 22:26:51.179 | INFO     | betting.kelly:settle_bet:107 - [Bankroll] LOSS | stake=1.79 | odds=2.15 | bankroll=89.49 | ROI=-91.1%
2026-05-03 22:26:51.179 | INFO     | betting.kelly:settle_bet:107 - [Bankroll] LOSS | stake=5.59 | odds=3.0 | bankroll=83.90 | ROI=-91.6%
2026-05-03 22:26:51.179 | INFO     | betting.kelly:settle_bet:107 - [Bankroll] WIN | stake=5.04 | odds=3.25 | bankroll=95.25 | ROI=-90.5%
2026-05-03 22:26:51.179 | INFO     | betting.kelly:settle_bet:107 - [Bankroll] LOSS | stake=1.67 | odds=4.75 | bankroll=93.58 | ROI=-90.6%
2026-05-03 22:26:51.180 | INFO     | betting.kelly:settle_bet:107 - [Bankroll] LOSS | stake=2.83 | odds=9.5 | bankroll=90.75 | ROI=-90.9%
2026-05-03 22:26:51.180 | INFO     | betting.kelly:settle_bet:107 - [Bankroll] LOSS | stake=1.53 | odds=13.0 | bankroll=89.22 | ROI=-91.1%
2026-05-03 22:26:51.180 | INFO     | betting.kelly:settle_bet:107 - [Bankroll] LOSS | stake=4.92 | odds=9.5 | bankroll=84.30 | ROI=-91.6%
2026-05-03 22:26:51.180 | INFO     | betting.kelly:settle_bet:107 - [Bankroll] LOSS | stake=2.39 | odds=6.5 | bankroll=81.91 | ROI=-91.8%
2026-05-03 22:26:51.180 | INFO     | betting.kelly:settle_bet:107 - [Bankroll] LOSS | stake=0.40 | odds=5.0 | bankroll=81.51 | ROI=-91.8%
2026-05-03 22:26:51.180 | INFO     | betting.kelly:settle_bet:107 - [Bankroll] LOSS | stake=0.13 | odds=7.5 | bankroll=81.38 | ROI=-91.9%
2026-05-03 22:26:51.181 | INFO     | betting.kelly:settle_bet:107 - [Bankroll] LOSS | stake=2.60 | odds=1.62 | bankroll=78.78 | ROI=-92.1%
2026-05-03 22:26:51.181 | INFO     | betting.kelly:settle_bet:107 - [Bankroll] LOSS | stake=0.98 | odds=2.1 | bankroll=77.80 | ROI=-92.2%
2026-05-03 22:26:51.181 | INFO     | betting.kelly:settle_bet:107 - [Bankroll] LOSS | stake=1.19 | odds=4.5 | bankroll=76.61 | ROI=-92.3%
2026-05-03 22:26:51.181 | INFO     | betting.kelly:settle_bet:107 - [Bankroll] WIN | stake=1.32 | odds=2.2 | bankroll=78.19 | ROI=-92.2%
2026-05-03 22:26:51.181 | INFO     | betting.kelly:settle_bet:107 - [Bankroll] WIN | stake=1.42 | odds=1.62 | bankroll=79.07 | ROI=-92.1%
2026-05-03 22:26:51.181 | INFO     | betting.kelly:settle_bet:107 - [Bankroll] LOSS | stake=4.94 | odds=7.0 | bankroll=74.13 | ROI=-92.6%
2026-05-03 22:26:51.181 | INFO     | betting.kelly:settle_bet:107 - [Bankroll] LOSS | stake=1.11 | odds=4.75 | bankroll=73.02 | ROI=-92.7%
2026-05-03 22:26:51.181 | INFO     | betting.kelly:settle_bet:107 - [Bankroll] LOSS | stake=4.56 | odds=2.15 | bankroll=68.46 | ROI=-93.2%
2026-05-03 22:26:51.181 | INFO     | betting.kelly:settle_bet:107 - [Bankroll] LOSS | stake=0.18 | odds=4.75 | bankroll=68.28 | ROI=-93.2%
2026-05-03 22:26:51.181 | INFO     | betting.kelly:settle_bet:107 - [Bankroll] LOSS | stake=0.76 | odds=3.2 | bankroll=67.52 | ROI=-93.2%
2026-05-03 22:26:51.181 | INFO     | betting.kelly:settle_bet:107 - [Bankroll] WIN | stake=4.22 | odds=2.63 | bankroll=74.40 | ROI=-92.6%
2026-05-03 22:26:51.181 | INFO     | betting.kelly:settle_bet:107 - [Bankroll] LOSS | stake=2.40 | odds=8.0 | bankroll=72.00 | ROI=-92.8%
2026-05-03 22:26:51.181 | INFO     | betting.kelly:settle_bet:107 - [Bankroll] LOSS | stake=2.60 | odds=13.0 | bankroll=69.40 | ROI=-93.1%
2026-05-03 22:26:51.181 | INFO     | betting.kelly:settle_bet:107 - [Bankroll] WIN | stake=0.28 | odds=3.4 | bankroll=70.07 | ROI=-93.0%
2026-05-03 22:26:51.181 | INFO     | betting.kelly:settle_bet:107 - [Bankroll] WIN | stake=2.91 | odds=1.8 | bankroll=72.40 | ROI=-92.8%
2026-05-03 22:26:51.184 | INFO     | betting.kelly:settle_bet:107 - [Bankroll] LOSS | stake=2.55 | odds=8.0 | bankroll=69.85 | ROI=-93.0%
2026-05-03 22:26:51.185 | INFO     | betting.kelly:settle_bet:107 - [Bankroll] LOSS | stake=3.78 | odds=17.0 | bankroll=66.07 | ROI=-93.4%
2026-05-03 22:26:51.185 | INFO     | betting.kelly:settle_bet:107 - [Bankroll] LOSS | stake=4.13 | odds=3.3 | bankroll=61.94 | ROI=-93.8%
2026-05-03 22:26:51.185 | INFO     | betting.kelly:settle_bet:107 - [Bankroll] WIN | stake=2.86 | odds=4.33 | bankroll=71.45 | ROI=-92.9%
2026-05-03 22:26:51.186 | INFO     | betting.kelly:settle_bet:107 - [Bankroll] LOSS | stake=4.47 | odds=2.15 | bankroll=66.98 | ROI=-93.3%
2026-05-03 22:26:51.186 | INFO     | betting.kelly:settle_bet:107 - [Bankroll] LOSS | stake=1.27 | odds=6.0 | bankroll=65.71 | ROI=-93.4%
2026-05-03 22:26:51.186 | INFO     | betting.kelly:settle_bet:107 - [Bankroll] LOSS | stake=0.15 | odds=4.33 | bankroll=65.56 | ROI=-93.4%
2026-05-03 22:26:51.186 | INFO     | betting.kelly:settle_bet:107 - [Bankroll] LOSS | stake=4.10 | odds=4.33 | bankroll=61.46 | ROI=-93.9%
2026-05-03 22:26:51.186 | INFO     | betting.kelly:settle_bet:107 - [Bankroll] LOSS | stake=0.10 | odds=7.5 | bankroll=61.36 | ROI=-93.9%
2026-05-03 22:26:51.187 | INFO     | betting.kelly:settle_bet:107 - [Bankroll] LOSS | stake=3.83 | odds=4.2 | bankroll=57.52 | ROI=-94.2%
2026-05-03 22:26:51.187 | INFO     | betting.kelly:settle_bet:107 - [Bankroll] LOSS | stake=3.54 | odds=2.4 | bankroll=53.98 | ROI=-94.6%
2026-05-03 22:26:51.187 | INFO     | betting.kelly:settle_bet:107 - [Bankroll] LOSS | stake=0.25 | odds=4.75 | bankroll=53.73 | ROI=-94.6%
2026-05-03 22:26:51.187 | INFO     | betting.kelly:settle_bet:107 - [Bankroll] WIN | stake=0.52 | odds=5.5 | bankroll=56.08 | ROI=-94.4%
2026-05-03 22:26:51.187 | INFO     | betting.kelly:settle_bet:107 - [Bankroll] LOSS | stake=0.17 | odds=8.0 | bankroll=55.91 | ROI=-94.4%
2026-05-03 22:26:51.188 | INFO     | betting.kelly:settle_bet:107 - [Bankroll] WIN | stake=3.39 | odds=2.38 | bankroll=60.59 | ROI=-93.9%
2026-05-03 22:26:51.188 | INFO     | betting.kelly:settle_bet:107 - [Bankroll] LOSS | stake=3.79 | odds=2.9 | bankroll=56.80 | ROI=-94.3%
2026-05-03 22:26:51.188 | INFO     | betting.kelly:settle_bet:107 - [Bankroll] WIN | stake=2.26 | odds=2.0 | bankroll=59.06 | ROI=-94.1%
2026-05-03 22:26:51.188 | INFO     | betting.kelly:settle_bet:107 - [Bankroll] LOSS | stake=2.36 | odds=10.0 | bankroll=56.70 | ROI=-94.3%
2026-05-03 22:26:51.188 | INFO     | betting.kelly:settle_bet:107 - [Bankroll] LOSS | stake=1.11 | odds=5.75 | bankroll=55.59 | ROI=-94.4%
2026-05-03 22:26:51.189 | INFO     | betting.kelly:settle_bet:107 - [Bankroll] LOSS | stake=1.72 | odds=1.83 | bankroll=53.87 | ROI=-94.6%
2026-05-03 22:26:51.189 | INFO     | betting.kelly:settle_bet:107 - [Bankroll] LOSS | stake=3.37 | odds=8.0 | bankroll=50.50 | ROI=-95.0%
2026-05-03 22:26:51.189 | INFO     | betting.kelly:settle_bet:107 - [Bankroll] LOSS | stake=1.17 | odds=5.75 | bankroll=49.33 | ROI=-95.1%
2026-05-03 22:26:51.189 | INFO     | betting.kelly:settle_bet:107 - [Bankroll] LOSS | stake=1.29 | odds=6.5 | bankroll=48.04 | ROI=-95.2%
2026-05-03 22:26:51.189 | INFO     | betting.kelly:settle_bet:107 - [Bankroll] LOSS | stake=0.46 | odds=4.75 | bankroll=47.58 | ROI=-95.2%
2026-05-03 22:26:51.189 | INFO     | betting.kelly:settle_bet:107 - [Bankroll] LOSS | stake=2.81 | odds=3.2 | bankroll=44.77 | ROI=-95.5%
2026-05-03 22:26:51.189 | INFO     | betting.kelly:settle_bet:107 - [Bankroll] LOSS | stake=0.39 | odds=5.5 | bankroll=44.38 | ROI=-95.6%
2026-05-03 22:26:51.191 | INFO     | betting.kelly:settle_bet:107 - [Bankroll] WIN | stake=2.31 | odds=3.6 | bankroll=50.38 | ROI=-95.0%
2026-05-03 22:26:51.191 | INFO     | betting.kelly:settle_bet:107 - [Bankroll] LOSS | stake=3.05 | odds=5.5 | bankroll=47.33 | ROI=-95.3%
2026-05-03 22:26:51.191 | INFO     | betting.kelly:settle_bet:107 - [Bankroll] LOSS | stake=0.27 | odds=4.33 | bankroll=47.06 | ROI=-95.3%
2026-05-03 22:26:51.191 | INFO     | betting.kelly:settle_bet:107 - [Bankroll] LOSS | stake=1.03 | odds=4.0 | bankroll=46.03 | ROI=-95.4%
2026-05-03 22:26:51.191 | INFO     | betting.kelly:settle_bet:107 - [Bankroll] LOSS | stake=2.21 | odds=2.3 | bankroll=43.82 | ROI=-95.6%
2026-05-03 22:26:51.192 | INFO     | betting.kelly:settle_bet:107 - [Bankroll] LOSS | stake=2.30 | odds=5.0 | bankroll=41.52 | ROI=-95.8%
2026-05-03 22:26:51.192 | INFO     | betting.kelly:settle_bet:107 - [Bankroll] LOSS | stake=0.18 | odds=4.2 | bankroll=41.34 | ROI=-95.9%
2026-05-03 22:26:51.192 | INFO     | betting.kelly:settle_bet:107 - [Bankroll] WIN | stake=2.58 | odds=8.0 | bankroll=59.43 | ROI=-94.1%
2026-05-03 22:26:51.192 | INFO     | betting.kelly:settle_bet:107 - [Bankroll] LOSS | stake=1.31 | odds=5.75 | bankroll=58.12 | ROI=-94.2%
2026-05-03 22:26:51.192 | INFO     | betting.kelly:settle_bet:107 - [Bankroll] LOSS | stake=0.89 | odds=5.25 | bankroll=57.23 | ROI=-94.3%
2026-05-03 22:26:51.193 | INFO     | betting.kelly:settle_bet:107 - [Bankroll] LOSS | stake=1.85 | odds=8.0 | bankroll=55.38 | ROI=-94.5%
2026-05-03 22:26:51.193 | INFO     | betting.kelly:settle_bet:107 - [Bankroll] LOSS | stake=1.85 | odds=13.0 | bankroll=53.53 | ROI=-94.6%
2026-05-03 22:26:51.193 | INFO     | betting.kelly:settle_bet:107 - [Bankroll] LOSS | stake=1.07 | odds=7.0 | bankroll=52.46 | ROI=-94.8%
2026-05-03 22:26:51.193 | INFO     | betting.kelly:settle_bet:107 - [Bankroll] LOSS | stake=0.81 | odds=13.0 | bankroll=51.65 | ROI=-94.8%
2026-05-03 22:26:51.193 | INFO     | betting.kelly:settle_bet:107 - [Bankroll] LOSS | stake=0.96 | odds=6.5 | bankroll=50.69 | ROI=-94.9%
2026-05-03 22:26:51.193 | INFO     | betting.kelly:settle_bet:107 - [Bankroll] LOSS | stake=0.90 | odds=13.0 | bankroll=49.79 | ROI=-95.0%
2026-05-03 22:26:51.194 | INFO     | betting.kelly:settle_bet:107 - [Bankroll] WIN | stake=0.30 | odds=5.25 | bankroll=51.08 | ROI=-94.9%
2026-05-03 22:26:51.194 | INFO     | betting.kelly:settle_bet:107 - [Bankroll] LOSS | stake=0.40 | odds=10.0 | bankroll=50.68 | ROI=-94.9%
2026-05-03 22:26:51.194 | INFO     | betting.kelly:settle_bet:107 - [Bankroll] LOSS | stake=2.12 | odds=4.2 | bankroll=48.56 | ROI=-95.1%
2026-05-03 22:26:51.194 | INFO     | betting.kelly:settle_bet:107 - [Bankroll] LOSS | stake=0.54 | odds=5.25 | bankroll=48.02 | ROI=-95.2%
2026-05-03 22:26:51.194 | INFO     | betting.kelly:settle_bet:107 - [Bankroll] LOSS | stake=0.71 | odds=8.0 | bankroll=47.31 | ROI=-95.3%
2026-05-03 22:26:51.195 | INFO     | betting.kelly:settle_bet:107 - [Bankroll] LOSS | stake=2.96 | odds=7.0 | bankroll=44.35 | ROI=-95.6%
2026-05-03 22:26:51.195 | INFO     | betting.kelly:settle_bet:107 - [Bankroll] LOSS | stake=0.82 | odds=5.25 | bankroll=43.53 | ROI=-95.6%
2026-05-03 22:26:51.195 | INFO     | betting.kelly:settle_bet:107 - [Bankroll] LOSS | stake=0.30 | odds=5.0 | bankroll=43.23 | ROI=-95.7%
2026-05-03 22:26:51.195 | INFO     | betting.kelly:settle_bet:107 - [Bankroll] LOSS | stake=0.24 | odds=4.5 | bankroll=42.99 | ROI=-95.7%
2026-05-03 22:26:51.195 | INFO     | betting.kelly:settle_bet:107 - [Bankroll] WIN | stake=0.89 | odds=1.95 | bankroll=43.84 | ROI=-95.6%
2026-05-03 22:26:51.196 | INFO     | betting.kelly:settle_bet:107 - [Bankroll] LOSS | stake=0.37 | odds=5.0 | bankroll=43.47 | ROI=-95.7%
2026-05-03 22:26:51.196 | INFO     | betting.kelly:settle_bet:107 - [Bankroll] LOSS | stake=1.85 | odds=2.25 | bankroll=41.62 | ROI=-95.8%
2026-05-03 22:26:51.197 | INFO     | betting.kelly:settle_bet:107 - [Bankroll] LOSS | stake=0.79 | odds=5.75 | bankroll=40.83 | ROI=-95.9%
2026-05-03 22:26:51.197 | INFO     | betting.kelly:settle_bet:107 - [Bankroll] WIN | stake=0.38 | odds=4.75 | bankroll=42.27 | ROI=-95.8%
2026-05-03 22:26:51.197 | INFO     | betting.kelly:settle_bet:107 - [Bankroll] LOSS | stake=2.64 | odds=3.4 | bankroll=39.63 | ROI=-96.0%
2026-05-03 22:26:51.197 | INFO     | betting.kelly:settle_bet:107 - [Bankroll] LOSS | stake=0.96 | odds=3.3 | bankroll=38.67 | ROI=-96.1%
2026-05-03 22:26:51.197 | INFO     | betting.kelly:settle_bet:107 - [Bankroll] WIN | stake=2.42 | odds=1.91 | bankroll=40.87 | ROI=-95.9%
2026-05-03 22:26:51.198 | INFO     | betting.kelly:settle_bet:107 - [Bankroll] LOSS | stake=0.51 | odds=3.75 | bankroll=40.36 | ROI=-96.0%
2026-05-03 22:26:51.198 | INFO     | betting.kelly:settle_bet:107 - [Bankroll] LOSS | stake=2.52 | odds=2.8 | bankroll=37.84 | ROI=-96.2%
2026-05-03 22:26:51.198 | INFO     | betting.kelly:settle_bet:107 - [Bankroll] LOSS | stake=2.37 | odds=5.0 | bankroll=35.48 | ROI=-96.5%
2026-05-03 22:26:51.199 | INFO     | betting.kelly:settle_bet:107 - [Bankroll] LOSS | stake=2.22 | odds=6.0 | bankroll=33.26 | ROI=-96.7%
2026-05-03 22:26:51.199 | INFO     | betting.kelly:settle_bet:107 - [Bankroll] LOSS | stake=0.31 | odds=4.33 | bankroll=32.95 | ROI=-96.7%
2026-05-03 22:26:51.199 | INFO     | betting.kelly:settle_bet:107 - [Bankroll] WIN | stake=0.24 | odds=2.55 | bankroll=33.33 | ROI=-96.7%
2026-05-03 22:26:51.199 | INFO     | betting.kelly:settle_bet:107 - [Bankroll] LOSS | stake=1.18 | odds=3.1 | bankroll=32.15 | ROI=-96.8%
2026-05-03 22:26:51.199 | INFO     | betting.kelly:settle_bet:107 - [Bankroll] LOSS | stake=2.01 | odds=2.05 | bankroll=30.14 | ROI=-97.0%
2026-05-03 22:26:51.200 | INFO     | betting.kelly:settle_bet:107 - [Bankroll] LOSS | stake=1.88 | odds=2.9 | bankroll=28.26 | ROI=-97.2%
2026-05-03 22:26:51.200 | INFO     | betting.kelly:settle_bet:107 - [Bankroll] LOSS | stake=1.49 | odds=4.33 | bankroll=26.77 | ROI=-97.3%
2026-05-03 22:26:51.200 | INFO     | betting.kelly:settle_bet:107 - [Bankroll] LOSS | stake=0.07 | odds=4.33 | bankroll=26.70 | ROI=-97.3%
2026-05-03 22:26:51.200 | INFO     | betting.kelly:settle_bet:107 - [Bankroll] LOSS | stake=0.65 | odds=6.5 | bankroll=26.05 | ROI=-97.4%
2026-05-03 22:26:51.200 | INFO     | betting.kelly:settle_bet:107 - [Bankroll] LOSS | stake=0.34 | odds=5.75 | bankroll=25.71 | ROI=-97.4%
2026-05-03 22:26:51.200 | INFO     | betting.kelly:settle_bet:107 - [Bankroll] LOSS | stake=0.34 | odds=11.0 | bankroll=25.37 | ROI=-97.5%
2026-05-03 22:26:51.201 | INFO     | betting.kelly:settle_bet:107 - [Bankroll] LOSS | stake=1.59 | odds=3.75 | bankroll=23.78 | ROI=-97.6%
2026-05-03 22:26:51.201 | INFO     | betting.kelly:settle_bet:107 - [Bankroll] LOSS | stake=0.86 | odds=9.0 | bankroll=22.92 | ROI=-97.7%
2026-05-03 22:26:51.201 | INFO     | betting.kelly:settle_bet:107 - [Bankroll] LOSS | stake=0.28 | odds=4.75 | bankroll=22.64 | ROI=-97.7%
2026-05-03 22:26:51.201 | INFO     | betting.kelly:settle_bet:107 - [Bankroll] LOSS | stake=0.08 | odds=4.0 | bankroll=22.56 | ROI=-97.7%
2026-05-03 22:26:51.201 | INFO     | betting.kelly:settle_bet:107 - [Bankroll] LOSS | stake=0.33 | odds=3.6 | bankroll=22.23 | ROI=-97.8%
2026-05-03 22:26:51.201 | INFO     | betting.kelly:settle_bet:107 - [Bankroll] LOSS | stake=1.39 | odds=17.0 | bankroll=20.84 | ROI=-97.9%
2026-05-03 22:26:51.201 | INFO     | betting.kelly:settle_bet:107 - [Bankroll] LOSS | stake=0.65 | odds=7.0 | bankroll=20.19 | ROI=-98.0%
2026-05-03 22:26:51.203 | INFO     | betting.kelly:settle_bet:107 - [Bankroll] LOSS | stake=1.25 | odds=3.5 | bankroll=18.94 | ROI=-98.1%
2026-05-03 22:26:51.203 | INFO     | betting.kelly:settle_bet:107 - [Bankroll] LOSS | stake=0.52 | odds=8.5 | bankroll=18.42 | ROI=-98.2%
2026-05-03 22:26:51.203 | INFO     | betting.kelly:settle_bet:107 - [Bankroll] LOSS | stake=0.43 | odds=15.0 | bankroll=17.99 | ROI=-98.2%
2026-05-03 22:26:51.203 | INFO     | betting.kelly:settle_bet:107 - [Bankroll] LOSS | stake=0.07 | odds=4.2 | bankroll=17.92 | ROI=-98.2%
2026-05-03 22:26:51.203 | INFO     | betting.kelly:settle_bet:107 - [Bankroll] LOSS | stake=0.83 | odds=3.5 | bankroll=17.09 | ROI=-98.3%
2026-05-03 22:26:51.203 | INFO     | betting.kelly:settle_bet:107 - [Bankroll] LOSS | stake=0.62 | odds=1.83 | bankroll=16.47 | ROI=-98.4%
2026-05-03 22:26:51.204 | INFO     | betting.kelly:settle_bet:107 - [Bankroll] LOSS | stake=0.42 | odds=7.0 | bankroll=16.05 | ROI=-98.4%
2026-05-03 22:26:51.204 | INFO     | betting.kelly:settle_bet:107 - [Bankroll] LOSS | stake=0.33 | odds=10.0 | bankroll=15.72 | ROI=-98.4%
2026-05-03 22:26:51.204 | INFO     | betting.kelly:settle_bet:107 - [Bankroll] LOSS | stake=0.38 | odds=7.0 | bankroll=15.34 | ROI=-98.5%
2026-05-03 22:26:51.204 | INFO     | betting.kelly:settle_bet:107 - [Bankroll] LOSS | stake=0.34 | odds=11.0 | bankroll=15.00 | ROI=-98.5%
2026-05-03 22:26:51.205 | INFO     | betting.kelly:settle_bet:107 - [Bankroll] WIN | stake=0.16 | odds=5.25 | bankroll=15.66 | ROI=-98.4%
2026-05-03 22:26:51.205 | INFO     | betting.kelly:settle_bet:107 - [Bankroll] LOSS | stake=0.13 | odds=8.0 | bankroll=15.53 | ROI=-98.4%
2026-05-03 22:26:51.205 | INFO     | betting.kelly:settle_bet:107 - [Bankroll] LOSS | stake=0.39 | odds=1.75 | bankroll=15.14 | ROI=-98.5%
2026-05-03 22:26:51.205 | INFO     | betting.kelly:settle_bet:107 - [Bankroll] LOSS | stake=0.46 | odds=2.75 | bankroll=14.68 | ROI=-98.5%
2026-05-03 22:26:51.205 | INFO     | betting.kelly:settle_bet:107 - [Bankroll] LOSS | stake=0.72 | odds=3.0 | bankroll=13.96 | ROI=-98.6%
2026-05-03 22:26:51.206 | INFO     | betting.kelly:settle_bet:107 - [Bankroll] LOSS | stake=0.82 | odds=2.38 | bankroll=13.14 | ROI=-98.7%
2026-05-03 22:26:51.206 | INFO     | betting.kelly:settle_bet:107 - [Bankroll] LOSS | stake=0.18 | odds=4.75 | bankroll=12.96 | ROI=-98.7%
2026-05-03 22:26:51.206 | INFO     | betting.kelly:settle_bet:107 - [Bankroll] LOSS | stake=0.25 | odds=5.75 | bankroll=12.71 | ROI=-98.7%
2026-05-03 22:26:51.206 | INFO     | betting.kelly:settle_bet:107 - [Bankroll] LOSS | stake=0.34 | odds=8.5 | bankroll=12.37 | ROI=-98.8%
2026-05-03 22:26:51.206 | INFO     | betting.kelly:settle_bet:107 - [Bankroll] LOSS | stake=0.71 | odds=4.0 | bankroll=11.66 | ROI=-98.8%
2026-05-03 22:26:51.207 | INFO     | betting.kelly:settle_bet:107 - [Bankroll] LOSS | stake=0.64 | odds=3.6 | bankroll=11.02 | ROI=-98.9%
2026-05-03 22:26:51.207 | INFO     | betting.kelly:settle_bet:107 - [Bankroll] LOSS | stake=0.06 | odds=4.75 | bankroll=10.96 | ROI=-98.9%
2026-05-03 22:26:51.207 | INFO     | betting.kelly:settle_bet:107 - [Bankroll] LOSS | stake=0.47 | odds=6.5 | bankroll=10.49 | ROI=-99.0%
2026-05-03 22:26:51.207 | INFO     | betting.kelly:settle_bet:107 - [Bankroll] LOSS | stake=0.12 | odds=4.75 | bankroll=10.37 | ROI=-99.0%
2026-05-03 22:26:51.208 | INFO     | betting.kelly:settle_bet:107 - [Bankroll] LOSS | stake=0.38 | odds=2.8 | bankroll=9.99 | ROI=-99.0%
2026-05-03 22:26:51.208 | INFO     | betting.kelly:settle_bet:107 - [Bankroll] WIN | stake=0.40 | odds=3.25 | bankroll=10.89 | ROI=-98.9%
2026-05-03 22:26:51.208 | INFO     | betting.kelly:settle_bet:107 - [Bankroll] LOSS | stake=0.10 | odds=3.8 | bankroll=10.79 | ROI=-98.9%
2026-05-03 22:26:51.208 | INFO     | betting.kelly:settle_bet:107 - [Bankroll] LOSS | stake=0.12 | odds=2.45 | bankroll=10.67 | ROI=-98.9%
2026-05-03 22:26:51.209 | INFO     | betting.kelly:settle_bet:107 - [Bankroll] WIN | stake=0.64 | odds=3.5 | bankroll=12.27 | ROI=-98.8%
2026-05-03 22:26:51.209 | INFO     | betting.kelly:settle_bet:107 - [Bankroll] LOSS | stake=0.34 | odds=3.8 | bankroll=11.93 | ROI=-98.8%
2026-05-03 22:26:51.209 | INFO     | betting.kelly:settle_bet:107 - [Bankroll] LOSS | stake=0.52 | odds=17.0 | bankroll=11.41 | ROI=-98.9%
2026-05-03 22:26:51.209 | INFO     | betting.kelly:settle_bet:107 - [Bankroll] LOSS | stake=0.39 | odds=8.0 | bankroll=11.02 | ROI=-98.9%
2026-05-03 22:26:51.210 | INFO     | betting.kelly:settle_bet:107 - [Bankroll] LOSS | stake=0.54 | odds=2.05 | bankroll=10.48 | ROI=-99.0%
2026-05-03 22:26:51.210 | INFO     | betting.kelly:settle_bet:107 - [Bankroll] LOSS | stake=0.22 | odds=4.33 | bankroll=10.26 | ROI=-99.0%
2026-05-03 22:26:51.210 | INFO     | betting.kelly:settle_bet:107 - [Bankroll] LOSS | stake=0.15 | odds=5.0 | bankroll=10.11 | ROI=-99.0%
2026-05-03 22:26:51.210 | INFO     | betting.kelly:settle_bet:107 - [Bankroll] LOSS | stake=0.20 | odds=6.0 | bankroll=9.91 | ROI=-99.0%
2026-05-03 22:26:51.211 | INFO     | betting.kelly:settle_bet:107 - [Bankroll] LOSS | stake=0.47 | odds=4.5 | bankroll=9.44 | ROI=-99.1%
2026-05-03 22:26:51.211 | INFO     | betting.kelly:settle_bet:107 - [Bankroll] WIN | stake=0.05 | odds=4.0 | bankroll=9.58 | ROI=-99.0%
2026-05-03 22:26:51.211 | INFO     | betting.kelly:settle_bet:107 - [Bankroll] LOSS | stake=0.09 | odds=2.0 | bankroll=9.49 | ROI=-99.1%
2026-05-03 22:26:51.211 | INFO     | betting.kelly:settle_bet:107 - [Bankroll] LOSS | stake=0.28 | odds=7.5 | bankroll=9.21 | ROI=-99.1%
2026-05-03 22:26:51.212 | INFO     | betting.kelly:settle_bet:107 - [Bankroll] LOSS | stake=0.26 | odds=12.0 | bankroll=8.95 | ROI=-99.1%
2026-05-03 22:26:51.212 | INFO     | betting.kelly:settle_bet:107 - [Bankroll] LOSS | stake=0.34 | odds=2.2 | bankroll=8.61 | ROI=-99.1%
2026-05-03 22:26:51.212 | INFO     | betting.kelly:settle_bet:107 - [Bankroll] LOSS | stake=0.06 | odds=3.4 | bankroll=8.55 | ROI=-99.1%
2026-05-03 22:26:51.212 | INFO     | betting.kelly:settle_bet:107 - [Bankroll] LOSS | stake=0.21 | odds=8.0 | bankroll=8.34 | ROI=-99.2%
2026-05-03 22:26:51.212 | INFO     | betting.kelly:settle_bet:107 - [Bankroll] LOSS | stake=0.09 | odds=11.0 | bankroll=8.25 | ROI=-99.2%
2026-05-03 22:26:51.213 | INFO     | betting.kelly:settle_bet:107 - [Bankroll] LOSS | stake=0.47 | odds=3.0 | bankroll=7.78 | ROI=-99.2%
2026-05-03 22:26:51.213 | INFO     | betting.kelly:settle_bet:107 - [Bankroll] WIN | stake=0.04 | odds=5.25 | bankroll=7.96 | ROI=-99.2%
2026-05-03 22:26:51.213 | INFO     | betting.kelly:settle_bet:107 - [Bankroll] LOSS | stake=0.50 | odds=2.88 | bankroll=7.46 | ROI=-99.3%
2026-05-03 22:26:51.213 | INFO     | betting.kelly:settle_bet:107 - [Bankroll] WIN | stake=0.12 | odds=6.0 | bankroll=8.05 | ROI=-99.2%
2026-05-03 22:26:51.213 | INFO     | betting.kelly:settle_bet:107 - [Bankroll] LOSS | stake=0.16 | odds=9.5 | bankroll=7.89 | ROI=-99.2%
2026-05-03 22:26:51.214 | INFO     | betting.kelly:settle_bet:107 - [Bankroll] WIN | stake=0.49 | odds=1.83 | bankroll=8.29 | ROI=-99.2%
2026-05-03 22:26:51.214 | INFO     | betting.kelly:settle_bet:107 - [Bankroll] LOSS | stake=0.12 | odds=5.75 | bankroll=8.17 | ROI=-99.2%
2026-05-03 22:26:51.215 | INFO     | betting.kelly:settle_bet:107 - [Bankroll] LOSS | stake=0.10 | odds=4.5 | bankroll=8.07 | ROI=-99.2%
2026-05-03 22:26:51.215 | INFO     | betting.kelly:settle_bet:107 - [Bankroll] WIN | stake=0.10 | odds=6.0 | bankroll=8.57 | ROI=-99.1%
2026-05-03 22:26:51.215 | INFO     | betting.kelly:settle_bet:107 - [Bankroll] LOSS | stake=0.06 | odds=10.0 | bankroll=8.51 | ROI=-99.1%
2026-05-03 22:26:51.215 | INFO     | betting.kelly:settle_bet:107 - [Bankroll] LOSS | stake=0.12 | odds=5.5 | bankroll=8.39 | ROI=-99.2%
2026-05-03 22:26:51.215 | INFO     | betting.kelly:settle_bet:107 - [Bankroll] LOSS | stake=0.07 | odds=7.5 | bankroll=8.32 | ROI=-99.2%
2026-05-03 22:26:51.215 | INFO     | betting.kelly:settle_bet:107 - [Bankroll] LOSS | stake=0.31 | odds=2.45 | bankroll=8.01 | ROI=-99.2%
2026-05-03 22:26:51.216 | INFO     | betting.kelly:settle_bet:107 - [Bankroll] WIN | stake=0.08 | odds=2.7 | bankroll=8.14 | ROI=-99.2%
2026-05-03 22:26:51.216 | INFO     | betting.kelly:settle_bet:107 - [Bankroll] LOSS | stake=0.03 | odds=3.3 | bankroll=8.11 | ROI=-99.2%
2026-05-03 22:26:51.216 | INFO     | betting.kelly:settle_bet:107 - [Bankroll] LOSS | stake=0.08 | odds=3.5 | bankroll=8.03 | ROI=-99.2%
2026-05-03 22:26:51.217 | INFO     | betting.kelly:settle_bet:107 - [Bankroll] LOSS | stake=0.26 | odds=10.0 | bankroll=7.77 | ROI=-99.2%
2026-05-03 22:26:51.217 | INFO     | betting.kelly:settle_bet:107 - [Bankroll] LOSS | stake=0.18 | odds=19.0 | bankroll=7.59 | ROI=-99.2%
2026-05-03 22:26:51.217 | INFO     | betting.kelly:settle_bet:107 - [Bankroll] LOSS | stake=0.22 | odds=2.38 | bankroll=7.37 | ROI=-99.3%
2026-05-03 22:26:51.217 | INFO     | betting.kelly:settle_bet:107 - [Bankroll] LOSS | stake=0.11 | odds=6.0 | bankroll=7.26 | ROI=-99.3%
2026-05-03 22:26:51.218 | INFO     | betting.kelly:settle_bet:107 - [Bankroll] LOSS | stake=0.03 | odds=8.0 | bankroll=7.23 | ROI=-99.3%
2026-05-03 22:26:51.218 | INFO     | betting.kelly:settle_bet:107 - [Bankroll] LOSS | stake=0.25 | odds=12.0 | bankroll=6.98 | ROI=-99.3%
2026-05-03 22:26:51.218 | INFO     | betting.kelly:settle_bet:107 - [Bankroll] LOSS | stake=0.16 | odds=21.0 | bankroll=6.82 | ROI=-99.3%
2026-05-03 22:26:51.218 | INFO     | betting.kelly:settle_bet:107 - [Bankroll] WIN | stake=0.29 | odds=2.0 | bankroll=7.11 | ROI=-99.3%
2026-05-03 22:26:51.218 | INFO     | betting.kelly:settle_bet:107 - [Bankroll] LOSS | stake=0.21 | odds=4.5 | bankroll=6.90 | ROI=-99.3%
2026-05-03 22:26:51.219 | INFO     | betting.kelly:settle_bet:107 - [Bankroll] LOSS | stake=0.43 | odds=2.5 | bankroll=6.47 | ROI=-99.4%
2026-05-03 22:26:51.219 | INFO     | betting.kelly:settle_bet:107 - [Bankroll] LOSS | stake=0.05 | odds=5.25 | bankroll=6.42 | ROI=-99.4%
2026-05-03 22:26:51.219 | INFO     | betting.kelly:settle_bet:107 - [Bankroll] WIN | stake=0.23 | odds=3.75 | bankroll=7.06 | ROI=-99.3%
2026-05-03 22:26:51.219 | INFO     | betting.kelly:settle_bet:107 - [Bankroll] LOSS | stake=0.18 | odds=5.75 | bankroll=6.88 | ROI=-99.3%
2026-05-03 22:26:51.220 | INFO     | betting.kelly:settle_bet:107 - [Bankroll] LOSS | stake=0.02 | odds=4.33 | bankroll=6.86 | ROI=-99.3%
2026-05-03 22:26:51.220 | INFO     | betting.kelly:settle_bet:107 - [Bankroll] WIN | stake=0.27 | odds=6.5 | bankroll=8.35 | ROI=-99.2%
2026-05-03 22:26:51.220 | INFO     | betting.kelly:settle_bet:107 - [Bankroll] LOSS | stake=0.20 | odds=6.0 | bankroll=8.15 | ROI=-99.2%
2026-05-03 22:26:51.220 | INFO     | betting.kelly:settle_bet:107 - [Bankroll] LOSS | stake=0.06 | odds=5.0 | bankroll=8.09 | ROI=-99.2%
2026-05-03 22:26:51.220 | INFO     | betting.kelly:settle_bet:107 - [Bankroll] LOSS | stake=0.09 | odds=7.5 | bankroll=8.00 | ROI=-99.2%
2026-05-03 22:26:51.221 | INFO     | betting.kelly:settle_bet:107 - [Bankroll] LOSS | stake=0.30 | odds=2.25 | bankroll=7.70 | ROI=-99.2%
2026-05-03 22:26:51.221 | INFO     | betting.kelly:settle_bet:107 - [Bankroll] LOSS | stake=0.08 | odds=4.75 | bankroll=7.62 | ROI=-99.2%
2026-05-03 22:26:51.221 | INFO     | betting.kelly:settle_bet:107 - [Bankroll] LOSS | stake=0.02 | odds=4.33 | bankroll=7.60 | ROI=-99.2%
2026-05-03 22:26:51.221 | INFO     | betting.kelly:settle_bet:107 - [Bankroll] WIN | stake=0.47 | odds=2.25 | bankroll=8.19 | ROI=-99.2%
2026-05-03 22:26:51.221 | INFO     | betting.kelly:settle_bet:107 - [Bankroll] LOSS | stake=0.51 | odds=9.5 | bankroll=7.68 | ROI=-99.2%
2026-05-03 22:26:51.221 | INFO     | betting.kelly:settle_bet:107 - [Bankroll] LOSS | stake=0.14 | odds=5.25 | bankroll=7.54 | ROI=-99.2%
2026-05-03 22:26:51.221 | INFO     | betting.kelly:settle_bet:107 - [Bankroll] WIN | stake=0.23 | odds=2.2 | bankroll=7.81 | ROI=-99.2%
2026-05-03 22:26:51.221 | INFO     | betting.kelly:settle_bet:107 - [Bankroll] LOSS | stake=0.44 | odds=4.75 | bankroll=7.37 | ROI=-99.3%
2026-05-03 22:26:51.221 | INFO     | betting.kelly:settle_bet:107 - [Bankroll] WIN | stake=0.05 | odds=4.5 | bankroll=7.53 | ROI=-99.2%
2026-05-03 22:26:51.223 | INFO     | betting.kelly:settle_bet:107 - [Bankroll] LOSS | stake=0.32 | odds=7.0 | bankroll=7.21 | ROI=-99.3%
2026-05-03 22:26:51.223 | INFO     | betting.kelly:settle_bet:107 - [Bankroll] WIN | stake=0.12 | odds=5.25 | bankroll=7.72 | ROI=-99.2%
2026-05-03 22:26:51.223 | INFO     | betting.kelly:settle_bet:107 - [Bankroll] LOSS | stake=0.09 | odds=5.5 | bankroll=7.63 | ROI=-99.2%
2026-05-03 22:26:51.224 | INFO     | betting.kelly:settle_bet:107 - [Bankroll] LOSS | stake=0.48 | odds=3.4 | bankroll=7.15 | ROI=-99.3%
2026-05-03 22:26:51.224 | INFO     | betting.kelly:settle_bet:107 - [Bankroll] LOSS | stake=0.03 | odds=5.0 | bankroll=7.12 | ROI=-99.3%
2026-05-03 22:26:51.224 | INFO     | betting.kelly:settle_bet:107 - [Bankroll] LOSS | stake=0.01 | odds=8.0 | bankroll=7.11 | ROI=-99.3%
2026-05-03 22:26:51.224 | INFO     | betting.kelly:settle_bet:107 - [Bankroll] LOSS | stake=0.15 | odds=2.1 | bankroll=6.96 | ROI=-99.3%
2026-05-03 22:26:51.224 | INFO     | betting.kelly:settle_bet:107 - [Bankroll] LOSS | stake=0.26 | odds=3.25 | bankroll=6.70 | ROI=-99.3%
2026-05-03 22:26:51.224 | INFO     | betting.kelly:settle_bet:107 - [Bankroll] LOSS | stake=0.02 | odds=4.0 | bankroll=6.68 | ROI=-99.3%
2026-05-03 22:26:51.224 | INFO     | betting.kelly:settle_bet:107 - [Bankroll] LOSS | stake=0.03 | odds=5.0 | bankroll=6.65 | ROI=-99.3%
2026-05-03 22:26:51.224 | INFO     | betting.kelly:settle_bet:107 - [Bankroll] LOSS | stake=0.22 | odds=11.0 | bankroll=6.43 | ROI=-99.4%
2026-05-03 22:26:51.224 | INFO     | betting.kelly:settle_bet:107 - [Bankroll] LOSS | stake=0.13 | odds=19.0 | bankroll=6.30 | ROI=-99.4%
2026-05-03 22:26:51.224 | INFO     | betting.kelly:settle_bet:107 - [Bankroll] LOSS | stake=0.15 | odds=7.5 | bankroll=6.15 | ROI=-99.4%
2026-05-03 22:26:51.224 | INFO     | betting.kelly:settle_bet:107 - [Bankroll] LOSS | stake=0.08 | odds=11.0 | bankroll=6.07 | ROI=-99.4%
2026-05-03 22:26:51.227 | INFO     | betting.kelly:settle_bet:107 - [Bankroll] LOSS | stake=0.38 | odds=3.5 | bankroll=5.69 | ROI=-99.4%
2026-05-03 22:26:51.227 | INFO     | betting.kelly:settle_bet:107 - [Bankroll] WIN | stake=0.36 | odds=2.7 | bankroll=6.29 | ROI=-99.4%
2026-05-03 22:26:51.227 | INFO     | betting.kelly:settle_bet:107 - [Bankroll] WIN | stake=0.04 | odds=2.8 | bankroll=6.37 | ROI=-99.4%
2026-05-03 22:26:51.227 | INFO     | betting.kelly:settle_bet:107 - [Bankroll] LOSS | stake=0.08 | odds=5.75 | bankroll=6.29 | ROI=-99.4%
2026-05-03 22:26:51.227 | INFO     | betting.kelly:settle_bet:107 - [Bankroll] WIN | stake=0.07 | odds=10.0 | bankroll=6.88 | ROI=-99.3%
2026-05-03 22:26:51.228 | INFO     | betting.kelly:settle_bet:107 - [Bankroll] LOSS | stake=0.14 | odds=4.0 | bankroll=6.74 | ROI=-99.3%
2026-05-03 22:26:51.228 | INFO     | betting.kelly:settle_bet:107 - [Bankroll] LOSS | stake=0.15 | odds=7.0 | bankroll=6.59 | ROI=-99.3%
2026-05-03 22:26:51.228 | INFO     | betting.kelly:settle_bet:107 - [Bankroll] LOSS | stake=0.13 | odds=13.0 | bankroll=6.46 | ROI=-99.4%
2026-05-03 22:26:51.228 | INFO     | betting.kelly:settle_bet:107 - [Bankroll] LOSS | stake=0.17 | odds=7.0 | bankroll=6.29 | ROI=-99.4%
2026-05-03 22:26:51.228 | INFO     | betting.kelly:settle_bet:107 - [Bankroll] WIN | stake=0.20 | odds=12.0 | bankroll=8.47 | ROI=-99.2%
2026-05-03 22:26:51.228 | INFO     | betting.kelly:settle_bet:107 - [Bankroll] WIN | stake=0.23 | odds=1.7 | bankroll=8.63 | ROI=-99.1%
2026-05-03 22:26:51.228 | INFO     | betting.kelly:settle_bet:107 - [Bankroll] LOSS | stake=0.54 | odds=2.75 | bankroll=8.09 | ROI=-99.2%
2026-05-03 22:26:51.228 | INFO     | betting.kelly:settle_bet:107 - [Bankroll] LOSS | stake=0.43 | odds=8.5 | bankroll=7.66 | ROI=-99.2%
2026-05-03 22:26:51.228 | INFO     | betting.kelly:settle_bet:107 - [Bankroll] LOSS | stake=0.08 | odds=4.5 | bankroll=7.58 | ROI=-99.2%
2026-05-03 22:26:51.228 | INFO     | betting.kelly:settle_bet:107 - [Bankroll] LOSS | stake=0.47 | odds=5.75 | bankroll=7.11 | ROI=-99.3%
2026-05-03 22:26:51.228 | INFO     | betting.kelly:settle_bet:107 - [Bankroll] LOSS | stake=0.14 | odds=5.25 | bankroll=6.97 | ROI=-99.3%
2026-05-03 22:26:51.231 | INFO     | betting.kelly:settle_bet:107 - [Bankroll] LOSS | stake=0.30 | odds=3.1 | bankroll=6.67 | ROI=-99.3%
2026-05-03 22:26:51.231 | INFO     | betting.kelly:settle_bet:107 - [Bankroll] LOSS | stake=0.17 | odds=4.75 | bankroll=6.50 | ROI=-99.4%
2026-05-03 22:26:51.231 | INFO     | betting.kelly:settle_bet:107 - [Bankroll] LOSS | stake=0.05 | odds=4.5 | bankroll=6.45 | ROI=-99.4%
2026-05-03 22:26:51.231 | INFO     | betting.kelly:settle_bet:107 - [Bankroll] WIN | stake=0.16 | odds=4.75 | bankroll=7.05 | ROI=-99.3%
2026-05-03 22:26:51.231 | INFO     | betting.kelly:settle_bet:107 - [Bankroll] LOSS | stake=0.07 | odds=4.75 | bankroll=6.98 | ROI=-99.3%
2026-05-03 22:26:51.231 | INFO     | betting.kelly:settle_bet:107 - [Bankroll] WIN | stake=0.29 | odds=1.85 | bankroll=7.23 | ROI=-99.3%
2026-05-03 22:26:51.232 | INFO     | betting.kelly:settle_bet:107 - [Bankroll] LOSS | stake=0.11 | odds=2.6 | bankroll=7.12 | ROI=-99.3%
2026-05-03 22:26:51.232 | INFO     | betting.kelly:settle_bet:107 - [Bankroll] LOSS | stake=0.29 | odds=5.25 | bankroll=6.83 | ROI=-99.3%
2026-05-03 22:26:51.232 | INFO     | betting.kelly:settle_bet:107 - [Bankroll] LOSS | stake=0.05 | odds=4.5 | bankroll=6.78 | ROI=-99.3%
2026-05-03 22:26:51.232 | INFO     | betting.kelly:settle_bet:107 - [Bankroll] WIN | stake=0.42 | odds=2.1 | bankroll=7.25 | ROI=-99.3%
2026-05-03 22:26:51.233 | INFO     | betting.kelly:settle_bet:107 - [Bankroll] WIN | stake=0.22 | odds=2.05 | bankroll=7.48 | ROI=-99.3%
2026-05-03 22:26:51.233 | INFO     | betting.kelly:settle_bet:107 - [Bankroll] LOSS | stake=0.04 | odds=2.55 | bankroll=7.44 | ROI=-99.3%
2026-05-03 22:26:51.233 | INFO     | betting.kelly:settle_bet:107 - [Bankroll] LOSS | stake=0.04 | odds=5.0 | bankroll=7.40 | ROI=-99.3%
2026-05-03 22:26:51.233 | INFO     | betting.kelly:settle_bet:107 - [Bankroll] WIN | stake=0.46 | odds=7.0 | bankroll=10.18 | ROI=-99.0%
2026-05-03 22:26:51.234 | INFO     | betting.kelly:settle_bet:107 - [Bankroll] LOSS | stake=0.19 | odds=5.0 | bankroll=9.99 | ROI=-99.0%
2026-05-03 22:26:51.234 | INFO     | betting.kelly:settle_bet:107 - [Bankroll] WIN | stake=0.40 | odds=2.75 | bankroll=10.69 | ROI=-98.9%
2026-05-03 22:26:51.235 | INFO     | betting.kelly:settle_bet:107 - [Bankroll] LOSS | stake=0.20 | odds=6.5 | bankroll=10.49 | ROI=-99.0%
2026-05-03 22:26:51.235 | INFO     | betting.kelly:settle_bet:107 - [Bankroll] LOSS | stake=0.02 | odds=7.5 | bankroll=10.47 | ROI=-99.0%
2026-05-03 22:26:51.235 | INFO     | betting.kelly:settle_bet:107 - [Bankroll] LOSS | stake=0.26 | odds=6.5 | bankroll=10.21 | ROI=-99.0%
2026-05-03 22:26:51.235 | INFO     | betting.kelly:settle_bet:107 - [Bankroll] LOSS | stake=0.12 | odds=5.0 | bankroll=10.09 | ROI=-99.0%
2026-05-03 22:26:51.235 | INFO     | betting.kelly:settle_bet:107 - [Bankroll] LOSS | stake=0.08 | odds=2.9 | bankroll=10.01 | ROI=-99.0%
2026-05-03 22:26:51.235 | INFO     | betting.kelly:settle_bet:107 - [Bankroll] LOSS | stake=0.17 | odds=3.5 | bankroll=9.84 | ROI=-99.0%
2026-05-03 22:26:51.235 | INFO     | betting.kelly:settle_bet:107 - [Bankroll] WIN | stake=0.37 | odds=2.3 | bankroll=10.32 | ROI=-99.0%
2026-05-03 22:26:51.235 | INFO     | betting.kelly:settle_bet:107 - [Bankroll] LOSS | stake=0.49 | odds=1.75 | bankroll=9.83 | ROI=-99.0%
2026-05-03 22:26:51.235 | INFO     | betting.kelly:settle_bet:107 - [Bankroll] WIN | stake=0.34 | odds=1.95 | bankroll=10.15 | ROI=-99.0%
2026-05-03 22:26:51.235 | INFO     | betting.kelly:settle_bet:107 - [Bankroll] LOSS | stake=0.55 | odds=5.5 | bankroll=9.60 | ROI=-99.0%
2026-05-03 22:26:51.235 | INFO     | betting.kelly:settle_bet:107 - [Bankroll] WIN | stake=0.14 | odds=5.0 | bankroll=10.16 | ROI=-99.0%
2026-05-03 22:26:51.235 | INFO     | betting.kelly:settle_bet:107 - [Bankroll] LOSS | stake=0.18 | odds=4.5 | bankroll=9.98 | ROI=-99.0%
2026-05-03 22:26:51.235 | INFO     | betting.kelly:settle_bet:107 - [Bankroll] WIN | stake=0.08 | odds=4.0 | bankroll=10.21 | ROI=-99.0%
2026-05-03 22:26:51.235 | INFO     | betting.kelly:settle_bet:107 - [Bankroll] LOSS | stake=0.20 | odds=7.0 | bankroll=10.01 | ROI=-99.0%
2026-05-03 22:26:51.235 | INFO     | betting.kelly:settle_bet:107 - [Bankroll] LOSS | stake=0.11 | odds=11.0 | bankroll=9.90 | ROI=-99.0%
2026-05-03 22:26:51.235 | INFO     | betting.kelly:settle_bet:107 - [Bankroll] LOSS | stake=0.10 | odds=5.25 | bankroll=9.80 | ROI=-99.0%
2026-05-03 22:26:51.235 | INFO     | betting.kelly:settle_bet:107 - [Bankroll] LOSS | stake=0.03 | odds=7.0 | bankroll=9.77 | ROI=-99.0%
2026-05-03 22:26:51.239 | INFO     | betting.kelly:settle_bet:107 - [Bankroll] LOSS | stake=0.12 | odds=2.3 | bankroll=9.65 | ROI=-99.0%
2026-05-03 22:26:51.239 | INFO     | betting.kelly:settle_bet:107 - [Bankroll] WIN | stake=0.10 | odds=4.75 | bankroll=10.01 | ROI=-99.0%
2026-05-03 22:26:51.239 | INFO     | betting.kelly:settle_bet:107 - [Bankroll] LOSS | stake=0.03 | odds=5.5 | bankroll=9.98 | ROI=-99.0%
2026-05-03 22:26:51.239 | INFO     | betting.kelly:settle_bet:107 - [Bankroll] LOSS | stake=0.35 | odds=3.0 | bankroll=9.63 | ROI=-99.0%
2026-05-03 22:26:51.240 | INFO     | betting.kelly:settle_bet:107 - [Bankroll] LOSS | stake=0.16 | odds=3.3 | bankroll=9.47 | ROI=-99.1%
2026-05-03 22:26:51.240 | INFO     | betting.kelly:settle_bet:107 - [Bankroll] WIN | stake=0.21 | odds=2.25 | bankroll=9.73 | ROI=-99.0%
2026-05-03 22:26:51.240 | INFO     | betting.kelly:settle_bet:107 - [Bankroll] LOSS | stake=0.41 | odds=8.0 | bankroll=9.32 | ROI=-99.1%
2026-05-03 22:26:51.240 | INFO     | betting.kelly:settle_bet:107 - [Bankroll] LOSS | stake=0.20 | odds=6.0 | bankroll=9.12 | ROI=-99.1%
2026-05-03 22:26:51.240 | INFO     | betting.kelly:settle_bet:107 - [Bankroll] LOSS | stake=0.21 | odds=4.2 | bankroll=8.91 | ROI=-99.1%
2026-05-03 22:26:51.240 | INFO     | betting.kelly:settle_bet:107 - [Bankroll] LOSS | stake=0.04 | odds=4.2 | bankroll=8.87 | ROI=-99.1%
2026-05-03 22:26:51.241 | INFO     | betting.kelly:settle_bet:107 - [Bankroll] LOSS | stake=0.06 | odds=6.0 | bankroll=8.81 | ROI=-99.1%
2026-05-03 22:26:51.241 | INFO     | betting.kelly:settle_bet:107 - [Bankroll] WIN | stake=0.55 | odds=2.15 | bankroll=9.44 | ROI=-99.1%
2026-05-03 22:26:51.241 | INFO     | betting.kelly:settle_bet:107 - [Bankroll] LOSS | stake=0.23 | odds=5.25 | bankroll=9.21 | ROI=-99.1%
2026-05-03 22:26:51.241 | INFO     | betting.kelly:settle_bet:107 - [Bankroll] WIN | stake=0.12 | odds=5.0 | bankroll=9.69 | ROI=-99.0%
2026-05-03 22:26:51.241 | INFO     | betting.kelly:settle_bet:107 - [Bankroll] LOSS | stake=0.46 | odds=2.55 | bankroll=9.23 | ROI=-99.1%
2026-05-03 22:26:51.241 | INFO     | betting.kelly:settle_bet:107 - [Bankroll] LOSS | stake=0.58 | odds=4.75 | bankroll=8.65 | ROI=-99.1%
2026-05-03 22:26:51.241 | INFO     | betting.kelly:settle_bet:107 - [Bankroll] LOSS | stake=0.03 | odds=4.2 | bankroll=8.62 | ROI=-99.1%
2026-05-03 22:26:51.241 | INFO     | betting.kelly:settle_bet:107 - [Bankroll] LOSS | stake=0.20 | odds=7.5 | bankroll=8.42 | ROI=-99.2%
2026-05-03 22:26:51.241 | INFO     | betting.kelly:settle_bet:107 - [Bankroll] LOSS | stake=0.09 | odds=11.0 | bankroll=8.33 | ROI=-99.2%
2026-05-03 22:26:51.241 | INFO     | betting.kelly:settle_bet:107 - [Bankroll] LOSS | stake=0.52 | odds=2.1 | bankroll=7.81 | ROI=-99.2%
2026-05-03 22:26:51.243 | INFO     | betting.kelly:settle_bet:107 - [Bankroll] LOSS | stake=0.31 | odds=3.4 | bankroll=7.50 | ROI=-99.2%
2026-05-03 22:26:51.243 | INFO     | betting.kelly:settle_bet:107 - [Bankroll] LOSS | stake=0.36 | odds=2.3 | bankroll=7.14 | ROI=-99.3%
2026-05-03 22:26:51.244 | INFO     | betting.kelly:settle_bet:107 - [Bankroll] LOSS | stake=0.07 | odds=5.0 | bankroll=7.07 | ROI=-99.3%
2026-05-03 22:26:51.244 | INFO     | betting.kelly:settle_bet:107 - [Bankroll] LOSS | stake=0.16 | odds=8.0 | bankroll=6.91 | ROI=-99.3%
2026-05-03 22:26:51.244 | INFO     | betting.kelly:settle_bet:107 - [Bankroll] LOSS | stake=0.31 | odds=2.25 | bankroll=6.60 | ROI=-99.3%
2026-05-03 22:26:51.244 | INFO     | betting.kelly:settle_bet:107 - [Bankroll] LOSS | stake=0.24 | odds=12.0 | bankroll=6.36 | ROI=-99.4%
2026-05-03 22:26:51.244 | INFO     | betting.kelly:settle_bet:107 - [Bankroll] LOSS | stake=0.15 | odds=21.0 | bankroll=6.21 | ROI=-99.4%
2026-05-03 22:26:51.245 | INFO     | betting.kelly:settle_bet:107 - [Bankroll] WIN | stake=0.36 | odds=1.85 | bankroll=6.52 | ROI=-99.3%
2026-05-03 22:26:51.245 | INFO     | betting.kelly:settle_bet:107 - [Bankroll] WIN | stake=0.14 | odds=2.2 | bankroll=6.68 | ROI=-99.3%
2026-05-03 22:26:51.245 | INFO     | betting.kelly:settle_bet:107 - [Bankroll] LOSS | stake=0.42 | odds=3.0 | bankroll=6.26 | ROI=-99.4%
2026-05-03 22:26:51.245 | INFO     | betting.kelly:settle_bet:107 - [Bankroll] LOSS | stake=0.13 | odds=5.75 | bankroll=6.13 | ROI=-99.4%
2026-05-03 22:26:51.245 | INFO     | betting.kelly:settle_bet:107 - [Bankroll] LOSS | stake=0.12 | odds=5.0 | bankroll=6.01 | ROI=-99.4%
2026-05-03 22:26:51.246 | INFO     | betting.kelly:settle_bet:107 - [Bankroll] WIN | stake=0.24 | odds=1.65 | bankroll=6.16 | ROI=-99.4%
2026-05-03 22:26:51.246 | INFO     | betting.kelly:settle_bet:107 - [Bankroll] WIN | stake=0.39 | odds=2.75 | bankroll=6.83 | ROI=-99.3%
2026-05-03 22:26:51.246 | INFO     | betting.kelly:settle_bet:107 - [Bankroll] WIN | stake=0.21 | odds=2.38 | bankroll=7.12 | ROI=-99.3%
2026-05-03 22:26:51.246 | INFO     | betting.kelly:settle_bet:107 - [Bankroll] LOSS | stake=0.04 | odds=4.0 | bankroll=7.08 | ROI=-99.3%
2026-05-03 22:26:51.246 | INFO     | betting.kelly:settle_bet:107 - [Bankroll] LOSS | stake=0.04 | odds=4.2 | bankroll=7.04 | ROI=-99.3%
2026-05-03 22:26:51.246 | INFO     | betting.kelly:settle_bet:107 - [Bankroll] LOSS | stake=0.14 | odds=3.8 | bankroll=6.90 | ROI=-99.3%
2026-05-03 22:26:51.247 | INFO     | betting.kelly:settle_bet:107 - [Bankroll] LOSS | stake=0.30 | odds=13.0 | bankroll=6.60 | ROI=-99.3%
2026-05-03 22:26:51.247 | INFO     | betting.kelly:settle_bet:107 - [Bankroll] LOSS | stake=0.18 | odds=7.0 | bankroll=6.42 | ROI=-99.4%
2026-05-03 22:26:51.247 | INFO     | betting.kelly:settle_bet:107 - [Bankroll] LOSS | stake=0.13 | odds=3.4 | bankroll=6.29 | ROI=-99.4%
2026-05-03 22:26:51.247 | INFO     | betting.kelly:settle_bet:107 - [Bankroll] LOSS | stake=0.09 | odds=3.1 | bankroll=6.20 | ROI=-99.4%
2026-05-03 22:26:51.248 | INFO     | betting.kelly:settle_bet:107 - [Bankroll] WIN | stake=0.39 | odds=2.8 | bankroll=6.90 | ROI=-99.3%
2026-05-03 22:26:51.248 | INFO     | betting.kelly:settle_bet:107 - [Bankroll] WIN | stake=0.12 | odds=6.5 | bankroll=7.56 | ROI=-99.2%
2026-05-03 22:26:51.248 | INFO     | betting.kelly:settle_bet:107 - [Bankroll] LOSS | stake=0.01 | odds=8.0 | bankroll=7.55 | ROI=-99.2%
2026-05-03 22:26:51.248 | INFO     | betting.kelly:settle_bet:107 - [Bankroll] LOSS | stake=0.13 | odds=5.75 | bankroll=7.42 | ROI=-99.3%
2026-05-03 22:26:51.248 | INFO     | betting.kelly:settle_bet:107 - [Bankroll] LOSS | stake=0.04 | odds=7.0 | bankroll=7.38 | ROI=-99.3%
2026-05-03 22:26:51.248 | INFO     | betting.kelly:settle_bet:107 - [Bankroll] LOSS | stake=0.05 | odds=4.8 | bankroll=7.33 | ROI=-99.3%
2026-05-03 22:26:51.248 | INFO     | betting.kelly:settle_bet:107 - [Bankroll] LOSS | stake=0.07 | odds=7.5 | bankroll=7.26 | ROI=-99.3%
2026-05-03 22:26:51.248 | INFO     | betting.kelly:settle_bet:107 - [Bankroll] WIN | stake=0.04 | odds=3.5 | bankroll=7.35 | ROI=-99.3%
2026-05-03 22:26:51.248 | INFO     | betting.kelly:settle_bet:107 - [Bankroll] WIN | stake=0.03 | odds=4.0 | bankroll=7.43 | ROI=-99.3%
2026-05-03 22:26:51.248 | INFO     | betting.kelly:settle_bet:107 - [Bankroll] LOSS | stake=0.34 | odds=4.5 | bankroll=7.09 | ROI=-99.3%
2026-05-03 22:26:51.248 | INFO     | betting.kelly:settle_bet:107 - [Bankroll] LOSS | stake=0.44 | odds=2.88 | bankroll=6.65 | ROI=-99.3%
2026-05-03 22:26:51.248 | INFO     | betting.kelly:settle_bet:107 - [Bankroll] LOSS | stake=0.18 | odds=2.45 | bankroll=6.47 | ROI=-99.4%
2026-05-03 22:26:51.248 | INFO     | betting.kelly:settle_bet:107 - [Bankroll] LOSS | stake=0.19 | odds=7.0 | bankroll=6.28 | ROI=-99.4%
2026-05-03 22:26:51.251 | INFO     | betting.kelly:settle_bet:107 - [Bankroll] LOSS | stake=0.12 | odds=5.5 | bankroll=6.16 | ROI=-99.4%
2026-05-03 22:26:51.251 | INFO     | betting.kelly:settle_bet:107 - [Bankroll] LOSS | stake=0.39 | odds=4.75 | bankroll=5.78 | ROI=-99.4%
2026-05-03 22:26:51.251 | INFO     | betting.kelly:settle_bet:107 - [Bankroll] LOSS | stake=0.04 | odds=4.5 | bankroll=5.74 | ROI=-99.4%
2026-05-03 22:26:51.251 | INFO     | betting.kelly:settle_bet:107 - [Bankroll] LOSS | stake=0.08 | odds=6.0 | bankroll=5.66 | ROI=-99.4%
2026-05-03 22:26:51.251 | INFO     | betting.kelly:settle_bet:107 - [Bankroll] LOSS | stake=0.23 | odds=4.2 | bankroll=5.43 | ROI=-99.5%
2026-05-03 22:26:51.252 | INFO     | betting.kelly:settle_bet:107 - [Bankroll] LOSS | stake=0.34 | odds=4.2 | bankroll=5.09 | ROI=-99.5%
2026-05-03 22:26:51.252 | INFO     | betting.kelly:settle_bet:107 - [Bankroll] WIN | stake=0.04 | odds=4.33 | bankroll=5.21 | ROI=-99.5%
2026-05-03 22:26:51.252 | INFO     | betting.kelly:settle_bet:107 - [Bankroll] LOSS | stake=0.19 | odds=6.5 | bankroll=5.02 | ROI=-99.5%
2026-05-03 22:26:51.252 | INFO     | betting.kelly:settle_bet:107 - [Bankroll] LOSS | stake=0.11 | odds=6.0 | bankroll=4.91 | ROI=-99.5%
2026-05-03 22:26:51.252 | INFO     | betting.kelly:settle_bet:107 - [Bankroll] LOSS | stake=0.03 | odds=3.3 | bankroll=4.88 | ROI=-99.5%
2026-05-03 22:26:51.252 | INFO     | betting.kelly:settle_bet:107 - [Bankroll] LOSS | stake=0.08 | odds=6.25 | bankroll=4.80 | ROI=-99.5%
2026-05-03 22:26:51.253 | INFO     | betting.kelly:settle_bet:107 - [Bankroll] LOSS | stake=0.02 | odds=8.5 | bankroll=4.78 | ROI=-99.5%
2026-05-03 22:26:51.253 | INFO     | betting.kelly:settle_bet:107 - [Bankroll] LOSS | stake=0.04 | odds=4.5 | bankroll=4.74 | ROI=-99.5%
2026-05-03 22:26:51.253 | INFO     | betting.kelly:settle_bet:107 - [Bankroll] LOSS | stake=0.06 | odds=6.0 | bankroll=4.68 | ROI=-99.5%
2026-05-03 22:26:51.253 | INFO     | betting.kelly:settle_bet:107 - [Bankroll] LOSS | stake=0.02 | odds=9.0 | bankroll=4.66 | ROI=-99.5%
2026-05-03 22:26:51.253 | INFO     | betting.kelly:settle_bet:107 - [Bankroll] LOSS | stake=0.13 | odds=8.5 | bankroll=4.53 | ROI=-99.5%
2026-05-03 22:26:51.253 | INFO     | betting.kelly:settle_bet:107 - [Bankroll] LOSS | stake=0.15 | odds=13.0 | bankroll=4.38 | ROI=-99.6%
2026-05-03 22:26:51.254 | INFO     | betting.kelly:settle_bet:107 - [Bankroll] WIN | stake=0.27 | odds=2.3 | bankroll=4.73 | ROI=-99.5%
2026-05-03 22:26:51.254 | INFO     | betting.kelly:settle_bet:107 - [Bankroll] WIN | stake=0.17 | odds=2.38 | bankroll=4.96 | ROI=-99.5%
2026-05-03 22:26:51.254 | INFO     | betting.kelly:settle_bet:107 - [Bankroll] LOSS | stake=0.14 | odds=3.2 | bankroll=4.82 | ROI=-99.5%
2026-05-03 22:26:51.255 | INFO     | betting.kelly:settle_bet:107 - [Bankroll] LOSS | stake=0.07 | odds=3.5 | bankroll=4.75 | ROI=-99.5%
2026-05-03 22:26:51.255 | INFO     | betting.kelly:settle_bet:107 - [Bankroll] LOSS | stake=0.12 | odds=8.0 | bankroll=4.63 | ROI=-99.5%
2026-05-03 22:26:51.255 | INFO     | betting.kelly:settle_bet:107 - [Bankroll] LOSS | stake=0.07 | odds=12.0 | bankroll=4.56 | ROI=-99.5%
2026-05-03 22:26:51.255 | INFO     | betting.kelly:settle_bet:107 - [Bankroll] LOSS | stake=0.18 | odds=2.9 | bankroll=4.38 | ROI=-99.6%
2026-05-03 22:26:51.255 | INFO     | betting.kelly:settle_bet:107 - [Bankroll] LOSS | stake=0.27 | odds=7.0 | bankroll=4.11 | ROI=-99.6%
2026-05-03 22:26:51.255 | INFO     | betting.kelly:settle_bet:107 - [Bankroll] LOSS | stake=0.11 | odds=6.0 | bankroll=4.00 | ROI=-99.6%
2026-05-03 22:26:51.255 | INFO     | betting.kelly:settle_bet:107 - [Bankroll] LOSS | stake=0.07 | odds=2.9 | bankroll=3.93 | ROI=-99.6%
2026-05-03 22:26:51.255 | INFO     | betting.kelly:settle_bet:107 - [Bankroll] LOSS | stake=0.11 | odds=8.0 | bankroll=3.82 | ROI=-99.6%
2026-05-03 22:26:51.255 | INFO     | betting.kelly:settle_bet:107 - [Bankroll] LOSS | stake=0.09 | odds=15.0 | bankroll=3.73 | ROI=-99.6%
2026-05-03 22:26:51.257 | INFO     | betting.kelly:settle_bet:107 - [Bankroll] LOSS | stake=0.13 | odds=12.0 | bankroll=3.60 | ROI=-99.6%
2026-05-03 22:26:51.257 | INFO     | betting.kelly:settle_bet:107 - [Bankroll] LOSS | stake=0.08 | odds=21.0 | bankroll=3.52 | ROI=-99.6%
2026-05-03 22:26:51.257 | INFO     | betting.kelly:settle_bet:107 - [Bankroll] LOSS | stake=0.22 | odds=3.0 | bankroll=3.30 | ROI=-99.7%
2026-05-03 22:26:51.257 | INFO     | betting.kelly:settle_bet:107 - [Bankroll] LOSS | stake=0.03 | odds=5.0 | bankroll=3.27 | ROI=-99.7%
2026-05-03 22:26:51.259 | INFO     | betting.backtest:walk_forward_backtest:41 - [Backtest] Train: ['2021-22', '2022-23', '2023-24'] (2058 trận) | Test: 2024-25 (686 trận)
2026-05-03 22:26:56.516 | INFO     | models.trainer:run_training_pipeline:143 - [Trainer] Train size: 1646 | Cal size: 412
2026-05-03 22:26:56.516 | INFO     | models.trainer:run_training_pipeline:146 - [Trainer] Computing OOF for XGBoost...
2026-05-03 22:26:56.961 | DEBUG    | models.trainer:get_oof_predictions:46 - [Trainer] Fold 1/5 done
2026-05-03 22:26:57.633 | DEBUG    | models.trainer:get_oof_predictions:46 - [Trainer] Fold 2/5 done
2026-05-03 22:26:58.306 | DEBUG    | models.trainer:get_oof_predictions:46 - [Trainer] Fold 3/5 done
2026-05-03 22:26:59.082 | DEBUG    | models.trainer:get_oof_predictions:46 - [Trainer] Fold 4/5 done
2026-05-03 22:26:59.990 | DEBUG    | models.trainer:get_oof_predictions:46 - [Trainer] Fold 5/5 done
2026-05-03 22:26:59.992 | INFO     | models.trainer:run_training_pipeline:149 - [Trainer] Computing OOF for LightGBM...
2026-05-03 22:27:00.265 | DEBUG    | models.trainer:get_oof_predictions:46 - [Trainer] Fold 1/5 done
2026-05-03 22:27:00.761 | DEBUG    | models.trainer:get_oof_predictions:46 - [Trainer] Fold 2/5 done
2026-05-03 22:27:01.456 | DEBUG    | models.trainer:get_oof_predictions:46 - [Trainer] Fold 3/5 done
2026-05-03 22:27:02.206 | DEBUG    | models.trainer:get_oof_predictions:46 - [Trainer] Fold 4/5 done
2026-05-03 22:27:02.937 | DEBUG    | models.trainer:get_oof_predictions:46 - [Trainer] Fold 5/5 done
2026-05-03 22:27:02.939 | INFO     | models.trainer:train_base_models:24 - [Trainer] Training XGBoost...
2026-05-03 22:27:03.745 | INFO     | models.trainer:train_base_models:28 - [Trainer] Training LightGBM...
2026-05-03 22:27:04.493 | INFO     | models.trainer:train_meta_model:56 - [Trainer] Meta model trained
2026-05-03 22:27:04.518 | INFO     | models.trainer:run_training_pipeline:162 - [Trainer] Before calibration: {'brier_Home': 0.2322, 'brier_Draw': 0.1904, 'brier_Away': 0.193, 'log_loss': 1.0272}
2026-05-03 22:27:04.569 | INFO     | models.trainer:run_training_pipeline:171 - [Trainer] After calibration:  {'brier_Home': 0.2316, 'brier_Draw': 0.1886, 'brier_Away': 0.1909, 'log_loss': 1.0201}
2026-05-03 22:27:04.601 | INFO     | models.trainer:save_models:109 - [Trainer] Saved D:\dream_project\pipeline_dish\models\saved\xgb_wf_2024-25.pkl
2026-05-03 22:27:04.686 | INFO     | models.trainer:save_models:109 - [Trainer] Saved D:\dream_project\pipeline_dish\models\saved\lgb_wf_2024-25.pkl
2026-05-03 22:27:04.688 | INFO     | models.trainer:save_models:109 - [Trainer] Saved D:\dream_project\pipeline_dish\models\saved\meta_wf_2024-25.pkl
2026-05-03 22:27:04.792 | INFO     | models.trainer:save_models:114 - [Trainer] Saved calibrated model → D:\dream_project\pipeline_dish\models\calibrated\calibrated_wf_2024-25.pkl
2026-05-03 22:27:04.792 | SUCCESS  | models.trainer:run_training_pipeline:175 - [Trainer] Pipeline hoàn thành cho league=wf_2024-25
2026-05-03 22:27:04.832 | INFO     | betting.kelly:settle_bet:107 - [Bankroll] LOSS | stake=0.04 | odds=4.2 | bankroll=3.23 | ROI=-99.7%
2026-05-03 22:27:04.832 | INFO     | betting.kelly:settle_bet:107 - [Bankroll] LOSS | stake=0.03 | odds=5.25 | bankroll=3.20 | ROI=-99.7%
2026-05-03 22:27:04.832 | INFO     | betting.kelly:settle_bet:107 - [Bankroll] LOSS | stake=0.08 | odds=8.5 | bankroll=3.12 | ROI=-99.7%
2026-05-03 22:27:04.832 | INFO     | betting.kelly:settle_bet:107 - [Bankroll] LOSS | stake=0.06 | odds=5.5 | bankroll=3.06 | ROI=-99.7%
2026-05-03 22:27:04.832 | INFO     | betting.kelly:settle_bet:107 - [Bankroll] LOSS | stake=0.10 | odds=7.5 | bankroll=2.96 | ROI=-99.7%
2026-05-03 22:27:04.832 | INFO     | betting.kelly:settle_bet:107 - [Bankroll] LOSS | stake=0.07 | odds=13.0 | bankroll=2.89 | ROI=-99.7%
2026-05-03 22:27:04.832 | INFO     | betting.kelly:settle_bet:107 - [Bankroll] LOSS | stake=0.02 | odds=2.63 | bankroll=2.87 | ROI=-99.7%
2026-05-03 22:27:04.835 | INFO     | betting.kelly:settle_bet:107 - [Bankroll] LOSS | stake=0.04 | odds=5.25 | bankroll=2.83 | ROI=-99.7%
2026-05-03 22:27:04.835 | INFO     | betting.kelly:settle_bet:107 - [Bankroll] LOSS | stake=0.03 | odds=8.0 | bankroll=2.80 | ROI=-99.7%
2026-05-03 22:27:04.835 | INFO     | betting.kelly:settle_bet:107 - [Bankroll] WIN | stake=0.15 | odds=2.75 | bankroll=3.06 | ROI=-99.7%
2026-05-03 22:27:04.835 | INFO     | betting.kelly:settle_bet:107 - [Bankroll] WIN | stake=0.13 | odds=2.4 | bankroll=3.25 | ROI=-99.7%
2026-05-03 22:27:04.835 | INFO     | betting.kelly:settle_bet:107 - [Bankroll] LOSS | stake=0.20 | odds=4.1 | bankroll=3.05 | ROI=-99.7%
2026-05-03 22:27:04.837 | INFO     | betting.kelly:settle_bet:107 - [Bankroll] LOSS | stake=0.17 | odds=5.0 | bankroll=2.88 | ROI=-99.7%
2026-05-03 22:27:04.837 | INFO     | betting.kelly:settle_bet:107 - [Bankroll] WIN | stake=0.03 | odds=4.33 | bankroll=2.98 | ROI=-99.7%
2026-05-03 22:27:04.837 | INFO     | betting.kelly:settle_bet:107 - [Bankroll] LOSS | stake=0.12 | odds=5.25 | bankroll=2.86 | ROI=-99.7%
2026-05-03 22:27:04.838 | INFO     | betting.kelly:settle_bet:107 - [Bankroll] LOSS | stake=0.04 | odds=4.5 | bankroll=2.82 | ROI=-99.7%
2026-05-03 22:27:04.838 | INFO     | betting.kelly:settle_bet:107 - [Bankroll] LOSS | stake=0.12 | odds=3.9 | bankroll=2.70 | ROI=-99.7%
2026-05-03 22:27:04.838 | INFO     | betting.kelly:settle_bet:107 - [Bankroll] WIN | stake=0.07 | odds=2.8 | bankroll=2.83 | ROI=-99.7%
2026-05-03 22:27:04.839 | INFO     | betting.kelly:settle_bet:107 - [Bankroll] WIN | stake=0.07 | odds=3.5 | bankroll=3.00 | ROI=-99.7%
2026-05-03 22:27:04.840 | INFO     | betting.kelly:settle_bet:107 - [Bankroll] LOSS | stake=0.01 | odds=4.1 | bankroll=2.99 | ROI=-99.7%
2026-05-03 22:27:04.840 | INFO     | betting.kelly:settle_bet:107 - [Bankroll] LOSS | stake=0.05 | odds=7.0 | bankroll=2.94 | ROI=-99.7%
2026-05-03 22:27:04.840 | INFO     | betting.kelly:settle_bet:107 - [Bankroll] LOSS | stake=0.03 | odds=9.0 | bankroll=2.91 | ROI=-99.7%
2026-05-03 22:27:04.841 | INFO     | betting.kelly:settle_bet:107 - [Bankroll] LOSS | stake=0.06 | odds=3.1 | bankroll=2.85 | ROI=-99.7%
2026-05-03 22:27:04.841 | INFO     | betting.kelly:settle_bet:107 - [Bankroll] LOSS | stake=0.06 | odds=4.75 | bankroll=2.79 | ROI=-99.7%
2026-05-03 22:27:04.842 | INFO     | betting.kelly:settle_bet:107 - [Bankroll] LOSS | stake=0.15 | odds=6.5 | bankroll=2.64 | ROI=-99.7%
2026-05-03 22:27:04.842 | INFO     | betting.kelly:settle_bet:107 - [Bankroll] LOSS | stake=0.03 | odds=2.63 | bankroll=2.61 | ROI=-99.7%
2026-05-03 22:27:04.843 | INFO     | betting.kelly:settle_bet:107 - [Bankroll] LOSS | stake=0.10 | odds=12.0 | bankroll=2.51 | ROI=-99.7%
2026-05-03 22:27:04.843 | INFO     | betting.kelly:settle_bet:107 - [Bankroll] LOSS | stake=0.07 | odds=21.0 | bankroll=2.44 | ROI=-99.8%
2026-05-03 22:27:04.844 | INFO     | betting.kelly:settle_bet:107 - [Bankroll] LOSS | stake=0.15 | odds=4.33 | bankroll=2.29 | ROI=-99.8%
2026-05-03 22:27:04.844 | INFO     | betting.kelly:settle_bet:107 - [Bankroll] LOSS | stake=0.04 | odds=4.5 | bankroll=2.25 | ROI=-99.8%
2026-05-03 22:27:04.845 | INFO     | betting.kelly:settle_bet:107 - [Bankroll] WIN | stake=0.03 | odds=3.4 | bankroll=2.31 | ROI=-99.8%
2026-05-03 22:27:04.845 | INFO     | betting.kelly:settle_bet:107 - [Bankroll] LOSS | stake=0.04 | odds=6.25 | bankroll=2.27 | ROI=-99.8%
2026-05-03 22:27:04.845 | INFO     | betting.kelly:settle_bet:107 - [Bankroll] LOSS | stake=0.02 | odds=4.75 | bankroll=2.25 | ROI=-99.8%
2026-05-03 22:27:04.845 | INFO     | betting.kelly:settle_bet:107 - [Bankroll] LOSS | stake=0.12 | odds=2.9 | bankroll=2.13 | ROI=-99.8%
2026-05-03 22:27:04.848 | INFO     | betting.kelly:settle_bet:107 - [Bankroll] LOSS | stake=0.04 | odds=5.75 | bankroll=2.09 | ROI=-99.8%
2026-05-03 22:27:04.848 | INFO     | betting.kelly:settle_bet:107 - [Bankroll] LOSS | stake=0.05 | odds=11.0 | bankroll=2.04 | ROI=-99.8%
2026-05-03 22:27:04.848 | INFO     | betting.kelly:settle_bet:107 - [Bankroll] LOSS | stake=0.01 | odds=4.33 | bankroll=2.03 | ROI=-99.8%
2026-05-03 22:27:04.848 | INFO     | betting.kelly:settle_bet:107 - [Bankroll] LOSS | stake=0.09 | odds=3.2 | bankroll=1.94 | ROI=-99.8%
2026-05-03 22:27:04.850 | INFO     | betting.kelly:settle_bet:107 - [Bankroll] LOSS | stake=0.09 | odds=4.1 | bankroll=1.85 | ROI=-99.8%
2026-05-03 22:27:04.850 | INFO     | betting.kelly:settle_bet:107 - [Bankroll] WIN | stake=0.02 | odds=4.0 | bankroll=1.90 | ROI=-99.8%
2026-05-03 22:27:04.850 | INFO     | betting.kelly:settle_bet:107 - [Bankroll] LOSS | stake=0.02 | odds=2.6 | bankroll=1.88 | ROI=-99.8%
2026-05-03 22:27:04.850 | INFO     | betting.kelly:settle_bet:107 - [Bankroll] LOSS | stake=0.01 | odds=3.6 | bankroll=1.87 | ROI=-99.8%
2026-05-03 22:27:04.850 | INFO     | betting.kelly:settle_bet:107 - [Bankroll] LOSS | stake=0.02 | odds=4.2 | bankroll=1.85 | ROI=-99.8%
2026-05-03 22:27:04.850 | INFO     | betting.kelly:settle_bet:107 - [Bankroll] WIN | stake=0.05 | odds=5.5 | bankroll=2.09 | ROI=-99.8%
2026-05-03 22:27:04.850 | INFO     | betting.kelly:settle_bet:107 - [Bankroll] LOSS | stake=0.07 | odds=8.5 | bankroll=2.02 | ROI=-99.8%
2026-05-03 22:27:04.850 | INFO     | betting.kelly:settle_bet:107 - [Bankroll] LOSS | stake=0.01 | odds=4.2 | bankroll=2.01 | ROI=-99.8%
2026-05-03 22:27:04.850 | INFO     | betting.kelly:settle_bet:107 - [Bankroll] WIN | stake=0.04 | odds=1.75 | bankroll=2.04 | ROI=-99.8%
2026-05-03 22:27:04.850 | INFO     | betting.kelly:settle_bet:107 - [Bankroll] WIN | stake=0.03 | odds=4.33 | bankroll=2.14 | ROI=-99.8%
2026-05-03 22:27:04.850 | INFO     | betting.kelly:settle_bet:107 - [Bankroll] LOSS | stake=0.02 | odds=5.25 | bankroll=2.12 | ROI=-99.8%
2026-05-03 22:27:04.850 | INFO     | betting.kelly:settle_bet:107 - [Bankroll] LOSS | stake=0.07 | odds=2.3 | bankroll=2.05 | ROI=-99.8%
2026-05-03 22:27:04.850 | INFO     | betting.kelly:settle_bet:107 - [Bankroll] LOSS | stake=0.07 | odds=7.0 | bankroll=1.98 | ROI=-99.8%
2026-05-03 22:27:04.850 | INFO     | betting.kelly:settle_bet:107 - [Bankroll] LOSS | stake=0.05 | odds=5.5 | bankroll=1.93 | ROI=-99.8%
2026-05-03 22:27:04.856 | INFO     | betting.kelly:settle_bet:107 - [Bankroll] LOSS | stake=0.07 | odds=8.0 | bankroll=1.86 | ROI=-99.8%
2026-05-03 22:27:04.856 | INFO     | betting.kelly:settle_bet:107 - [Bankroll] LOSS | stake=0.04 | odds=11.0 | bankroll=1.82 | ROI=-99.8%
2026-05-03 22:27:04.856 | INFO     | betting.kelly:settle_bet:107 - [Bankroll] WIN | stake=0.02 | odds=4.33 | bankroll=1.90 | ROI=-99.8%
2026-05-03 22:27:04.856 | INFO     | betting.kelly:settle_bet:107 - [Bankroll] LOSS | stake=0.01 | odds=5.0 | bankroll=1.89 | ROI=-99.8%
2026-05-03 22:27:04.856 | INFO     | betting.kelly:settle_bet:107 - [Bankroll] WIN | stake=0.12 | odds=2.5 | bankroll=2.07 | ROI=-99.8%
2026-05-03 22:27:04.856 | INFO     | betting.kelly:settle_bet:107 - [Bankroll] LOSS | stake=0.13 | odds=3.7 | bankroll=1.94 | ROI=-99.8%
2026-05-03 22:27:04.856 | INFO     | betting.kelly:settle_bet:107 - [Bankroll] LOSS | stake=0.01 | odds=4.2 | bankroll=1.93 | ROI=-99.8%
2026-05-03 22:27:04.859 | INFO     | betting.kelly:settle_bet:107 - [Bankroll] LOSS | stake=0.02 | odds=2.9 | bankroll=1.91 | ROI=-99.8%
2026-05-03 22:27:04.859 | INFO     | betting.kelly:settle_bet:107 - [Bankroll] LOSS | stake=0.06 | odds=5.5 | bankroll=1.85 | ROI=-99.8%
2026-05-03 22:27:04.859 | INFO     | betting.kelly:settle_bet:107 - [Bankroll] LOSS | stake=0.03 | odds=6.5 | bankroll=1.82 | ROI=-99.8%
2026-05-03 22:27:04.861 | INFO     | betting.kelly:settle_bet:107 - [Bankroll] LOSS | stake=0.02 | odds=3.9 | bankroll=1.80 | ROI=-99.8%
2026-05-03 22:27:04.861 | INFO     | betting.kelly:settle_bet:107 - [Bankroll] LOSS | stake=0.06 | odds=5.0 | bankroll=1.74 | ROI=-99.8%
2026-05-03 22:27:04.862 | INFO     | betting.kelly:settle_bet:107 - [Bankroll] WIN | stake=0.02 | odds=4.5 | bankroll=1.80 | ROI=-99.8%
2026-05-03 22:27:04.862 | INFO     | betting.kelly:settle_bet:107 - [Bankroll] LOSS | stake=0.02 | odds=6.5 | bankroll=1.78 | ROI=-99.8%
2026-05-03 22:27:04.862 | INFO     | betting.kelly:settle_bet:107 - [Bankroll] LOSS | stake=0.02 | odds=2.75 | bankroll=1.76 | ROI=-99.8%
2026-05-03 22:27:04.862 | INFO     | betting.kelly:settle_bet:107 - [Bankroll] LOSS | stake=0.11 | odds=5.75 | bankroll=1.65 | ROI=-99.8%
2026-05-03 22:27:04.862 | INFO     | betting.kelly:settle_bet:107 - [Bankroll] LOSS | stake=0.02 | odds=4.5 | bankroll=1.63 | ROI=-99.8%
2026-05-03 22:27:04.862 | INFO     | betting.kelly:settle_bet:107 - [Bankroll] WIN | stake=0.03 | odds=5.0 | bankroll=1.74 | ROI=-99.8%
2026-05-03 22:27:04.862 | INFO     | betting.kelly:settle_bet:107 - [Bankroll] LOSS | stake=0.03 | odds=7.5 | bankroll=1.71 | ROI=-99.8%
2026-05-03 22:27:04.862 | INFO     | betting.kelly:settle_bet:107 - [Bankroll] LOSS | stake=0.10 | odds=11.0 | bankroll=1.61 | ROI=-99.8%
2026-05-03 22:27:04.862 | INFO     | betting.kelly:settle_bet:107 - [Bankroll] LOSS | stake=0.05 | odds=7.0 | bankroll=1.56 | ROI=-99.8%
2026-05-03 22:27:04.862 | INFO     | betting.kelly:settle_bet:107 - [Bankroll] LOSS | stake=0.05 | odds=4.5 | bankroll=1.51 | ROI=-99.8%
2026-05-03 22:27:04.867 | INFO     | betting.kelly:settle_bet:107 - [Bankroll] LOSS | stake=0.00 | odds=5.5 | bankroll=1.51 | ROI=-99.8%
2026-05-03 22:27:04.867 | INFO     | betting.kelly:settle_bet:107 - [Bankroll] LOSS | stake=0.03 | odds=3.4 | bankroll=1.48 | ROI=-99.9%
2026-05-03 22:27:04.868 | INFO     | betting.kelly:settle_bet:107 - [Bankroll] LOSS | stake=0.06 | odds=8.0 | bankroll=1.42 | ROI=-99.9%
2026-05-03 22:27:04.868 | INFO     | betting.kelly:settle_bet:107 - [Bankroll] LOSS | stake=0.05 | odds=12.0 | bankroll=1.37 | ROI=-99.9%
2026-05-03 22:27:04.868 | INFO     | betting.kelly:settle_bet:107 - [Bankroll] LOSS | stake=0.01 | odds=4.2 | bankroll=1.36 | ROI=-99.9%
2026-05-03 22:27:04.868 | INFO     | betting.kelly:settle_bet:107 - [Bankroll] LOSS | stake=0.04 | odds=6.5 | bankroll=1.32 | ROI=-99.9%
2026-05-03 22:27:04.868 | INFO     | betting.kelly:settle_bet:107 - [Bankroll] LOSS | stake=0.03 | odds=6.5 | bankroll=1.29 | ROI=-99.9%
2026-05-03 22:27:04.868 | INFO     | betting.kelly:settle_bet:107 - [Bankroll] WIN | stake=0.03 | odds=12.0 | bankroll=1.62 | ROI=-99.8%
2026-05-03 22:27:04.871 | INFO     | betting.kelly:settle_bet:107 - [Bankroll] LOSS | stake=0.03 | odds=3.0 | bankroll=1.59 | ROI=-99.8%
2026-05-03 22:27:04.871 | INFO     | betting.kelly:settle_bet:107 - [Bankroll] LOSS | stake=0.08 | odds=3.4 | bankroll=1.51 | ROI=-99.8%
2026-05-03 22:27:04.871 | INFO     | betting.kelly:settle_bet:107 - [Bankroll] WIN | stake=0.08 | odds=2.9 | bankroll=1.66 | ROI=-99.8%
2026-05-03 22:27:04.873 | INFO     | betting.kelly:settle_bet:107 - [Bankroll] LOSS | stake=0.07 | odds=2.7 | bankroll=1.59 | ROI=-99.8%
2026-05-03 22:27:04.873 | INFO     | betting.kelly:settle_bet:107 - [Bankroll] LOSS | stake=0.03 | odds=2.88 | bankroll=1.56 | ROI=-99.8%
2026-05-03 22:27:04.874 | INFO     | betting.kelly:settle_bet:107 - [Bankroll] LOSS | stake=0.01 | odds=3.6 | bankroll=1.55 | ROI=-99.8%
2026-05-03 22:27:04.874 | INFO     | betting.kelly:settle_bet:107 - [Bankroll] LOSS | stake=0.01 | odds=3.7 | bankroll=1.54 | ROI=-99.8%
2026-05-03 22:27:04.875 | INFO     | betting.kelly:settle_bet:107 - [Bankroll] LOSS | stake=0.10 | odds=8.0 | bankroll=1.44 | ROI=-99.9%
2026-05-03 22:27:04.875 | INFO     | betting.kelly:settle_bet:107 - [Bankroll] LOSS | stake=0.03 | odds=5.5 | bankroll=1.41 | ROI=-99.9%
2026-05-03 22:27:04.875 | INFO     | betting.kelly:settle_bet:107 - [Bankroll] LOSS | stake=0.01 | odds=4.0 | bankroll=1.40 | ROI=-99.9%
2026-05-03 22:27:04.875 | INFO     | betting.kelly:settle_bet:107 - [Bankroll] LOSS | stake=0.00 | odds=4.33 | bankroll=1.40 | ROI=-99.9%
2026-05-03 22:27:04.875 | INFO     | betting.kelly:settle_bet:107 - [Bankroll] LOSS | stake=0.06 | odds=3.2 | bankroll=1.34 | ROI=-99.9%
2026-05-03 22:27:04.875 | INFO     | betting.kelly:settle_bet:107 - [Bankroll] LOSS | stake=0.01 | odds=4.5 | bankroll=1.33 | ROI=-99.9%
2026-05-03 22:27:04.875 | INFO     | betting.kelly:settle_bet:107 - [Bankroll] LOSS | stake=0.08 | odds=5.5 | bankroll=1.25 | ROI=-99.9%
2026-05-03 22:27:04.878 | INFO     | betting.kelly:settle_bet:107 - [Bankroll] LOSS | stake=0.02 | odds=3.6 | bankroll=1.23 | ROI=-99.9%
2026-05-03 22:27:04.878 | INFO     | betting.kelly:settle_bet:107 - [Bankroll] LOSS | stake=0.03 | odds=6.25 | bankroll=1.20 | ROI=-99.9%
2026-05-03 22:27:04.878 | INFO     | betting.kelly:settle_bet:107 - [Bankroll] LOSS | stake=0.02 | odds=9.0 | bankroll=1.18 | ROI=-99.9%
2026-05-03 22:27:04.880 | INFO     | betting.kelly:settle_bet:107 - [Bankroll] LOSS | stake=0.07 | odds=5.75 | bankroll=1.11 | ROI=-99.9%
2026-05-03 22:27:04.880 | INFO     | betting.kelly:settle_bet:107 - [Bankroll] WIN | stake=0.01 | odds=3.75 | bankroll=1.14 | ROI=-99.9%
2026-05-03 22:27:04.881 | INFO     | betting.kelly:settle_bet:107 - [Bankroll] LOSS | stake=0.03 | odds=4.75 | bankroll=1.11 | ROI=-99.9%
2026-05-03 22:27:04.881 | INFO     | betting.kelly:settle_bet:107 - [Bankroll] LOSS | stake=0.02 | odds=5.75 | bankroll=1.09 | ROI=-99.9%
2026-05-03 22:27:04.881 | INFO     | betting.kelly:settle_bet:107 - [Bankroll] LOSS | stake=0.01 | odds=8.0 | bankroll=1.08 | ROI=-99.9%
2026-05-03 22:27:04.881 | INFO     | betting.kelly:settle_bet:107 - [Bankroll] LOSS | stake=0.03 | odds=2.9 | bankroll=1.05 | ROI=-99.9%
2026-05-03 22:27:04.881 | INFO     | betting.kelly:settle_bet:107 - [Bankroll] LOSS | stake=0.03 | odds=7.0 | bankroll=1.02 | ROI=-99.9%
2026-05-03 22:27:04.881 | INFO     | betting.kelly:settle_bet:107 - [Bankroll] LOSS | stake=0.02 | odds=9.0 | bankroll=1.00 | ROI=-99.9%
2026-05-03 22:27:04.884 | INFO     | betting.kelly:settle_bet:107 - [Bankroll] WIN | stake=0.06 | odds=4.2 | bankroll=1.20 | ROI=-99.9%
2026-05-03 22:27:04.884 | INFO     | betting.kelly:settle_bet:107 - [Bankroll] LOSS | stake=0.07 | odds=5.25 | bankroll=1.12 | ROI=-99.9%
2026-05-03 22:27:04.884 | INFO     | betting.kelly:settle_bet:107 - [Bankroll] WIN | stake=0.01 | odds=4.33 | bankroll=1.15 | ROI=-99.9%
2026-05-03 22:27:04.884 | INFO     | betting.kelly:settle_bet:107 - [Bankroll] LOSS | stake=0.02 | odds=5.25 | bankroll=1.13 | ROI=-99.9%
2026-05-03 22:27:04.884 | INFO     | betting.kelly:settle_bet:107 - [Bankroll] LOSS | stake=0.00 | odds=6.5 | bankroll=1.13 | ROI=-99.9%
2026-05-03 22:27:04.886 | INFO     | betting.kelly:settle_bet:107 - [Bankroll] LOSS | stake=0.03 | odds=2.05 | bankroll=1.10 | ROI=-99.9%
2026-05-03 22:27:04.887 | INFO     | betting.kelly:settle_bet:107 - [Bankroll] LOSS | stake=0.05 | odds=8.0 | bankroll=1.05 | ROI=-99.9%
2026-05-03 22:27:04.887 | INFO     | betting.kelly:settle_bet:107 - [Bankroll] LOSS | stake=0.03 | odds=5.75 | bankroll=1.02 | ROI=-99.9%
2026-05-03 22:27:04.887 | INFO     | betting.kelly:settle_bet:107 - [Bankroll] LOSS | stake=0.04 | odds=8.0 | bankroll=0.98 | ROI=-99.9%
2026-05-03 22:27:04.887 | INFO     | betting.kelly:settle_bet:107 - [Bankroll] LOSS | stake=0.04 | odds=15.0 | bankroll=0.94 | ROI=-99.9%
2026-05-03 22:27:04.887 | INFO     | betting.kelly:settle_bet:107 - [Bankroll] LOSS | stake=0.06 | odds=2.63 | bankroll=0.88 | ROI=-99.9%
2026-05-03 22:27:04.887 | INFO     | betting.kelly:settle_bet:107 - [Bankroll] WIN | stake=0.02 | odds=3.0 | bankroll=0.91 | ROI=-99.9%
2026-05-03 22:27:04.887 | INFO     | betting.kelly:settle_bet:107 - [Bankroll] LOSS | stake=0.00 | odds=4.0 | bankroll=0.91 | ROI=-99.9%
2026-05-03 22:27:04.887 | INFO     | betting.kelly:settle_bet:107 - [Bankroll] WIN | stake=0.03 | odds=5.5 | bankroll=1.03 | ROI=-99.9%
2026-05-03 22:27:04.887 | INFO     | betting.kelly:settle_bet:107 - [Bankroll] LOSS | stake=0.01 | odds=3.4 | bankroll=1.02 | ROI=-99.9%
2026-05-03 22:27:04.887 | INFO     | betting.kelly:settle_bet:107 - [Bankroll] LOSS | stake=0.01 | odds=4.2 | bankroll=1.01 | ROI=-99.9%
2026-05-03 22:27:04.892 | INFO     | betting.kelly:settle_bet:107 - [Bankroll] WIN | stake=0.00 | odds=4.33 | bankroll=1.02 | ROI=-99.9%
2026-05-03 22:27:04.892 | INFO     | betting.kelly:settle_bet:107 - [Bankroll] LOSS | stake=0.06 | odds=4.2 | bankroll=0.96 | ROI=-99.9%
2026-05-03 22:27:04.892 | INFO     | betting.kelly:settle_bet:107 - [Bankroll] LOSS | stake=0.01 | odds=4.2 | bankroll=0.95 | ROI=-99.9%
2026-05-03 22:27:04.892 | INFO     | betting.kelly:settle_bet:107 - [Bankroll] WIN | stake=0.01 | odds=2.7 | bankroll=0.97 | ROI=-99.9%
2026-05-03 22:27:04.892 | INFO     | betting.kelly:settle_bet:107 - [Bankroll] LOSS | stake=0.03 | odds=1.85 | bankroll=0.94 | ROI=-99.9%
2026-05-03 22:27:04.892 | INFO     | betting.kelly:settle_bet:107 - [Bankroll] LOSS | stake=0.06 | odds=2.35 | bankroll=0.88 | ROI=-99.9%
2026-05-03 22:27:04.895 | INFO     | betting.kelly:settle_bet:107 - [Bankroll] LOSS | stake=0.00 | odds=4.1 | bankroll=0.88 | ROI=-99.9%
2026-05-03 22:27:04.895 | INFO     | betting.kelly:settle_bet:107 - [Bankroll] WIN | stake=0.04 | odds=11.0 | bankroll=1.26 | ROI=-99.9%
2026-05-03 22:27:04.895 | INFO     | betting.kelly:settle_bet:107 - [Bankroll] LOSS | stake=0.04 | odds=21.0 | bankroll=1.22 | ROI=-99.9%
2026-05-03 22:27:04.895 | INFO     | betting.kelly:settle_bet:107 - [Bankroll] LOSS | stake=0.04 | odds=9.0 | bankroll=1.18 | ROI=-99.9%
2026-05-03 22:27:04.895 | INFO     | betting.kelly:settle_bet:107 - [Bankroll] LOSS | stake=0.03 | odds=17.0 | bankroll=1.15 | ROI=-99.9%
2026-05-03 22:27:04.898 | INFO     | betting.kelly:settle_bet:107 - [Bankroll] LOSS | stake=0.07 | odds=6.0 | bankroll=1.08 | ROI=-99.9%
2026-05-03 22:27:04.898 | INFO     | betting.kelly:settle_bet:107 - [Bankroll] LOSS | stake=0.02 | odds=4.5 | bankroll=1.06 | ROI=-99.9%
2026-05-03 22:27:04.898 | INFO     | betting.kelly:settle_bet:107 - [Bankroll] WIN | stake=0.03 | odds=3.1 | bankroll=1.13 | ROI=-99.9%
2026-05-03 22:27:04.898 | INFO     | betting.kelly:settle_bet:107 - [Bankroll] WIN | stake=0.02 | odds=3.3 | bankroll=1.17 | ROI=-99.9%
2026-05-03 22:27:04.898 | INFO     | betting.kelly:settle_bet:107 - [Bankroll] LOSS | stake=0.02 | odds=2.4 | bankroll=1.15 | ROI=-99.9%
2026-05-03 22:27:04.898 | INFO     | betting.kelly:settle_bet:107 - [Bankroll] LOSS | stake=0.06 | odds=3.0 | bankroll=1.09 | ROI=-99.9%
2026-05-03 22:27:04.898 | INFO     | betting.kelly:settle_bet:107 - [Bankroll] LOSS | stake=0.01 | odds=3.7 | bankroll=1.08 | ROI=-99.9%
2026-05-03 22:27:04.898 | INFO     | betting.kelly:settle_bet:107 - [Bankroll] LOSS | stake=0.05 | odds=2.6 | bankroll=1.03 | ROI=-99.9%
2026-05-03 22:27:04.898 | INFO     | betting.kelly:settle_bet:107 - [Bankroll] LOSS | stake=0.04 | odds=2.2 | bankroll=0.99 | ROI=-99.9%
2026-05-03 22:27:04.898 | INFO     | betting.kelly:settle_bet:107 - [Bankroll] LOSS | stake=0.03 | odds=7.0 | bankroll=0.96 | ROI=-99.9%
2026-05-03 22:27:04.903 | INFO     | betting.kelly:settle_bet:107 - [Bankroll] LOSS | stake=0.02 | odds=9.5 | bankroll=0.94 | ROI=-99.9%
2026-05-03 22:27:04.903 | INFO     | betting.kelly:settle_bet:107 - [Bankroll] WIN | stake=0.02 | odds=2.05 | bankroll=0.96 | ROI=-99.9%
2026-05-03 22:27:04.905 | INFO     | betting.kelly:settle_bet:107 - [Bankroll] WIN | stake=0.02 | odds=1.8 | bankroll=0.97 | ROI=-99.9%
2026-05-03 22:27:04.905 | INFO     | betting.kelly:settle_bet:107 - [Bankroll] WIN | stake=0.01 | odds=4.5 | bankroll=1.00 | ROI=-99.9%
2026-05-03 22:27:04.905 | INFO     | betting.kelly:settle_bet:107 - [Bankroll] LOSS | stake=0.01 | odds=6.5 | bankroll=0.99 | ROI=-99.9%
2026-05-03 22:27:04.905 | INFO     | betting.kelly:settle_bet:107 - [Bankroll] LOSS | stake=0.05 | odds=4.5 | bankroll=0.94 | ROI=-99.9%
2026-05-03 22:27:04.907 | INFO     | betting.kelly:settle_bet:107 - [Bankroll] LOSS | stake=0.01 | odds=4.33 | bankroll=0.93 | ROI=-99.9%
2026-05-03 22:27:04.907 | INFO     | betting.kelly:settle_bet:107 - [Bankroll] LOSS | stake=0.04 | odds=2.2 | bankroll=0.89 | ROI=-99.9%
2026-05-03 22:27:04.907 | INFO     | betting.kelly:settle_bet:107 - [Bankroll] WIN | stake=0.06 | odds=2.9 | bankroll=1.00 | ROI=-99.9%
2026-05-03 22:27:04.909 | INFO     | betting.kelly:settle_bet:107 - [Bankroll] WIN | stake=0.03 | odds=6.0 | bankroll=1.16 | ROI=-99.9%
2026-05-03 22:27:04.909 | INFO     | betting.kelly:settle_bet:107 - [Bankroll] LOSS | stake=0.03 | odds=8.0 | bankroll=1.13 | ROI=-99.9%
2026-05-03 22:27:04.909 | INFO     | betting.kelly:settle_bet:107 - [Bankroll] LOSS | stake=0.07 | odds=5.5 | bankroll=1.06 | ROI=-99.9%
2026-05-03 22:27:04.910 | INFO     | betting.kelly:settle_bet:107 - [Bankroll] WIN | stake=0.02 | odds=4.5 | bankroll=1.13 | ROI=-99.9%
2026-05-03 22:27:04.911 | INFO     | betting.kelly:settle_bet:107 - [Bankroll] LOSS | stake=0.01 | odds=5.25 | bankroll=1.12 | ROI=-99.9%
2026-05-03 22:27:04.911 | INFO     | betting.kelly:settle_bet:107 - [Bankroll] LOSS | stake=0.01 | odds=9.5 | bankroll=1.11 | ROI=-99.9%
2026-05-03 22:27:04.911 | INFO     | betting.kelly:settle_bet:107 - [Bankroll] LOSS | stake=0.01 | odds=3.75 | bankroll=1.10 | ROI=-99.9%
2026-05-03 22:27:04.911 | INFO     | betting.kelly:settle_bet:107 - [Bankroll] LOSS | stake=0.03 | odds=4.75 | bankroll=1.07 | ROI=-99.9%
2026-05-03 22:27:04.911 | INFO     | betting.kelly:settle_bet:107 - [Bankroll] LOSS | stake=0.01 | odds=4.5 | bankroll=1.06 | ROI=-99.9%
2026-05-03 22:27:04.911 | INFO     | betting.kelly:settle_bet:107 - [Bankroll] LOSS | stake=0.01 | odds=4.75 | bankroll=1.05 | ROI=-99.9%
2026-05-03 22:27:04.911 | INFO     | betting.kelly:settle_bet:107 - [Bankroll] LOSS | stake=0.01 | odds=6.5 | bankroll=1.04 | ROI=-99.9%
2026-05-03 22:27:04.911 | INFO     | betting.kelly:settle_bet:107 - [Bankroll] WIN | stake=0.07 | odds=5.0 | bankroll=1.30 | ROI=-99.9%
2026-05-03 22:27:04.911 | INFO     | betting.kelly:settle_bet:107 - [Bankroll] LOSS | stake=0.05 | odds=4.1 | bankroll=1.25 | ROI=-99.9%
2026-05-03 22:27:04.911 | INFO     | betting.kelly:settle_bet:107 - [Bankroll] LOSS | stake=0.04 | odds=5.25 | bankroll=1.21 | ROI=-99.9%
2026-05-03 22:27:04.911 | INFO     | betting.kelly:settle_bet:107 - [Bankroll] LOSS | stake=0.06 | odds=7.5 | bankroll=1.15 | ROI=-99.9%
2026-05-03 22:27:04.911 | INFO     | betting.kelly:settle_bet:107 - [Bankroll] LOSS | stake=0.02 | odds=4.2 | bankroll=1.13 | ROI=-99.9%
2026-05-03 22:27:04.916 | INFO     | betting.kelly:settle_bet:107 - [Bankroll] LOSS | stake=0.04 | odds=4.5 | bankroll=1.09 | ROI=-99.9%
2026-05-03 22:27:04.916 | INFO     | betting.kelly:settle_bet:107 - [Bankroll] WIN | stake=0.01 | odds=2.8 | bankroll=1.11 | ROI=-99.9%
2026-05-03 22:27:04.917 | INFO     | betting.kelly:settle_bet:107 - [Bankroll] WIN | stake=0.02 | odds=3.0 | bankroll=1.16 | ROI=-99.9%
2026-05-03 22:27:04.917 | INFO     | betting.kelly:settle_bet:107 - [Bankroll] LOSS | stake=0.03 | odds=5.0 | bankroll=1.13 | ROI=-99.9%
2026-05-03 22:27:04.917 | INFO     | betting.kelly:settle_bet:107 - [Bankroll] LOSS | stake=0.03 | odds=5.25 | bankroll=1.10 | ROI=-99.9%
2026-05-03 22:27:04.917 | INFO     | betting.kelly:settle_bet:107 - [Bankroll] LOSS | stake=0.06 | odds=3.9 | bankroll=1.04 | ROI=-99.9%
2026-05-03 22:27:04.917 | INFO     | betting.kelly:settle_bet:107 - [Bankroll] WIN | stake=0.07 | odds=3.0 | bankroll=1.17 | ROI=-99.9%
2026-05-03 22:27:04.917 | INFO     | betting.kelly:settle_bet:107 - [Bankroll] LOSS | stake=0.07 | odds=8.0 | bankroll=1.10 | ROI=-99.9%
2026-05-03 22:27:04.917 | INFO     | betting.kelly:settle_bet:107 - [Bankroll] LOSS | stake=0.04 | odds=6.0 | bankroll=1.06 | ROI=-99.9%
2026-05-03 22:27:04.917 | INFO     | betting.kelly:settle_bet:107 - [Bankroll] LOSS | stake=0.07 | odds=3.5 | bankroll=0.99 | ROI=-99.9%
2026-05-03 22:27:04.917 | INFO     | betting.kelly:settle_bet:107 - [Bankroll] WIN | stake=0.04 | odds=3.3 | bankroll=1.07 | ROI=-99.9%
2026-05-03 22:27:04.917 | INFO     | betting.kelly:settle_bet:107 - [Bankroll] LOSS | stake=0.01 | odds=4.1 | bankroll=1.06 | ROI=-99.9%
2026-05-03 22:27:04.922 | INFO     | betting.kelly:settle_bet:107 - [Bankroll] LOSS | stake=0.01 | odds=5.0 | bankroll=1.05 | ROI=-99.9%
2026-05-03 22:27:04.922 | INFO     | betting.kelly:settle_bet:107 - [Bankroll] WIN | stake=0.01 | odds=3.75 | bankroll=1.07 | ROI=-99.9%
2026-05-03 22:27:04.923 | INFO     | betting.kelly:settle_bet:107 - [Bankroll] WIN | stake=0.01 | odds=2.4 | bankroll=1.09 | ROI=-99.9%
2026-05-03 22:27:04.923 | INFO     | betting.kelly:settle_bet:107 - [Bankroll] LOSS | stake=0.04 | odds=1.85 | bankroll=1.05 | ROI=-99.9%
2026-05-03 22:27:04.923 | INFO     | betting.kelly:settle_bet:107 - [Bankroll] LOSS | stake=0.03 | odds=2.75 | bankroll=1.02 | ROI=-99.9%
2026-05-03 22:27:04.923 | INFO     | betting.kelly:settle_bet:107 - [Bankroll] LOSS | stake=0.02 | odds=2.55 | bankroll=1.00 | ROI=-99.9%
2026-05-03 22:27:04.923 | INFO     | betting.kelly:settle_bet:107 - [Bankroll] LOSS | stake=0.00 | odds=4.33 | bankroll=1.00 | ROI=-99.9%
2026-05-03 22:27:04.926 | INFO     | betting.kelly:settle_bet:107 - [Bankroll] WIN | stake=0.01 | odds=4.5 | bankroll=1.03 | ROI=-99.9%
2026-05-03 22:27:04.926 | INFO     | betting.kelly:settle_bet:107 - [Bankroll] LOSS | stake=0.04 | odds=10.0 | bankroll=0.99 | ROI=-99.9%
2026-05-03 22:27:04.926 | INFO     | betting.kelly:settle_bet:107 - [Bankroll] LOSS | stake=0.02 | odds=17.0 | bankroll=0.97 | ROI=-99.9%
2026-05-03 22:27:04.928 | INFO     | betting.kelly:settle_bet:107 - [Bankroll] LOSS | stake=0.03 | odds=7.5 | bankroll=0.94 | ROI=-99.9%
2026-05-03 22:27:04.929 | INFO     | betting.kelly:settle_bet:107 - [Bankroll] LOSS | stake=0.02 | odds=9.5 | bankroll=0.92 | ROI=-99.9%
2026-05-03 22:27:04.929 | INFO     | betting.kelly:settle_bet:107 - [Bankroll] LOSS | stake=0.06 | odds=5.25 | bankroll=0.86 | ROI=-99.9%
2026-05-03 22:27:04.929 | INFO     | betting.kelly:settle_bet:107 - [Bankroll] WIN | stake=0.01 | odds=5.0 | bankroll=0.90 | ROI=-99.9%
2026-05-03 22:27:04.929 | INFO     | betting.kelly:settle_bet:107 - [Bankroll] LOSS | stake=0.02 | odds=4.33 | bankroll=0.88 | ROI=-99.9%
2026-05-03 22:27:04.929 | INFO     | betting.kelly:settle_bet:107 - [Bankroll] LOSS | stake=0.03 | odds=4.2 | bankroll=0.85 | ROI=-99.9%
2026-05-03 22:27:04.929 | INFO     | betting.kelly:settle_bet:107 - [Bankroll] LOSS | stake=0.05 | odds=12.0 | bankroll=0.80 | ROI=-99.9%
2026-05-03 22:27:04.929 | INFO     | betting.kelly:settle_bet:107 - [Bankroll] LOSS | stake=0.04 | odds=9.5 | bankroll=0.76 | ROI=-99.9%
2026-05-03 22:27:04.932 | INFO     | betting.kelly:settle_bet:107 - [Bankroll] WIN | stake=0.01 | odds=2.88 | bankroll=0.78 | ROI=-99.9%
2026-05-03 22:27:04.932 | INFO     | betting.kelly:settle_bet:107 - [Bankroll] LOSS | stake=0.02 | odds=2.55 | bankroll=0.76 | ROI=-99.9%
2026-05-03 22:27:04.932 | INFO     | betting.kelly:settle_bet:107 - [Bankroll] LOSS | stake=0.03 | odds=2.5 | bankroll=0.73 | ROI=-99.9%
2026-05-03 22:27:04.934 | INFO     | betting.kelly:settle_bet:107 - [Bankroll] WIN | stake=0.05 | odds=3.9 | bankroll=0.86 | ROI=-99.9%
2026-05-03 22:27:04.935 | INFO     | betting.kelly:settle_bet:107 - [Bankroll] LOSS | stake=0.00 | odds=4.0 | bankroll=0.86 | ROI=-99.9%
2026-05-03 22:27:04.935 | INFO     | betting.kelly:settle_bet:107 - [Bankroll] LOSS | stake=0.02 | odds=2.25 | bankroll=0.84 | ROI=-99.9%
2026-05-03 22:27:04.935 | INFO     | betting.kelly:settle_bet:107 - [Bankroll] WIN | stake=0.01 | odds=4.75 | bankroll=0.88 | ROI=-99.9%
2026-05-03 22:27:04.935 | INFO     | betting.kelly:settle_bet:107 - [Bankroll] LOSS | stake=0.01 | odds=5.0 | bankroll=0.87 | ROI=-99.9%
2026-05-03 22:27:04.935 | INFO     | betting.kelly:settle_bet:107 - [Bankroll] LOSS | stake=0.01 | odds=7.5 | bankroll=0.86 | ROI=-99.9%
2026-05-03 22:27:04.935 | INFO     | betting.kelly:settle_bet:107 - [Bankroll] LOSS | stake=0.05 | odds=3.4 | bankroll=0.81 | ROI=-99.9%
2026-05-03 22:27:04.935 | INFO     | betting.kelly:settle_bet:107 - [Bankroll] LOSS | stake=0.01 | odds=3.5 | bankroll=0.80 | ROI=-99.9%
2026-05-03 22:27:04.935 | INFO     | betting.kelly:settle_bet:107 - [Bankroll] LOSS | stake=0.04 | odds=2.63 | bankroll=0.76 | ROI=-99.9%
2026-05-03 22:27:04.939 | INFO     | betting.kelly:settle_bet:107 - [Bankroll] WIN | stake=0.05 | odds=5.5 | bankroll=0.96 | ROI=-99.9%
2026-05-03 22:27:04.939 | INFO     | betting.kelly:settle_bet:107 - [Bankroll] LOSS | stake=0.01 | odds=4.2 | bankroll=0.95 | ROI=-99.9%
2026-05-03 22:27:04.939 | INFO     | betting.kelly:settle_bet:107 - [Bankroll] WIN | stake=0.05 | odds=2.2 | bankroll=1.01 | ROI=-99.9%
2026-05-03 22:27:04.940 | INFO     | betting.kelly:settle_bet:107 - [Bankroll] LOSS | stake=0.03 | odds=5.75 | bankroll=0.98 | ROI=-99.9%
2026-05-03 22:27:04.940 | INFO     | betting.kelly:settle_bet:107 - [Bankroll] LOSS | stake=0.02 | odds=7.5 | bankroll=0.96 | ROI=-99.9%
2026-05-03 22:27:04.941 | INFO     | betting.kelly:settle_bet:107 - [Bankroll] WIN | stake=0.06 | odds=3.75 | bankroll=1.12 | ROI=-99.9%
2026-05-03 22:27:04.941 | INFO     | betting.kelly:settle_bet:107 - [Bankroll] LOSS | stake=0.05 | odds=2.5 | bankroll=1.07 | ROI=-99.9%
2026-05-03 22:27:04.941 | INFO     | betting.kelly:settle_bet:107 - [Bankroll] LOSS | stake=0.03 | odds=7.5 | bankroll=1.04 | ROI=-99.9%
2026-05-03 22:27:04.941 | INFO     | betting.kelly:settle_bet:107 - [Bankroll] LOSS | stake=0.02 | odds=13.0 | bankroll=1.02 | ROI=-99.9%
2026-05-03 22:27:04.941 | INFO     | betting.kelly:settle_bet:107 - [Bankroll] WIN | stake=0.03 | odds=2.7 | bankroll=1.07 | ROI=-99.9%
2026-05-03 22:27:04.941 | INFO     | betting.kelly:settle_bet:107 - [Bankroll] LOSS | stake=0.01 | odds=2.6 | bankroll=1.06 | ROI=-99.9%
2026-05-03 22:27:04.941 | INFO     | betting.kelly:settle_bet:107 - [Bankroll] LOSS | stake=0.07 | odds=3.6 | bankroll=0.99 | ROI=-99.9%
2026-05-03 22:27:04.944 | INFO     | betting.kelly:settle_bet:107 - [Bankroll] WIN | stake=0.01 | odds=3.9 | bankroll=1.01 | ROI=-99.9%
2026-05-03 22:27:04.944 | INFO     | betting.kelly:settle_bet:107 - [Bankroll] LOSS | stake=0.01 | odds=4.75 | bankroll=1.00 | ROI=-99.9%
2026-05-03 22:27:04.944 | INFO     | betting.kelly:settle_bet:107 - [Bankroll] LOSS | stake=0.04 | odds=3.2 | bankroll=0.96 | ROI=-99.9%
2026-05-03 22:27:04.945 | INFO     | betting.kelly:settle_bet:107 - [Bankroll] LOSS | stake=0.00 | odds=3.7 | bankroll=0.96 | ROI=-99.9%
2026-05-03 22:27:04.945 | INFO     | betting.kelly:settle_bet:107 - [Bankroll] LOSS | stake=0.02 | odds=3.5 | bankroll=0.94 | ROI=-99.9%
2026-05-03 22:27:04.945 | INFO     | betting.kelly:settle_bet:107 - [Bankroll] LOSS | stake=0.06 | odds=9.5 | bankroll=0.88 | ROI=-99.9%
2026-05-03 22:27:04.946 | INFO     | betting.kelly:settle_bet:107 - [Bankroll] WIN | stake=0.03 | odds=6.5 | bankroll=1.04 | ROI=-99.9%
2026-05-03 22:27:04.946 | INFO     | betting.kelly:settle_bet:107 - [Bankroll] WIN | stake=0.02 | odds=2.5 | bankroll=1.07 | ROI=-99.9%
2026-05-03 22:27:04.946 | INFO     | betting.kelly:settle_bet:107 - [Bankroll] WIN | stake=0.02 | odds=3.5 | bankroll=1.11 | ROI=-99.9%
2026-05-03 22:27:04.946 | INFO     | betting.kelly:settle_bet:107 - [Bankroll] WIN | stake=0.06 | odds=4.1 | bankroll=1.30 | ROI=-99.9%
2026-05-03 22:27:04.947 | INFO     | betting.kelly:settle_bet:107 - [Bankroll] LOSS | stake=0.01 | odds=4.2 | bankroll=1.29 | ROI=-99.9%
2026-05-03 22:27:04.947 | INFO     | betting.kelly:settle_bet:107 - [Bankroll] LOSS | stake=0.08 | odds=9.0 | bankroll=1.21 | ROI=-99.9%
2026-05-03 22:27:04.947 | INFO     | betting.kelly:settle_bet:107 - [Bankroll] LOSS | stake=0.04 | odds=7.0 | bankroll=1.17 | ROI=-99.9%
2026-05-03 22:27:04.947 | INFO     | betting.kelly:settle_bet:107 - [Bankroll] LOSS | stake=0.01 | odds=4.33 | bankroll=1.16 | ROI=-99.9%
2026-05-03 22:27:04.947 | INFO     | betting.kelly:settle_bet:107 - [Bankroll] LOSS | stake=0.02 | odds=4.75 | bankroll=1.14 | ROI=-99.9%
2026-05-03 22:27:04.947 | INFO     | betting.kelly:settle_bet:107 - [Bankroll] LOSS | stake=0.02 | odds=5.25 | bankroll=1.12 | ROI=-99.9%
2026-05-03 22:27:04.947 | INFO     | betting.kelly:settle_bet:107 - [Bankroll] LOSS | stake=0.01 | odds=6.5 | bankroll=1.11 | ROI=-99.9%
2026-05-03 22:27:04.947 | INFO     | betting.kelly:settle_bet:107 - [Bankroll] LOSS | stake=0.03 | odds=5.5 | bankroll=1.08 | ROI=-99.9%
2026-05-03 22:27:04.947 | INFO     | betting.kelly:settle_bet:107 - [Bankroll] LOSS | stake=0.01 | odds=6.5 | bankroll=1.07 | ROI=-99.9%
2026-05-03 22:27:04.947 | INFO     | betting.kelly:settle_bet:107 - [Bankroll] LOSS | stake=0.07 | odds=2.7 | bankroll=1.00 | ROI=-99.9%
2026-05-03 22:27:04.947 | INFO     | betting.kelly:settle_bet:107 - [Bankroll] WIN | stake=0.01 | odds=2.7 | bankroll=1.02 | ROI=-99.9%
2026-05-03 22:27:04.950 | INFO     | betting.kelly:settle_bet:107 - [Bankroll] LOSS | stake=0.02 | odds=6.5 | bankroll=1.00 | ROI=-99.9%
2026-05-03 22:27:04.950 | INFO     | betting.kelly:settle_bet:107 - [Bankroll] WIN | stake=0.02 | odds=9.0 | bankroll=1.16 | ROI=-99.9%
2026-05-03 22:27:04.950 | INFO     | betting.kelly:settle_bet:107 - [Bankroll] LOSS | stake=0.07 | odds=3.25 | bankroll=1.09 | ROI=-99.9%
2026-05-03 22:27:04.951 | INFO     | betting.kelly:settle_bet:107 - [Bankroll] LOSS | stake=0.01 | odds=4.0 | bankroll=1.08 | ROI=-99.9%
2026-05-03 22:27:04.951 | INFO     | betting.kelly:settle_bet:107 - [Bankroll] LOSS | stake=0.04 | odds=10.0 | bankroll=1.04 | ROI=-99.9%
2026-05-03 22:27:04.951 | INFO     | betting.kelly:settle_bet:107 - [Bankroll] LOSS | stake=0.02 | odds=15.0 | bankroll=1.02 | ROI=-99.9%
2026-05-03 22:27:04.951 | INFO     | betting.kelly:settle_bet:107 - [Bankroll] LOSS | stake=0.03 | odds=6.5 | bankroll=0.99 | ROI=-99.9%
2026-05-03 22:27:04.952 | INFO     | betting.kelly:settle_bet:107 - [Bankroll] LOSS | stake=0.03 | odds=15.0 | bankroll=0.96 | ROI=-99.9%
2026-05-03 22:27:04.952 | INFO     | betting.kelly:settle_bet:107 - [Bankroll] LOSS | stake=0.00 | odds=3.2 | bankroll=0.96 | ROI=-99.9%
2026-05-03 22:27:04.952 | INFO     | betting.kelly:settle_bet:107 - [Bankroll] WIN | stake=0.03 | odds=3.4 | bankroll=1.04 | ROI=-99.9%
2026-05-03 22:27:04.953 | INFO     | betting.kelly:settle_bet:107 - [Bankroll] LOSS | stake=0.01 | odds=4.75 | bankroll=1.03 | ROI=-99.9%
2026-05-03 22:27:04.953 | INFO     | betting.kelly:settle_bet:107 - [Bankroll] LOSS | stake=0.04 | odds=2.88 | bankroll=0.99 | ROI=-99.9%
2026-05-03 22:27:04.953 | INFO     | betting.kelly:settle_bet:107 - [Bankroll] LOSS | stake=0.03 | odds=6.0 | bankroll=0.96 | ROI=-99.9%
2026-05-03 22:27:04.953 | INFO     | betting.kelly:settle_bet:107 - [Bankroll] LOSS | stake=0.05 | odds=9.0 | bankroll=0.91 | ROI=-99.9%
2026-05-03 22:27:04.953 | INFO     | betting.kelly:settle_bet:107 - [Bankroll] WIN | stake=0.03 | odds=2.8 | bankroll=0.96 | ROI=-99.9%
2026-05-03 22:27:04.953 | INFO     | betting.kelly:settle_bet:107 - [Bankroll] LOSS | stake=0.01 | odds=4.1 | bankroll=0.95 | ROI=-99.9%
2026-05-03 22:27:04.953 | INFO     | betting.kelly:settle_bet:107 - [Bankroll] LOSS | stake=0.01 | odds=4.5 | bankroll=0.94 | ROI=-99.9%
2026-05-03 22:27:04.953 | INFO     | betting.kelly:settle_bet:107 - [Bankroll] LOSS | stake=0.03 | odds=6.5 | bankroll=0.91 | ROI=-99.9%
2026-05-03 22:27:04.953 | INFO     | betting.kelly:settle_bet:107 - [Bankroll] LOSS | stake=0.01 | odds=4.75 | bankroll=0.90 | ROI=-99.9%
2026-05-03 22:27:04.953 | INFO     | betting.kelly:settle_bet:107 - [Bankroll] LOSS | stake=0.01 | odds=4.75 | bankroll=0.89 | ROI=-99.9%
2026-05-03 22:27:04.953 | INFO     | betting.kelly:settle_bet:107 - [Bankroll] LOSS | stake=0.02 | odds=9.0 | bankroll=0.87 | ROI=-99.9%
2026-05-03 22:27:04.953 | INFO     | betting.kelly:settle_bet:107 - [Bankroll] LOSS | stake=0.01 | odds=4.2 | bankroll=0.86 | ROI=-99.9%
2026-05-03 22:27:04.953 | INFO     | betting.kelly:settle_bet:107 - [Bankroll] LOSS | stake=0.04 | odds=3.1 | bankroll=0.82 | ROI=-99.9%
2026-05-03 22:27:04.953 | INFO     | betting.kelly:settle_bet:107 - [Bankroll] LOSS | stake=0.02 | odds=5.25 | bankroll=0.80 | ROI=-99.9%
2026-05-03 22:27:04.953 | INFO     | betting.kelly:settle_bet:107 - [Bankroll] LOSS | stake=0.00 | odds=3.8 | bankroll=0.80 | ROI=-99.9%
2026-05-03 22:27:04.957 | INFO     | betting.kelly:settle_bet:107 - [Bankroll] LOSS | stake=0.03 | odds=11.0 | bankroll=0.77 | ROI=-99.9%
2026-05-03 22:27:04.958 | INFO     | betting.kelly:settle_bet:107 - [Bankroll] LOSS | stake=0.02 | odds=5.75 | bankroll=0.75 | ROI=-99.9%
2026-05-03 22:27:04.958 | INFO     | betting.kelly:settle_bet:107 - [Bankroll] LOSS | stake=0.02 | odds=4.5 | bankroll=0.73 | ROI=-99.9%
2026-05-03 22:27:04.958 | INFO     | betting.kelly:settle_bet:107 - [Bankroll] WIN | stake=0.02 | odds=6.0 | bankroll=0.85 | ROI=-99.9%
2026-05-03 22:27:04.958 | INFO     | betting.kelly:settle_bet:107 - [Bankroll] WIN | stake=0.01 | odds=5.0 | bankroll=0.90 | ROI=-99.9%
2026-05-03 22:27:04.959 | INFO     | betting.kelly:settle_bet:107 - [Bankroll] LOSS | stake=0.01 | odds=7.5 | bankroll=0.89 | ROI=-99.9%
2026-05-03 22:27:04.959 | INFO     | betting.kelly:settle_bet:107 - [Bankroll] LOSS | stake=0.00 | odds=5.25 | bankroll=0.89 | ROI=-99.9%
2026-05-03 22:27:04.959 | INFO     | betting.kelly:settle_bet:107 - [Bankroll] WIN | stake=0.01 | odds=2.4 | bankroll=0.91 | ROI=-99.9%
2026-05-03 22:27:04.959 | INFO     | betting.kelly:settle_bet:107 - [Bankroll] LOSS | stake=0.05 | odds=4.75 | bankroll=0.86 | ROI=-99.9%
2026-05-03 22:27:04.961 | INFO     | betting.kelly:settle_bet:107 - [Bankroll] LOSS | stake=0.00 | odds=3.7 | bankroll=0.86 | ROI=-99.9%
2026-05-03 22:27:04.961 | INFO     | betting.kelly:settle_bet:107 - [Bankroll] LOSS | stake=0.01 | odds=2.9 | bankroll=0.85 | ROI=-99.9%
2026-05-03 22:27:04.961 | INFO     | betting.kelly:settle_bet:107 - [Bankroll] WIN | stake=0.00 | odds=3.6 | bankroll=0.86 | ROI=-99.9%
2026-05-03 22:27:04.962 | INFO     | betting.kelly:settle_bet:107 - [Bankroll] LOSS | stake=0.00 | odds=4.2 | bankroll=0.86 | ROI=-99.9%
2026-05-03 22:27:04.962 | INFO     | betting.kelly:settle_bet:107 - [Bankroll] LOSS | stake=0.02 | odds=1.7 | bankroll=0.84 | ROI=-99.9%
2026-05-03 22:27:04.962 | INFO     | betting.kelly:settle_bet:107 - [Bankroll] WIN | stake=0.02 | odds=1.95 | bankroll=0.86 | ROI=-99.9%
2026-05-03 22:27:04.963 | INFO     | betting.kelly:settle_bet:107 - [Bankroll] LOSS | stake=0.05 | odds=4.75 | bankroll=0.81 | ROI=-99.9%
2026-05-03 22:27:04.963 | INFO     | betting.kelly:settle_bet:107 - [Bankroll] LOSS | stake=0.02 | odds=3.0 | bankroll=0.79 | ROI=-99.9%
2026-05-03 22:27:04.963 | INFO     | betting.kelly:settle_bet:107 - [Bankroll] LOSS | stake=0.01 | odds=4.0 | bankroll=0.78 | ROI=-99.9%
2026-05-03 22:27:04.963 | INFO     | betting.kelly:settle_bet:107 - [Bankroll] LOSS | stake=0.04 | odds=4.5 | bankroll=0.74 | ROI=-99.9%
2026-05-03 22:27:04.963 | INFO     | betting.kelly:settle_bet:107 - [Bankroll] LOSS | stake=0.05 | odds=7.0 | bankroll=0.69 | ROI=-99.9%
2026-05-03 22:27:04.964 | INFO     | betting.kelly:settle_bet:107 - [Bankroll] LOSS | stake=0.02 | odds=4.5 | bankroll=0.67 | ROI=-99.9%
2026-05-03 22:27:04.964 | INFO     | betting.kelly:settle_bet:107 - [Bankroll] LOSS | stake=0.03 | odds=3.7 | bankroll=0.64 | ROI=-99.9%
2026-05-03 22:27:04.964 | INFO     | betting.kelly:settle_bet:107 - [Bankroll] LOSS | stake=0.01 | odds=4.2 | bankroll=0.63 | ROI=-99.9%
2026-05-03 22:27:04.964 | INFO     | betting.kelly:settle_bet:107 - [Bankroll] LOSS | stake=0.01 | odds=6.0 | bankroll=0.62 | ROI=-99.9%
2026-05-03 22:27:04.965 | INFO     | betting.kelly:settle_bet:107 - [Bankroll] WIN | stake=0.02 | odds=2.1 | bankroll=0.64 | ROI=-99.9%
2026-05-03 22:27:04.965 | INFO     | betting.kelly:settle_bet:107 - [Bankroll] LOSS | stake=0.01 | odds=4.1 | bankroll=0.63 | ROI=-99.9%
2026-05-03 22:27:04.965 | INFO     | betting.kelly:settle_bet:107 - [Bankroll] LOSS | stake=0.01 | odds=4.5 | bankroll=0.62 | ROI=-99.9%
2026-05-03 22:27:04.965 | INFO     | betting.kelly:settle_bet:107 - [Bankroll] WIN | stake=0.01 | odds=4.5 | bankroll=0.66 | ROI=-99.9%
2026-05-03 22:27:04.965 | INFO     | betting.kelly:settle_bet:107 - [Bankroll] LOSS | stake=0.01 | odds=4.1 | bankroll=0.65 | ROI=-99.9%
2026-05-03 22:27:04.967 | INFO     | betting.kelly:settle_bet:107 - [Bankroll] WIN | stake=0.03 | odds=2.35 | bankroll=0.69 | ROI=-99.9%
2026-05-03 22:27:04.967 | INFO     | betting.kelly:settle_bet:107 - [Bankroll] WIN | stake=0.02 | odds=2.9 | bankroll=0.73 | ROI=-99.9%
2026-05-03 22:27:04.968 | INFO     | betting.kelly:settle_bet:107 - [Bankroll] LOSS | stake=0.01 | odds=4.75 | bankroll=0.72 | ROI=-99.9%
2026-05-03 22:27:04.968 | INFO     | betting.kelly:settle_bet:107 - [Bankroll] LOSS | stake=0.01 | odds=9.0 | bankroll=0.71 | ROI=-99.9%
2026-05-03 22:27:04.968 | INFO     | betting.kelly:settle_bet:107 - [Bankroll] LOSS | stake=0.04 | odds=4.2 | bankroll=0.67 | ROI=-99.9%
2026-05-03 22:27:04.968 | INFO     | betting.kelly:settle_bet:107 - [Bankroll] WIN | stake=0.00 | odds=4.0 | bankroll=0.68 | ROI=-99.9%
2026-05-03 22:27:04.968 | INFO     | betting.kelly:settle_bet:107 - [Bankroll] WIN | stake=0.02 | odds=2.1 | bankroll=0.71 | ROI=-99.9%
2026-05-03 22:27:04.968 | INFO     | betting.kelly:settle_bet:107 - [Bankroll] LOSS | stake=0.02 | odds=4.33 | bankroll=0.69 | ROI=-99.9%
2026-05-03 22:27:04.968 | INFO     | betting.kelly:settle_bet:107 - [Bankroll] LOSS | stake=0.00 | odds=4.5 | bankroll=0.69 | ROI=-99.9%
2026-05-03 22:27:04.968 | INFO     | betting.kelly:settle_bet:107 - [Bankroll] LOSS | stake=0.01 | odds=7.0 | bankroll=0.68 | ROI=-99.9%
2026-05-03 22:27:04.968 | INFO     | betting.kelly:settle_bet:107 - [Bankroll] LOSS | stake=0.02 | odds=8.5 | bankroll=0.66 | ROI=-99.9%
2026-05-03 22:27:04.968 | INFO     | betting.kelly:settle_bet:107 - [Bankroll] LOSS | stake=0.01 | odds=5.25 | bankroll=0.65 | ROI=-99.9%
2026-05-03 22:27:04.968 | INFO     | betting.kelly:settle_bet:107 - [Bankroll] WIN | stake=0.03 | odds=2.63 | bankroll=0.69 | ROI=-99.9%
2026-05-03 22:27:04.968 | INFO     | betting.kelly:settle_bet:107 - [Bankroll] LOSS | stake=0.00 | odds=2.88 | bankroll=0.69 | ROI=-99.9%
2026-05-03 22:27:04.968 | INFO     | betting.kelly:settle_bet:107 - [Bankroll] WIN | stake=0.01 | odds=1.8 | bankroll=0.70 | ROI=-99.9%
2026-05-03 22:27:04.968 | INFO     | betting.kelly:settle_bet:107 - [Bankroll] WIN | stake=0.04 | odds=2.88 | bankroll=0.77 | ROI=-99.9%
2026-05-03 22:27:04.971 | INFO     | betting.kelly:settle_bet:107 - [Bankroll] LOSS | stake=0.00 | odds=3.75 | bankroll=0.77 | ROI=-99.9%
2026-05-03 22:27:04.971 | INFO     | betting.kelly:settle_bet:107 - [Bankroll] LOSS | stake=0.04 | odds=5.75 | bankroll=0.73 | ROI=-99.9%
2026-05-03 22:27:04.971 | INFO     | betting.kelly:settle_bet:107 - [Bankroll] LOSS | stake=0.00 | odds=4.2 | bankroll=0.73 | ROI=-99.9%
2026-05-03 22:27:04.971 | INFO     | betting.kelly:settle_bet:107 - [Bankroll] LOSS | stake=0.02 | odds=6.5 | bankroll=0.71 | ROI=-99.9%
2026-05-03 22:27:04.971 | INFO     | betting.kelly:settle_bet:107 - [Bankroll] LOSS | stake=0.01 | odds=10.0 | bankroll=0.70 | ROI=-99.9%
2026-05-03 22:27:04.971 | INFO     | betting.kelly:settle_bet:107 - [Bankroll] LOSS | stake=0.04 | odds=5.5 | bankroll=0.66 | ROI=-99.9%
2026-05-03 22:27:04.971 | INFO     | betting.kelly:settle_bet:107 - [Bankroll] WIN | stake=0.01 | odds=4.2 | bankroll=0.68 | ROI=-99.9%
2026-05-03 22:27:04.971 | INFO     | betting.kelly:settle_bet:107 - [Bankroll] LOSS | stake=0.03 | odds=11.0 | bankroll=0.65 | ROI=-99.9%
2026-05-03 22:27:04.971 | INFO     | betting.kelly:settle_bet:107 - [Bankroll] LOSS | stake=0.03 | odds=19.0 | bankroll=0.62 | ROI=-99.9%
2026-05-03 22:27:04.971 | INFO     | betting.kelly:settle_bet:107 - [Bankroll] LOSS | stake=0.04 | odds=3.2 | bankroll=0.58 | ROI=-99.9%
2026-05-03 22:27:04.971 | INFO     | betting.kelly:settle_bet:107 - [Bankroll] LOSS | stake=0.01 | odds=2.1 | bankroll=0.57 | ROI=-99.9%
2026-05-03 22:27:04.974 | INFO     | betting.kelly:settle_bet:107 - [Bankroll] LOSS | stake=0.01 | odds=5.5 | bankroll=0.56 | ROI=-99.9%
2026-05-03 22:27:04.974 | INFO     | betting.kelly:settle_bet:107 - [Bankroll] LOSS | stake=0.00 | odds=7.0 | bankroll=0.56 | ROI=-99.9%
2026-05-03 22:27:04.974 | INFO     | betting.kelly:settle_bet:107 - [Bankroll] LOSS | stake=0.03 | odds=3.5 | bankroll=0.53 | ROI=-99.9%
2026-05-03 22:27:04.974 | INFO     | betting.kelly:settle_bet:107 - [Bankroll] LOSS | stake=0.03 | odds=2.7 | bankroll=0.50 | ROI=-100.0%
2026-05-03 22:27:04.975 | INFO     | betting.kelly:settle_bet:107 - [Bankroll] LOSS | stake=0.03 | odds=4.5 | bankroll=0.47 | ROI=-100.0%
2026-05-03 22:27:04.975 | INFO     | betting.kelly:settle_bet:107 - [Bankroll] WIN | stake=0.01 | odds=2.0 | bankroll=0.48 | ROI=-100.0%
2026-05-03 22:27:04.975 | INFO     | betting.kelly:settle_bet:107 - [Bankroll] LOSS | stake=0.00 | odds=3.5 | bankroll=0.48 | ROI=-100.0%
2026-05-03 22:27:04.975 | INFO     | betting.kelly:settle_bet:107 - [Bankroll] LOSS | stake=0.03 | odds=5.0 | bankroll=0.45 | ROI=-100.0%
2026-05-03 22:27:04.975 | INFO     | betting.kelly:settle_bet:107 - [Bankroll] WIN | stake=0.00 | odds=4.33 | bankroll=0.46 | ROI=-100.0%
2026-05-03 22:27:04.976 | INFO     | betting.kelly:settle_bet:107 - [Bankroll] LOSS | stake=0.00 | odds=3.9 | bankroll=0.46 | ROI=-100.0%
2026-05-03 22:27:04.976 | INFO     | betting.kelly:settle_bet:107 - [Bankroll] LOSS | stake=0.01 | odds=3.75 | bankroll=0.45 | ROI=-100.0%
2026-05-03 22:27:04.976 | INFO     | betting.kelly:settle_bet:107 - [Bankroll] WIN | stake=0.01 | odds=5.5 | bankroll=0.48 | ROI=-100.0%
2026-05-03 22:27:04.976 | INFO     | betting.kelly:settle_bet:107 - [Bankroll] LOSS | stake=0.00 | odds=8.0 | bankroll=0.48 | ROI=-100.0%
2026-05-03 22:27:04.976 | INFO     | betting.kelly:settle_bet:107 - [Bankroll] LOSS | stake=0.01 | odds=6.0 | bankroll=0.47 | ROI=-100.0%
2026-05-03 22:27:04.977 | INFO     | betting.kelly:settle_bet:107 - [Bankroll] LOSS | stake=0.01 | odds=8.5 | bankroll=0.46 | ROI=-100.0%
2026-05-03 22:27:04.977 | INFO     | betting.kelly:settle_bet:107 - [Bankroll] WIN | stake=0.02 | odds=6.5 | bankroll=0.55 | ROI=-99.9%
2026-05-03 22:27:04.977 | INFO     | betting.kelly:settle_bet:107 - [Bankroll] LOSS | stake=0.02 | odds=12.0 | bankroll=0.53 | ROI=-99.9%
2026-05-03 22:27:04.977 | INFO     | betting.kelly:settle_bet:107 - [Bankroll] WIN | stake=0.03 | odds=6.5 | bankroll=0.69 | ROI=-99.9%
2026-05-03 22:27:04.977 | INFO     | betting.kelly:settle_bet:107 - [Bankroll] LOSS | stake=0.01 | odds=4.5 | bankroll=0.68 | ROI=-99.9%
2026-05-03 22:27:04.978 | INFO     | betting.kelly:settle_bet:107 - [Bankroll] LOSS | stake=0.01 | odds=5.75 | bankroll=0.67 | ROI=-99.9%
2026-05-03 22:27:04.978 | INFO     | betting.kelly:settle_bet:107 - [Bankroll] LOSS | stake=0.00 | odds=3.8 | bankroll=0.67 | ROI=-99.9%
2026-05-03 22:27:04.979 | INFO     | betting.kelly:settle_bet:107 - [Bankroll] WIN | stake=0.01 | odds=6.0 | bankroll=0.72 | ROI=-99.9%
2026-05-03 22:27:04.979 | INFO     | betting.kelly:settle_bet:107 - [Bankroll] LOSS | stake=0.02 | odds=2.63 | bankroll=0.70 | ROI=-99.9%
2026-05-03 22:27:04.979 | INFO     | betting.kelly:settle_bet:107 - [Bankroll] LOSS | stake=0.01 | odds=4.75 | bankroll=0.69 | ROI=-99.9%
2026-05-03 22:27:04.979 | INFO     | betting.kelly:settle_bet:107 - [Bankroll] LOSS | stake=0.03 | odds=6.5 | bankroll=0.66 | ROI=-99.9%
2026-05-03 22:27:04.979 | INFO     | betting.kelly:settle_bet:107 - [Bankroll] LOSS | stake=0.00 | odds=4.5 | bankroll=0.66 | ROI=-99.9%
2026-05-03 22:27:04.979 | INFO     | betting.kelly:settle_bet:107 - [Bankroll] LOSS | stake=0.02 | odds=6.0 | bankroll=0.64 | ROI=-99.9%
2026-05-03 22:27:04.979 | INFO     | betting.kelly:settle_bet:107 - [Bankroll] LOSS | stake=0.03 | odds=7.5 | bankroll=0.61 | ROI=-99.9%
2026-05-03 22:27:04.979 | INFO     | betting.kelly:settle_bet:107 - [Bankroll] LOSS | stake=0.01 | odds=4.0 | bankroll=0.60 | ROI=-99.9%
2026-05-03 22:27:04.979 | INFO     | betting.kelly:settle_bet:107 - [Bankroll] LOSS | stake=0.01 | odds=3.2 | bankroll=0.59 | ROI=-99.9%
2026-05-03 22:27:04.979 | INFO     | betting.kelly:settle_bet:107 - [Bankroll] LOSS | stake=0.03 | odds=4.33 | bankroll=0.56 | ROI=-99.9%
2026-05-03 22:27:04.979 | INFO     | betting.kelly:settle_bet:107 - [Bankroll] LOSS | stake=0.01 | odds=4.5 | bankroll=0.55 | ROI=-99.9%
2026-05-03 22:27:04.979 | INFO     | betting.kelly:settle_bet:107 - [Bankroll] LOSS | stake=0.00 | odds=3.8 | bankroll=0.55 | ROI=-99.9%
2026-05-03 22:27:04.979 | INFO     | betting.kelly:settle_bet:107 - [Bankroll] WIN | stake=0.01 | odds=3.9 | bankroll=0.57 | ROI=-99.9%
2026-05-03 22:27:04.979 | INFO     | betting.kelly:settle_bet:107 - [Bankroll] LOSS | stake=0.00 | odds=4.0 | bankroll=0.57 | ROI=-99.9%
2026-05-03 22:27:04.979 | INFO     | betting.kelly:settle_bet:107 - [Bankroll] WIN | stake=0.01 | odds=5.0 | bankroll=0.60 | ROI=-99.9%
2026-05-03 22:27:04.979 | INFO     | betting.kelly:settle_bet:107 - [Bankroll] LOSS | stake=0.00 | odds=6.0 | bankroll=0.60 | ROI=-99.9%
2026-05-03 22:27:04.979 | INFO     | betting.kelly:settle_bet:107 - [Bankroll] WIN | stake=0.00 | odds=4.0 | bankroll=0.61 | ROI=-99.9%
2026-05-03 22:27:04.979 | INFO     | betting.kelly:settle_bet:107 - [Bankroll] LOSS | stake=0.01 | odds=4.75 | bankroll=0.60 | ROI=-99.9%
2026-05-03 22:27:04.982 | INFO     | betting.kelly:settle_bet:107 - [Bankroll] LOSS | stake=0.02 | odds=7.5 | bankroll=0.58 | ROI=-99.9%
2026-05-03 22:27:04.982 | INFO     | betting.kelly:settle_bet:107 - [Bankroll] LOSS | stake=0.02 | odds=11.0 | bankroll=0.56 | ROI=-99.9%
2026-05-03 22:27:04.982 | INFO     | betting.kelly:settle_bet:107 - [Bankroll] WIN | stake=0.04 | odds=3.0 | bankroll=0.63 | ROI=-99.9%
2026-05-03 22:27:04.982 | INFO     | betting.kelly:settle_bet:107 - [Bankroll] LOSS | stake=0.01 | odds=2.3 | bankroll=0.62 | ROI=-99.9%
2026-05-03 22:27:04.983 | INFO     | betting.kelly:settle_bet:107 - [Bankroll] LOSS | stake=0.01 | odds=4.75 | bankroll=0.61 | ROI=-99.9%
2026-05-03 22:27:04.983 | INFO     | betting.kelly:settle_bet:107 - [Bankroll] WIN | stake=0.00 | odds=6.5 | bankroll=0.62 | ROI=-99.9%
2026-05-03 22:27:04.983 | INFO     | betting.kelly:settle_bet:107 - [Bankroll] LOSS | stake=0.01 | odds=5.0 | bankroll=0.61 | ROI=-99.9%
2026-05-03 22:27:04.983 | INFO     | betting.kelly:settle_bet:107 - [Bankroll] LOSS | stake=0.01 | odds=7.5 | bankroll=0.60 | ROI=-99.9%
2026-05-03 22:27:04.983 | INFO     | betting.kelly:settle_bet:107 - [Bankroll] WIN | stake=0.01 | odds=2.05 | bankroll=0.61 | ROI=-99.9%
2026-05-03 22:27:04.983 | INFO     | betting.kelly:settle_bet:107 - [Bankroll] LOSS | stake=0.01 | odds=2.35 | bankroll=0.60 | ROI=-99.9%
2026-05-03 22:27:04.985 | INFO     | betting.kelly:settle_bet:107 - [Bankroll] LOSS | stake=0.04 | odds=6.25 | bankroll=0.56 | ROI=-99.9%
2026-05-03 22:27:04.985 | INFO     | betting.kelly:settle_bet:107 - [Bankroll] LOSS | stake=0.00 | odds=4.2 | bankroll=0.56 | ROI=-99.9%
2026-05-03 22:27:04.985 | INFO     | betting.kelly:settle_bet:107 - [Bankroll] LOSS | stake=0.00 | odds=3.6 | bankroll=0.56 | ROI=-99.9%
2026-05-03 22:27:04.985 | INFO     | betting.kelly:settle_bet:107 - [Bankroll] WIN | stake=0.04 | odds=3.25 | bankroll=0.64 | ROI=-99.9%
2026-05-03 22:27:04.986 | INFO     | betting.kelly:settle_bet:107 - [Bankroll] LOSS | stake=0.02 | odds=5.0 | bankroll=0.62 | ROI=-99.9%
2026-05-03 22:27:04.986 | INFO     | betting.kelly:settle_bet:107 - [Bankroll] LOSS | stake=0.01 | odds=2.55 | bankroll=0.61 | ROI=-99.9%
2026-05-03 22:27:04.986 | INFO     | betting.kelly:settle_bet:107 - [Bankroll] WIN | stake=0.01 | odds=4.75 | bankroll=0.63 | ROI=-99.9%
2026-05-03 22:27:04.986 | INFO     | betting.kelly:settle_bet:107 - [Bankroll] LOSS | stake=0.00 | odds=7.0 | bankroll=0.63 | ROI=-99.9%
2026-05-03 22:27:04.987 | INFO     | betting.kelly:settle_bet:107 - [Bankroll] LOSS | stake=0.00 | odds=3.8 | bankroll=0.63 | ROI=-99.9%
2026-05-03 22:27:04.987 | INFO     | betting.kelly:settle_bet:107 - [Bankroll] WIN | stake=0.04 | odds=2.3 | bankroll=0.68 | ROI=-99.9%
2026-05-03 22:27:04.987 | INFO     | betting.kelly:settle_bet:107 - [Bankroll] WIN | stake=0.03 | odds=2.2 | bankroll=0.71 | ROI=-99.9%
2026-05-03 22:27:04.987 | INFO     | betting.kelly:settle_bet:107 - [Bankroll] WIN | stake=0.01 | odds=3.9 | bankroll=0.75 | ROI=-99.9%
2026-05-03 22:27:04.987 | INFO     | betting.kelly:settle_bet:107 - [Bankroll] LOSS | stake=0.03 | odds=12.0 | bankroll=0.72 | ROI=-99.9%
2026-05-03 22:27:04.987 | INFO     | betting.kelly:settle_bet:107 - [Bankroll] LOSS | stake=0.02 | odds=23.0 | bankroll=0.70 | ROI=-99.9%
2026-05-03 22:27:04.988 | INFO     | betting.kelly:settle_bet:107 - [Bankroll] WIN | stake=0.02 | odds=5.5 | bankroll=0.79 | ROI=-99.9%
2026-05-03 22:27:04.988 | INFO     | betting.kelly:settle_bet:107 - [Bankroll] LOSS | stake=0.02 | odds=7.5 | bankroll=0.77 | ROI=-99.9%
2026-05-03 22:27:04.988 | INFO     | betting.kelly:settle_bet:107 - [Bankroll] LOSS | stake=0.02 | odds=4.75 | bankroll=0.75 | ROI=-99.9%
2026-05-03 22:27:04.989 | INFO     | betting.kelly:settle_bet:107 - [Bankroll] WIN | stake=0.02 | odds=6.0 | bankroll=0.85 | ROI=-99.9%
2026-05-03 22:27:04.989 | INFO     | betting.kelly:settle_bet:107 - [Bankroll] WIN | stake=0.01 | odds=3.8 | bankroll=0.86 | ROI=-99.9%
2026-05-03 22:27:04.989 | INFO     | betting.kelly:settle_bet:107 - [Bankroll] WIN | stake=0.05 | odds=2.3 | bankroll=0.93 | ROI=-99.9%
2026-05-03 22:27:04.990 | INFO     | betting.kelly:settle_bet:107 - [Bankroll] LOSS | stake=0.00 | odds=3.5 | bankroll=0.93 | ROI=-99.9%
2026-05-03 22:27:04.990 | INFO     | betting.kelly:settle_bet:107 - [Bankroll] LOSS | stake=0.03 | odds=9.0 | bankroll=0.90 | ROI=-99.9%
2026-05-03 22:27:04.990 | INFO     | betting.kelly:settle_bet:107 - [Bankroll] LOSS | stake=0.02 | odds=15.0 | bankroll=0.88 | ROI=-99.9%
2026-05-03 22:27:04.990 | INFO     | betting.kelly:settle_bet:107 - [Bankroll] WIN | stake=0.01 | odds=4.33 | bankroll=0.92 | ROI=-99.9%
2026-05-03 22:27:04.991 | INFO     | betting.kelly:settle_bet:107 - [Bankroll] LOSS | stake=0.03 | odds=4.75 | bankroll=0.89 | ROI=-99.9%
2026-05-03 22:27:04.991 | INFO     | betting.kelly:settle_bet:107 - [Bankroll] LOSS | stake=0.02 | odds=7.5 | bankroll=0.87 | ROI=-99.9%
2026-05-03 22:27:04.991 | INFO     | betting.kelly:settle_bet:107 - [Bankroll] LOSS | stake=0.02 | odds=5.5 | bankroll=0.85 | ROI=-99.9%
2026-05-03 22:27:04.991 | INFO     | betting.kelly:settle_bet:107 - [Bankroll] WIN | stake=0.02 | odds=5.0 | bankroll=0.91 | ROI=-99.9%
2026-05-03 22:27:04.991 | INFO     | betting.kelly:settle_bet:107 - [Bankroll] LOSS | stake=0.06 | odds=2.3 | bankroll=0.85 | ROI=-99.9%
2026-05-03 22:27:04.991 | INFO     | betting.kelly:settle_bet:107 - [Bankroll] LOSS | stake=0.04 | odds=7.0 | bankroll=0.81 | ROI=-99.9%
2026-05-03 22:27:04.991 | INFO     | betting.kelly:settle_bet:107 - [Bankroll] LOSS | stake=0.02 | odds=5.0 | bankroll=0.79 | ROI=-99.9%
2026-05-03 22:27:04.991 | INFO     | betting.kelly:settle_bet:107 - [Bankroll] LOSS | stake=0.01 | odds=2.75 | bankroll=0.78 | ROI=-99.9%
2026-05-03 22:27:04.991 | INFO     | betting.kelly:settle_bet:107 - [Bankroll] WIN | stake=0.01 | odds=6.5 | bankroll=0.83 | ROI=-99.9%
2026-05-03 22:27:04.991 | INFO     | betting.kelly:settle_bet:107 - [Bankroll] LOSS | stake=0.01 | odds=4.75 | bankroll=0.82 | ROI=-99.9%
2026-05-03 22:27:04.991 | INFO     | betting.kelly:settle_bet:107 - [Bankroll] LOSS | stake=0.05 | odds=6.5 | bankroll=0.77 | ROI=-99.9%
2026-05-03 22:27:04.991 | INFO     | betting.kelly:settle_bet:107 - [Bankroll] LOSS | stake=0.01 | odds=4.75 | bankroll=0.76 | ROI=-99.9%
2026-05-03 22:27:04.991 | INFO     | betting.kelly:settle_bet:107 - [Bankroll] LOSS | stake=0.01 | odds=3.75 | bankroll=0.75 | ROI=-99.9%
2026-05-03 22:27:04.991 | INFO     | betting.kelly:settle_bet:107 - [Bankroll] LOSS | stake=0.02 | odds=4.75 | bankroll=0.73 | ROI=-99.9%
2026-05-03 22:27:04.994 | INFO     | betting.kelly:settle_bet:107 - [Bankroll] WIN | stake=0.03 | odds=2.25 | bankroll=0.76 | ROI=-99.9%
2026-05-03 22:27:04.994 | INFO     | betting.kelly:settle_bet:107 - [Bankroll] LOSS | stake=0.01 | odds=5.5 | bankroll=0.75 | ROI=-99.9%
2026-05-03 22:27:04.994 | INFO     | betting.kelly:settle_bet:107 - [Bankroll] LOSS | stake=0.02 | odds=8.5 | bankroll=0.73 | ROI=-99.9%
2026-05-03 22:27:04.994 | INFO     | betting.kelly:settle_bet:107 - [Bankroll] LOSS | stake=0.03 | odds=3.8 | bankroll=0.70 | ROI=-99.9%
2026-05-03 22:27:04.994 | INFO     | betting.kelly:settle_bet:107 - [Bankroll] WIN | stake=0.04 | odds=2.4 | bankroll=0.76 | ROI=-99.9%
2026-05-03 22:27:04.995 | INFO     | betting.kelly:settle_bet:107 - [Bankroll] LOSS | stake=0.02 | odds=6.25 | bankroll=0.74 | ROI=-99.9%
2026-05-03 22:27:04.995 | INFO     | betting.kelly:settle_bet:107 - [Bankroll] LOSS | stake=0.01 | odds=7.5 | bankroll=0.73 | ROI=-99.9%
2026-05-03 22:27:04.995 | INFO     | betting.kelly:settle_bet:107 - [Bankroll] LOSS | stake=0.05 | odds=4.33 | bankroll=0.68 | ROI=-99.9%
2026-05-03 22:27:04.995 | INFO     | betting.kelly:settle_bet:107 - [Bankroll] WIN | stake=0.02 | odds=6.25 | bankroll=0.76 | ROI=-99.9%
2026-05-03 22:27:04.995 | INFO     | betting.kelly:settle_bet:107 - [Bankroll] LOSS | stake=0.01 | odds=8.0 | bankroll=0.75 | ROI=-99.9%
2026-05-03 22:27:04.995 | INFO     | betting.kelly:settle_bet:107 - [Bankroll] WIN | stake=0.01 | odds=4.2 | bankroll=0.79 | ROI=-99.9%
2026-05-03 22:27:04.995 | INFO     | betting.kelly:settle_bet:107 - [Bankroll] LOSS | stake=0.02 | odds=5.75 | bankroll=0.77 | ROI=-99.9%
2026-05-03 22:27:04.995 | INFO     | betting.kelly:settle_bet:107 - [Bankroll] LOSS | stake=0.05 | odds=3.3 | bankroll=0.72 | ROI=-99.9%
2026-05-03 22:27:04.995 | INFO     | betting.kelly:settle_bet:107 - [Bankroll] LOSS | stake=0.04 | odds=2.7 | bankroll=0.68 | ROI=-99.9%
2026-05-03 22:27:04.997 | INFO     | betting.kelly:settle_bet:107 - [Bankroll] LOSS | stake=0.04 | odds=3.7 | bankroll=0.64 | ROI=-99.9%
2026-05-03 22:27:04.997 | INFO     | betting.kelly:settle_bet:107 - [Bankroll] LOSS | stake=0.01 | odds=4.75 | bankroll=0.63 | ROI=-99.9%
2026-05-03 22:27:04.997 | INFO     | betting.kelly:settle_bet:107 - [Bankroll] LOSS | stake=0.02 | odds=7.5 | bankroll=0.61 | ROI=-99.9%
2026-05-03 22:27:04.997 | INFO     | betting.kelly:settle_bet:107 - [Bankroll] LOSS | stake=0.02 | odds=7.0 | bankroll=0.59 | ROI=-99.9%
2026-05-03 22:27:04.998 | INFO     | betting.kelly:settle_bet:107 - [Bankroll] LOSS | stake=0.01 | odds=5.0 | bankroll=0.58 | ROI=-99.9%
2026-05-03 22:27:04.998 | INFO     | betting.kelly:settle_bet:107 - [Bankroll] LOSS | stake=0.01 | odds=2.35 | bankroll=0.57 | ROI=-99.9%
2026-05-03 22:27:04.998 | INFO     | betting.kelly:settle_bet:107 - [Bankroll] WIN | stake=0.04 | odds=3.1 | bankroll=0.64 | ROI=-99.9%
2026-05-03 22:27:04.998 | INFO     | betting.kelly:settle_bet:107 - [Bankroll] LOSS | stake=0.00 | odds=4.33 | bankroll=0.64 | ROI=-99.9%
2026-05-03 22:27:04.998 | INFO     | betting.kelly:settle_bet:107 - [Bankroll] LOSS | stake=0.00 | odds=5.75 | bankroll=0.64 | ROI=-99.9%
2026-05-03 22:27:04.998 | INFO     | betting.kelly:settle_bet:107 - [Bankroll] LOSS | stake=0.00 | odds=4.0 | bankroll=0.64 | ROI=-99.9%
2026-05-03 22:27:04.998 | INFO     | betting.kelly:settle_bet:107 - [Bankroll] LOSS | stake=0.00 | odds=4.2 | bankroll=0.64 | ROI=-99.9%
2026-05-03 22:27:04.998 | INFO     | betting.kelly:settle_bet:107 - [Bankroll] LOSS | stake=0.00 | odds=3.6 | bankroll=0.64 | ROI=-99.9%
2026-05-03 22:27:04.998 | INFO     | betting.kelly:settle_bet:107 - [Bankroll] WIN | stake=0.02 | odds=5.25 | bankroll=0.71 | ROI=-99.9%
2026-05-03 22:27:04.998 | INFO     | betting.kelly:settle_bet:107 - [Bankroll] LOSS | stake=0.00 | odds=4.5 | bankroll=0.71 | ROI=-99.9%
2026-05-03 22:27:04.998 | INFO     | betting.kelly:settle_bet:107 - [Bankroll] LOSS | stake=0.01 | odds=4.2 | bankroll=0.70 | ROI=-99.9%
2026-05-03 22:27:04.998 | INFO     | betting.kelly:settle_bet:107 - [Bankroll] LOSS | stake=0.01 | odds=4.33 | bankroll=0.69 | ROI=-99.9%
2026-05-03 22:27:04.998 | INFO     | betting.kelly:settle_bet:107 - [Bankroll] LOSS | stake=0.01 | odds=5.25 | bankroll=0.68 | ROI=-99.9%
2026-05-03 22:27:04.998 | INFO     | betting.kelly:settle_bet:107 - [Bankroll] LOSS | stake=0.01 | odds=7.5 | bankroll=0.67 | ROI=-99.9%
2026-05-03 22:27:05.001 | INFO     | betting.kelly:settle_bet:107 - [Bankroll] LOSS | stake=0.00 | odds=3.8 | bankroll=0.67 | ROI=-99.9%
2026-05-03 22:27:05.001 | INFO     | betting.kelly:settle_bet:107 - [Bankroll] LOSS | stake=0.02 | odds=3.75 | bankroll=0.65 | ROI=-99.9%
2026-05-03 22:27:05.001 | INFO     | betting.kelly:settle_bet:107 - [Bankroll] LOSS | stake=0.04 | odds=5.25 | bankroll=0.61 | ROI=-99.9%
2026-05-03 22:27:05.001 | INFO     | betting.kelly:settle_bet:107 - [Bankroll] LOSS | stake=0.00 | odds=2.38 | bankroll=0.61 | ROI=-99.9%
2026-05-03 22:27:05.001 | INFO     | betting.kelly:settle_bet:107 - [Bankroll] LOSS | stake=0.03 | odds=4.75 | bankroll=0.58 | ROI=-99.9%
2026-05-03 22:27:05.001 | INFO     | betting.kelly:settle_bet:107 - [Bankroll] WIN | stake=0.01 | odds=4.2 | bankroll=0.60 | ROI=-99.9%
2026-05-03 22:27:05.001 | INFO     | betting.kelly:settle_bet:107 - [Bankroll] WIN | stake=0.01 | odds=4.75 | bankroll=0.63 | ROI=-99.9%
2026-05-03 22:27:05.001 | INFO     | betting.kelly:settle_bet:107 - [Bankroll] LOSS | stake=0.01 | odds=5.25 | bankroll=0.62 | ROI=-99.9%
2026-05-03 22:27:05.001 | INFO     | betting.kelly:settle_bet:107 - [Bankroll] LOSS | stake=0.00 | odds=7.0 | bankroll=0.62 | ROI=-99.9%
2026-05-03 22:27:05.001 | INFO     | betting.kelly:settle_bet:107 - [Bankroll] WIN | stake=0.04 | odds=2.6 | bankroll=0.68 | ROI=-99.9%
2026-05-03 22:27:05.004 | INFO     | betting.kelly:settle_bet:107 - [Bankroll] LOSS | stake=0.03 | odds=9.0 | bankroll=0.65 | ROI=-99.9%
2026-05-03 22:27:05.004 | INFO     | betting.kelly:settle_bet:107 - [Bankroll] LOSS | stake=0.02 | odds=17.0 | bankroll=0.63 | ROI=-99.9%
2026-05-03 22:27:05.004 | INFO     | betting.kelly:settle_bet:107 - [Bankroll] LOSS | stake=0.00 | odds=3.9 | bankroll=0.63 | ROI=-99.9%
2026-05-03 22:27:05.004 | INFO     | betting.kelly:settle_bet:107 - [Bankroll] WIN | stake=0.00 | odds=4.5 | bankroll=0.64 | ROI=-99.9%
2026-05-03 22:27:05.005 | INFO     | betting.kelly:settle_bet:107 - [Bankroll] LOSS | stake=0.01 | odds=3.25 | bankroll=0.63 | ROI=-99.9%
2026-05-03 22:27:05.005 | INFO     | betting.kelly:settle_bet:107 - [Bankroll] LOSS | stake=0.04 | odds=3.9 | bankroll=0.59 | ROI=-99.9%
2026-05-03 22:27:05.005 | INFO     | betting.kelly:settle_bet:107 - [Bankroll] LOSS | stake=0.01 | odds=5.5 | bankroll=0.58 | ROI=-99.9%
2026-05-03 22:27:05.005 | INFO     | betting.kelly:settle_bet:107 - [Bankroll] LOSS | stake=0.00 | odds=8.0 | bankroll=0.58 | ROI=-99.9%
2026-05-03 22:27:05.006 | INFO     | betting.kelly:settle_bet:107 - [Bankroll] LOSS | stake=0.01 | odds=6.0 | bankroll=0.57 | ROI=-99.9%
2026-05-03 22:27:05.006 | INFO     | betting.kelly:settle_bet:107 - [Bankroll] LOSS | stake=0.02 | odds=9.5 | bankroll=0.55 | ROI=-99.9%
2026-05-03 22:27:05.006 | INFO     | betting.kelly:settle_bet:107 - [Bankroll] LOSS | stake=0.01 | odds=5.75 | bankroll=0.54 | ROI=-99.9%
2026-05-03 22:27:05.006 | INFO     | betting.kelly:settle_bet:107 - [Bankroll] LOSS | stake=0.01 | odds=11.0 | bankroll=0.53 | ROI=-99.9%
2026-05-03 22:27:05.006 | INFO     | betting.kelly:settle_bet:107 - [Bankroll] WIN | stake=0.00 | odds=2.63 | bankroll=0.54 | ROI=-99.9%
2026-05-03 22:27:05.007 | INFO     | betting.kelly:settle_bet:107 - [Bankroll] LOSS | stake=0.01 | odds=7.5 | bankroll=0.53 | ROI=-99.9%
2026-05-03 22:27:05.007 | INFO     | betting.kelly:settle_bet:107 - [Bankroll] LOSS | stake=0.01 | odds=15.0 | bankroll=0.52 | ROI=-99.9%
2026-05-03 22:27:05.007 | INFO     | betting.kelly:settle_bet:107 - [Bankroll] WIN | stake=0.01 | odds=4.1 | bankroll=0.54 | ROI=-99.9%
2026-05-03 22:27:05.007 | INFO     | betting.kelly:settle_bet:107 - [Bankroll] LOSS | stake=0.02 | odds=7.0 | bankroll=0.52 | ROI=-99.9%
2026-05-03 22:27:05.007 | INFO     | betting.kelly:settle_bet:107 - [Bankroll] LOSS | stake=0.03 | odds=4.33 | bankroll=0.49 | ROI=-100.0%
2026-05-03 22:27:05.007 | INFO     | betting.kelly:settle_bet:107 - [Bankroll] LOSS | stake=0.00 | odds=3.7 | bankroll=0.49 | ROI=-100.0%
2026-05-03 22:27:05.007 | INFO     | betting.kelly:settle_bet:107 - [Bankroll] LOSS | stake=0.01 | odds=4.5 | bankroll=0.48 | ROI=-100.0%
2026-05-03 22:27:05.007 | INFO     | betting.kelly:settle_bet:107 - [Bankroll] LOSS | stake=0.03 | odds=3.0 | bankroll=0.45 | ROI=-100.0%
2026-05-03 22:27:05.007 | INFO     | betting.kelly:settle_bet:107 - [Bankroll] LOSS | stake=0.03 | odds=2.38 | bankroll=0.42 | ROI=-100.0%
2026-05-03 22:27:05.007 | INFO     | betting.kelly:settle_bet:107 - [Bankroll] LOSS | stake=0.02 | odds=3.7 | bankroll=0.40 | ROI=-100.0%
2026-05-03 22:27:05.007 | INFO     | betting.kelly:settle_bet:107 - [Bankroll] LOSS | stake=0.03 | odds=6.5 | bankroll=0.38 | ROI=-100.0%
2026-05-03 22:27:05.007 | INFO     | betting.kelly:settle_bet:107 - [Bankroll] LOSS | stake=0.01 | odds=5.0 | bankroll=0.37 | ROI=-100.0%
2026-05-03 22:27:05.010 | INFO     | betting.kelly:settle_bet:107 - [Bankroll] WIN | stake=0.01 | odds=3.3 | bankroll=0.39 | ROI=-100.0%
2026-05-03 22:27:05.010 | INFO     | betting.kelly:settle_bet:107 - [Bankroll] LOSS | stake=0.00 | odds=4.75 | bankroll=0.39 | ROI=-100.0%
2026-05-03 22:27:05.010 | INFO     | betting.kelly:settle_bet:107 - [Bankroll] LOSS | stake=0.00 | odds=8.0 | bankroll=0.39 | ROI=-100.0%
2026-05-03 22:27:05.010 | INFO     | betting.kelly:settle_bet:107 - [Bankroll] WIN | stake=0.02 | odds=2.8 | bankroll=0.43 | ROI=-100.0%
2026-05-03 22:27:05.011 | INFO     | betting.kelly:settle_bet:107 - [Bankroll] LOSS | stake=0.01 | odds=7.5 | bankroll=0.42 | ROI=-100.0%
2026-05-03 22:27:05.011 | INFO     | betting.kelly:settle_bet:107 - [Bankroll] LOSS | stake=0.00 | odds=5.25 | bankroll=0.42 | ROI=-100.0%
2026-05-03 22:27:05.011 | INFO     | betting.kelly:settle_bet:107 - [Bankroll] LOSS | stake=0.01 | odds=5.75 | bankroll=0.41 | ROI=-100.0%
2026-05-03 22:27:05.011 | INFO     | betting.kelly:settle_bet:107 - [Bankroll] WIN | stake=0.01 | odds=5.0 | bankroll=0.44 | ROI=-100.0%
2026-05-03 22:27:05.011 | INFO     | betting.kelly:settle_bet:107 - [Bankroll] LOSS | stake=0.01 | odds=7.0 | bankroll=0.43 | ROI=-100.0%
2026-05-03 22:27:05.011 | INFO     | betting.kelly:settle_bet:107 - [Bankroll] LOSS | stake=0.03 | odds=3.7 | bankroll=0.40 | ROI=-100.0%
2026-05-03 22:27:05.012 | INFO     | betting.kelly:settle_bet:107 - [Bankroll] WIN | stake=0.01 | odds=4.33 | bankroll=0.42 | ROI=-100.0%
2026-05-03 22:27:05.012 | INFO     | betting.kelly:settle_bet:107 - [Bankroll] LOSS | stake=0.01 | odds=4.75 | bankroll=0.41 | ROI=-100.0%
2026-05-03 22:27:05.012 | INFO     | betting.kelly:settle_bet:107 - [Bankroll] LOSS | stake=0.03 | odds=7.5 | bankroll=0.38 | ROI=-100.0%
2026-05-03 22:27:05.012 | INFO     | betting.kelly:settle_bet:107 - [Bankroll] LOSS | stake=0.01 | odds=5.75 | bankroll=0.37 | ROI=-100.0%
2026-05-03 22:27:05.012 | INFO     | betting.kelly:settle_bet:107 - [Bankroll] LOSS | stake=0.00 | odds=4.0 | bankroll=0.37 | ROI=-100.0%
2026-05-03 22:27:05.012 | INFO     | betting.kelly:settle_bet:107 - [Bankroll] LOSS | stake=0.01 | odds=4.5 | bankroll=0.36 | ROI=-100.0%
2026-05-03 22:27:05.012 | INFO     | betting.kelly:settle_bet:107 - [Bankroll] LOSS | stake=0.01 | odds=4.0 | bankroll=0.35 | ROI=-100.0%
2026-05-03 22:27:05.013 | INFO     | betting.kelly:settle_bet:107 - [Bankroll] WIN | stake=0.01 | odds=2.8 | bankroll=0.37 | ROI=-100.0%
2026-05-03 22:27:05.013 | INFO     | betting.kelly:settle_bet:107 - [Bankroll] LOSS | stake=0.00 | odds=3.75 | bankroll=0.37 | ROI=-100.0%
2026-05-03 22:27:05.013 | INFO     | betting.kelly:settle_bet:107 - [Bankroll] WIN | stake=0.01 | odds=5.5 | bankroll=0.42 | ROI=-100.0%
2026-05-03 22:27:05.013 | INFO     | betting.kelly:settle_bet:107 - [Bankroll] LOSS | stake=0.02 | odds=12.0 | bankroll=0.40 | ROI=-100.0%
2026-05-03 22:27:05.013 | INFO     | betting.kelly:settle_bet:107 - [Bankroll] LOSS | stake=0.01 | odds=15.0 | bankroll=0.39 | ROI=-100.0%
2026-05-03 22:27:05.013 | INFO     | betting.kelly:settle_bet:107 - [Bankroll] LOSS | stake=0.02 | odds=7.0 | bankroll=0.37 | ROI=-100.0%
2026-05-03 22:27:05.013 | INFO     | betting.kelly:settle_bet:107 - [Bankroll] LOSS | stake=0.00 | odds=4.5 | bankroll=0.37 | ROI=-100.0%
2026-05-03 22:27:05.013 | INFO     | betting.kelly:settle_bet:107 - [Bankroll] LOSS | stake=0.00 | odds=4.0 | bankroll=0.37 | ROI=-100.0%
2026-05-03 22:27:05.013 | INFO     | betting.kelly:settle_bet:107 - [Bankroll] LOSS | stake=0.00 | odds=3.3 | bankroll=0.37 | ROI=-100.0%
2026-05-03 22:27:05.013 | INFO     | betting.kelly:settle_bet:107 - [Bankroll] LOSS | stake=0.00 | odds=3.7 | bankroll=0.37 | ROI=-100.0%
2026-05-03 22:27:05.013 | INFO     | betting.kelly:settle_bet:107 - [Bankroll] LOSS | stake=0.00 | odds=6.5 | bankroll=0.37 | ROI=-100.0%
2026-05-03 22:27:05.013 | INFO     | betting.kelly:settle_bet:107 - [Bankroll] LOSS | stake=0.01 | odds=5.25 | bankroll=0.36 | ROI=-100.0%
2026-05-03 22:27:05.013 | INFO     | betting.kelly:settle_bet:107 - [Bankroll] WIN | stake=0.01 | odds=4.33 | bankroll=0.38 | ROI=-100.0%
2026-05-03 22:27:05.013 | INFO     | betting.kelly:settle_bet:107 - [Bankroll] LOSS | stake=0.01 | odds=5.75 | bankroll=0.37 | ROI=-100.0%
2026-05-03 22:27:05.013 | INFO     | betting.kelly:settle_bet:107 - [Bankroll] LOSS | stake=0.01 | odds=2.3 | bankroll=0.36 | ROI=-100.0%
2026-05-03 22:27:05.013 | INFO     | betting.kelly:settle_bet:107 - [Bankroll] LOSS | stake=0.01 | odds=3.1 | bankroll=0.35 | ROI=-100.0%
2026-05-03 22:27:05.013 | INFO     | betting.kelly:settle_bet:107 - [Bankroll] LOSS | stake=0.01 | odds=5.5 | bankroll=0.34 | ROI=-100.0%
2026-05-03 22:27:05.013 | INFO     | betting.kelly:settle_bet:107 - [Bankroll] WIN | stake=0.02 | odds=5.5 | bankroll=0.41 | ROI=-100.0%
2026-05-03 22:27:05.013 | INFO     | betting.kelly:settle_bet:107 - [Bankroll] WIN | stake=0.02 | odds=2.55 | bankroll=0.44 | ROI=-100.0%
2026-05-03 22:27:05.013 | INFO     | betting.kelly:settle_bet:107 - [Bankroll] WIN | stake=0.01 | odds=2.25 | bankroll=0.46 | ROI=-100.0%
2026-05-03 22:27:05.013 | INFO     | betting.kelly:settle_bet:107 - [Bankroll] LOSS | stake=0.03 | odds=4.5 | bankroll=0.43 | ROI=-100.0%
2026-05-03 22:27:05.019 | INFO     | betting.kelly:settle_bet:107 - [Bankroll] LOSS | stake=0.00 | odds=4.33 | bankroll=0.43 | ROI=-100.0%
2026-05-03 22:27:05.019 | INFO     | betting.kelly:settle_bet:107 - [Bankroll] LOSS | stake=0.03 | odds=2.8 | bankroll=0.40 | ROI=-100.0%
2026-05-03 22:27:05.019 | INFO     | betting.kelly:settle_bet:107 - [Bankroll] LOSS | stake=0.02 | odds=4.33 | bankroll=0.38 | ROI=-100.0%
2026-05-03 22:27:05.019 | INFO     | betting.kelly:settle_bet:107 - [Bankroll] WIN | stake=0.01 | odds=3.3 | bankroll=0.40 | ROI=-100.0%
2026-05-03 22:27:05.019 | INFO     | betting.kelly:settle_bet:107 - [Bankroll] LOSS | stake=0.00 | odds=4.5 | bankroll=0.40 | ROI=-100.0%
2026-05-03 22:27:05.020 | INFO     | betting.kelly:settle_bet:107 - [Bankroll] WIN | stake=0.01 | odds=3.8 | bankroll=0.42 | ROI=-100.0%
2026-05-03 22:27:05.020 | INFO     | betting.kelly:settle_bet:107 - [Bankroll] WIN | stake=0.02 | odds=2.38 | bankroll=0.45 | ROI=-100.0%
2026-05-03 22:27:05.020 | INFO     | betting.kelly:settle_bet:107 - [Bankroll] LOSS | stake=0.01 | odds=2.35 | bankroll=0.44 | ROI=-100.0%
2026-05-03 22:27:05.020 | INFO     | betting.kelly:settle_bet:107 - [Bankroll] LOSS | stake=0.01 | odds=3.1 | bankroll=0.43 | ROI=-100.0%
2026-05-03 22:27:05.020 | INFO     | betting.kelly:settle_bet:107 - [Bankroll] LOSS | stake=0.02 | odds=17.0 | bankroll=0.41 | ROI=-100.0%
2026-05-03 22:27:05.021 | INFO     | betting.kelly:settle_bet:107 - [Bankroll] LOSS | stake=0.02 | odds=26.0 | bankroll=0.39 | ROI=-100.0%
2026-05-03 22:27:05.022 | INFO     | betting.kelly:settle_bet:107 - [Bankroll] LOSS | stake=0.00 | odds=4.0 | bankroll=0.39 | ROI=-100.0%
2026-05-03 22:27:05.022 | INFO     | betting.kelly:settle_bet:107 - [Bankroll] LOSS | stake=0.02 | odds=2.1 | bankroll=0.37 | ROI=-100.0%
2026-05-03 22:27:05.022 | INFO     | betting.kelly:settle_bet:107 - [Bankroll] LOSS | stake=0.00 | odds=4.0 | bankroll=0.37 | ROI=-100.0%
2026-05-03 22:27:05.022 | INFO     | betting.kelly:settle_bet:107 - [Bankroll] LOSS | stake=0.01 | odds=7.0 | bankroll=0.36 | ROI=-100.0%
2026-05-03 22:27:05.022 | INFO     | betting.kelly:settle_bet:107 - [Bankroll] LOSS | stake=0.01 | odds=9.5 | bankroll=0.35 | ROI=-100.0%
2026-05-03 22:27:05.023 | INFO     | betting.kelly:settle_bet:107 - [Bankroll] LOSS | stake=0.01 | odds=4.75 | bankroll=0.34 | ROI=-100.0%
2026-05-03 22:27:05.023 | INFO     | betting.kelly:settle_bet:107 - [Bankroll] LOSS | stake=0.01 | odds=8.0 | bankroll=0.33 | ROI=-100.0%
2026-05-03 22:27:05.023 | INFO     | betting.kelly:settle_bet:107 - [Bankroll] LOSS | stake=0.01 | odds=11.0 | bankroll=0.32 | ROI=-100.0%
2026-05-03 22:27:05.023 | INFO     | betting.kelly:settle_bet:107 - [Bankroll] LOSS | stake=0.01 | odds=17.0 | bankroll=0.31 | ROI=-100.0%
2026-05-03 22:27:05.023 | INFO     | betting.kelly:settle_bet:107 - [Bankroll] LOSS | stake=0.00 | odds=4.33 | bankroll=0.31 | ROI=-100.0%
2026-05-03 22:27:05.023 | INFO     | betting.kelly:settle_bet:107 - [Bankroll] LOSS | stake=0.00 | odds=3.75 | bankroll=0.31 | ROI=-100.0%
2026-05-03 22:27:05.023 | INFO     | betting.kelly:settle_bet:107 - [Bankroll] LOSS | stake=0.01 | odds=4.75 | bankroll=0.30 | ROI=-100.0%
2026-05-03 22:27:05.023 | INFO     | betting.kelly:settle_bet:107 - [Bankroll] LOSS | stake=0.00 | odds=3.8 | bankroll=0.30 | ROI=-100.0%
2026-05-03 22:27:05.023 | INFO     | betting.kelly:settle_bet:107 - [Bankroll] WIN | stake=0.00 | odds=3.9 | bankroll=0.31 | ROI=-100.0%
2026-05-03 22:27:05.023 | INFO     | betting.kelly:settle_bet:107 - [Bankroll] LOSS | stake=0.01 | odds=2.2 | bankroll=0.30 | ROI=-100.0%
2026-05-03 22:27:05.023 | INFO     | betting.kelly:settle_bet:107 - [Bankroll] LOSS | stake=0.01 | odds=2.63 | bankroll=0.29 | ROI=-100.0%
2026-05-03 22:27:05.025 | INFO     | betting.kelly:settle_bet:107 - [Bankroll] LOSS | stake=0.01 | odds=7.5 | bankroll=0.28 | ROI=-100.0%
2026-05-03 22:27:05.025 | INFO     | betting.kelly:settle_bet:107 - [Bankroll] WIN | stake=0.00 | odds=4.5 | bankroll=0.29 | ROI=-100.0%
2026-05-03 22:27:05.025 | INFO     | betting.kelly:settle_bet:107 - [Bankroll] LOSS | stake=0.01 | odds=2.4 | bankroll=0.28 | ROI=-100.0%
2026-05-03 22:27:05.025 | INFO     | betting.kelly:settle_bet:107 - [Bankroll] WIN | stake=0.01 | odds=2.7 | bankroll=0.29 | ROI=-100.0%
2026-05-03 22:27:05.025 | INFO     | betting.kelly:settle_bet:107 - [Bankroll] WIN | stake=0.01 | odds=5.0 | bankroll=0.34 | ROI=-100.0%
2026-05-03 22:27:05.025 | INFO     | betting.kelly:settle_bet:107 - [Bankroll] LOSS | stake=0.00 | odds=3.9 | bankroll=0.34 | ROI=-100.0%
2026-05-03 22:27:05.025 | INFO     | betting.kelly:settle_bet:107 - [Bankroll] WIN | stake=0.01 | odds=4.75 | bankroll=0.37 | ROI=-100.0%
2026-05-03 22:27:05.025 | INFO     | betting.kelly:settle_bet:107 - [Bankroll] LOSS | stake=0.01 | odds=7.0 | bankroll=0.36 | ROI=-100.0%
2026-05-03 22:27:05.025 | INFO     | betting.kelly:settle_bet:107 - [Bankroll] LOSS | stake=0.02 | odds=2.9 | bankroll=0.34 | ROI=-100.0%
2026-05-03 22:27:05.025 | INFO     | betting.kelly:settle_bet:107 - [Bankroll] LOSS | stake=0.00 | odds=4.2 | bankroll=0.34 | ROI=-100.0%
2026-05-03 22:27:05.025 | INFO     | betting.kelly:settle_bet:107 - [Bankroll] LOSS | stake=0.00 | odds=2.2 | bankroll=0.34 | ROI=-100.0%
2026-05-03 22:27:05.025 | INFO     | betting.kelly:settle_bet:107 - [Bankroll] LOSS | stake=0.00 | odds=2.35 | bankroll=0.34 | ROI=-100.0%
2026-05-03 22:27:05.025 | INFO     | betting.kelly:settle_bet:107 - [Bankroll] LOSS | stake=0.01 | odds=3.3 | bankroll=0.33 | ROI=-100.0%
2026-05-03 22:27:05.025 | INFO     | betting.kelly:settle_bet:107 - [Bankroll] LOSS | stake=0.00 | odds=4.2 | bankroll=0.33 | ROI=-100.0%
2026-05-03 22:27:05.029 | INFO     | betting.kelly:settle_bet:107 - [Bankroll] WIN | stake=0.01 | odds=5.0 | bankroll=0.36 | ROI=-100.0%
2026-05-03 22:27:05.029 | INFO     | betting.kelly:settle_bet:107 - [Bankroll] LOSS | stake=0.02 | odds=8.5 | bankroll=0.34 | ROI=-100.0%
2026-05-03 22:27:05.030 | INFO     | betting.kelly:settle_bet:107 - [Bankroll] LOSS | stake=0.00 | odds=5.0 | bankroll=0.34 | ROI=-100.0%
2026-05-03 22:27:05.030 | INFO     | betting.kelly:settle_bet:107 - [Bankroll] LOSS | stake=0.01 | odds=6.0 | bankroll=0.33 | ROI=-100.0%
2026-05-03 22:27:05.030 | INFO     | betting.kelly:settle_bet:107 - [Bankroll] LOSS | stake=0.00 | odds=4.5 | bankroll=0.33 | ROI=-100.0%
2026-05-03 22:27:05.030 | INFO     | betting.kelly:settle_bet:107 - [Bankroll] LOSS | stake=0.01 | odds=2.62 | bankroll=0.32 | ROI=-100.0%
2026-05-03 22:27:05.030 | INFO     | betting.kelly:settle_bet:107 - [Bankroll] LOSS | stake=0.01 | odds=5.75 | bankroll=0.31 | ROI=-100.0%
2026-05-03 22:27:05.030 | INFO     | betting.kelly:settle_bet:107 - [Bankroll] LOSS | stake=0.00 | odds=7.5 | bankroll=0.31 | ROI=-100.0%
2026-05-03 22:27:05.031 | INFO     | betting.kelly:settle_bet:107 - [Bankroll] LOSS | stake=0.01 | odds=8.0 | bankroll=0.30 | ROI=-100.0%
2026-05-03 22:27:05.031 | INFO     | betting.kelly:settle_bet:107 - [Bankroll] LOSS | stake=0.01 | odds=12.0 | bankroll=0.29 | ROI=-100.0%
2026-05-03 22:27:05.031 | INFO     | betting.kelly:settle_bet:107 - [Bankroll] LOSS | stake=0.02 | odds=3.6 | bankroll=0.27 | ROI=-100.0%
2026-05-03 22:27:05.031 | INFO     | betting.kelly:settle_bet:107 - [Bankroll] LOSS | stake=0.02 | odds=3.9 | bankroll=0.25 | ROI=-100.0%
2026-05-03 22:27:05.032 | INFO     | betting.kelly:settle_bet:107 - [Bankroll] LOSS | stake=0.00 | odds=3.6 | bankroll=0.25 | ROI=-100.0%
2026-05-03 22:27:05.032 | INFO     | betting.kelly:settle_bet:107 - [Bankroll] LOSS | stake=0.00 | odds=3.8 | bankroll=0.25 | ROI=-100.0%
2026-05-03 22:27:05.032 | INFO     | betting.kelly:settle_bet:107 - [Bankroll] LOSS | stake=0.01 | odds=6.0 | bankroll=0.24 | ROI=-100.0%
2026-05-03 22:27:05.032 | INFO     | betting.kelly:settle_bet:107 - [Bankroll] WIN | stake=0.01 | odds=10.0 | bankroll=0.30 | ROI=-100.0%
2026-05-03 22:27:05.032 | INFO     | betting.kelly:settle_bet:107 - [Bankroll] LOSS | stake=0.02 | odds=2.5 | bankroll=0.28 | ROI=-100.0%
2026-05-03 22:27:05.032 | INFO     | betting.kelly:settle_bet:107 - [Bankroll] LOSS | stake=0.00 | odds=6.0 | bankroll=0.28 | ROI=-100.0%
2026-05-03 22:27:05.032 | INFO     | betting.kelly:settle_bet:107 - [Bankroll] LOSS | stake=0.01 | odds=4.1 | bankroll=0.27 | ROI=-100.0%
2026-05-03 22:27:05.032 | INFO     | betting.kelly:settle_bet:107 - [Bankroll] LOSS | stake=0.02 | odds=11.0 | bankroll=0.25 | ROI=-100.0%
2026-05-03 22:27:05.034 | INFO     | betting.kelly:settle_bet:107 - [Bankroll] LOSS | stake=0.01 | odds=6.0 | bankroll=0.24 | ROI=-100.0%
2026-05-03 22:27:05.034 | INFO     | betting.kelly:settle_bet:107 - [Bankroll] LOSS | stake=0.00 | odds=1.85 | bankroll=0.24 | ROI=-100.0%
2026-05-03 22:27:05.034 | INFO     | betting.kelly:settle_bet:107 - [Bankroll] LOSS | stake=0.00 | odds=4.5 | bankroll=0.24 | ROI=-100.0%
2026-05-03 22:27:05.034 | INFO     | betting.kelly:settle_bet:107 - [Bankroll] LOSS | stake=0.00 | odds=4.5 | bankroll=0.24 | ROI=-100.0%
2026-05-03 22:27:05.035 | INFO     | betting.kelly:settle_bet:107 - [Bankroll] WIN | stake=0.00 | odds=4.2 | bankroll=0.24 | ROI=-100.0%
2026-05-03 22:27:05.035 | INFO     | betting.kelly:settle_bet:107 - [Bankroll] LOSS | stake=0.00 | odds=6.0 | bankroll=0.24 | ROI=-100.0%
2026-05-03 22:27:05.035 | INFO     | betting.kelly:settle_bet:107 - [Bankroll] LOSS | stake=0.01 | odds=6.5 | bankroll=0.23 | ROI=-100.0%
2026-05-03 22:27:05.035 | INFO     | betting.kelly:settle_bet:107 - [Bankroll] LOSS | stake=0.01 | odds=7.5 | bankroll=0.22 | ROI=-100.0%
2026-05-03 22:27:05.035 | INFO     | betting.kelly:settle_bet:107 - [Bankroll] LOSS | stake=0.01 | odds=2.88 | bankroll=0.21 | ROI=-100.0%
2026-05-03 22:27:05.035 | INFO     | betting.kelly:settle_bet:107 - [Bankroll] WIN | stake=0.00 | odds=5.0 | bankroll=0.22 | ROI=-100.0%
2026-05-03 22:27:05.035 | INFO     | betting.kelly:settle_bet:107 - [Bankroll] LOSS | stake=0.00 | odds=8.5 | bankroll=0.22 | ROI=-100.0%
2026-05-03 22:27:05.035 | INFO     | betting.kelly:settle_bet:107 - [Bankroll] LOSS | stake=0.01 | odds=3.5 | bankroll=0.21 | ROI=-100.0%
2026-05-03 22:27:05.035 | INFO     | betting.kelly:settle_bet:107 - [Bankroll] LOSS | stake=0.00 | odds=3.8 | bankroll=0.21 | ROI=-100.0%
2026-05-03 22:27:05.035 | INFO     | betting.kelly:settle_bet:107 - [Bankroll] LOSS | stake=0.00 | odds=2.8 | bankroll=0.21 | ROI=-100.0%
2026-05-03 22:27:05.035 | INFO     | betting.kelly:settle_bet:107 - [Bankroll] WIN | stake=0.00 | odds=2.63 | bankroll=0.22 | ROI=-100.0%
2026-05-03 22:27:05.038 | INFO     | betting.kelly:settle_bet:107 - [Bankroll] LOSS | stake=0.01 | odds=8.0 | bankroll=0.21 | ROI=-100.0%
2026-05-03 22:27:05.038 | INFO     | betting.kelly:settle_bet:107 - [Bankroll] LOSS | stake=0.00 | odds=13.0 | bankroll=0.21 | ROI=-100.0%
2026-05-03 22:27:05.038 | INFO     | betting.kelly:settle_bet:107 - [Bankroll] LOSS | stake=0.00 | odds=2.0 | bankroll=0.21 | ROI=-100.0%
2026-05-03 22:27:05.038 | INFO     | betting.kelly:settle_bet:107 - [Bankroll] LOSS | stake=0.00 | odds=4.33 | bankroll=0.21 | ROI=-100.0%
2026-05-03 22:27:05.038 | INFO     | betting.kelly:settle_bet:107 - [Bankroll] LOSS | stake=0.01 | odds=6.0 | bankroll=0.20 | ROI=-100.0%
2026-05-03 22:27:05.038 | INFO     | betting.kelly:settle_bet:107 - [Bankroll] LOSS | stake=0.01 | odds=3.9 | bankroll=0.19 | ROI=-100.0%
2026-05-03 22:27:05.038 | INFO     | betting.kelly:settle_bet:107 - [Bankroll] WIN | stake=0.01 | odds=2.0 | bankroll=0.20 | ROI=-100.0%
2026-05-03 22:27:05.038 | INFO     | betting.kelly:settle_bet:107 - [Bankroll] LOSS | stake=0.00 | odds=4.2 | bankroll=0.20 | ROI=-100.0%
2026-05-03 22:27:05.038 | INFO     | betting.kelly:settle_bet:107 - [Bankroll] LOSS | stake=0.00 | odds=5.0 | bankroll=0.20 | ROI=-100.0%
2026-05-03 22:27:05.040 | INFO     | betting.kelly:settle_bet:107 - [Bankroll] LOSS | stake=0.01 | odds=4.75 | bankroll=0.19 | ROI=-100.0%
2026-05-03 22:27:05.040 | INFO     | betting.kelly:settle_bet:107 - [Bankroll] LOSS | stake=0.00 | odds=4.2 | bankroll=0.19 | ROI=-100.0%
2026-05-03 22:27:05.040 | INFO     | betting.kelly:settle_bet:107 - [Bankroll] LOSS | stake=0.01 | odds=4.75 | bankroll=0.18 | ROI=-100.0%
2026-05-03 22:27:05.040 | INFO     | betting.kelly:settle_bet:107 - [Bankroll] LOSS | stake=0.00 | odds=4.1 | bankroll=0.18 | ROI=-100.0%
2026-05-03 22:27:05.040 | INFO     | betting.kelly:settle_bet:107 - [Bankroll] LOSS | stake=0.00 | odds=3.7 | bankroll=0.18 | ROI=-100.0%
2026-05-03 22:27:05.041 | INFO     | betting.kelly:settle_bet:107 - [Bankroll] LOSS | stake=0.01 | odds=3.1 | bankroll=0.17 | ROI=-100.0%
2026-05-03 22:27:05.041 | INFO     | betting.kelly:settle_bet:107 - [Bankroll] LOSS | stake=0.01 | odds=2.63 | bankroll=0.16 | ROI=-100.0%
2026-05-03 22:27:05.041 | INFO     | betting.kelly:settle_bet:107 - [Bankroll] LOSS | stake=0.01 | odds=2.7 | bankroll=0.15 | ROI=-100.0%
2026-05-03 22:27:05.041 | INFO     | betting.kelly:settle_bet:107 - [Bankroll] LOSS | stake=0.00 | odds=4.33 | bankroll=0.15 | ROI=-100.0%
2026-05-03 22:27:05.041 | INFO     | betting.kelly:settle_bet:107 - [Bankroll] LOSS | stake=0.01 | odds=2.6 | bankroll=0.14 | ROI=-100.0%
2026-05-03 22:27:05.042 | INFO     | betting.kelly:settle_bet:107 - [Bankroll] LOSS | stake=0.00 | odds=1.75 | bankroll=0.14 | ROI=-100.0%
2026-05-03 22:27:05.042 | INFO     | betting.kelly:settle_bet:107 - [Bankroll] LOSS | stake=0.01 | odds=9.5 | bankroll=0.13 | ROI=-100.0%
2026-05-03 22:27:05.042 | INFO     | betting.kelly:settle_bet:107 - [Bankroll] WIN | stake=0.00 | odds=19.0 | bankroll=0.20 | ROI=-100.0%
2026-05-03 22:27:05.042 | INFO     | betting.kelly:settle_bet:107 - [Bankroll] WIN | stake=0.01 | odds=4.0 | bankroll=0.24 | ROI=-100.0%
2026-05-03 22:27:05.042 | INFO     | betting.kelly:settle_bet:107 - [Bankroll] LOSS | stake=0.00 | odds=3.75 | bankroll=0.24 | ROI=-100.0%
2026-05-03 22:27:05.042 | INFO     | betting.kelly:settle_bet:107 - [Bankroll] LOSS | stake=0.01 | odds=5.75 | bankroll=0.22 | ROI=-100.0%
2026-05-03 22:27:05.043 | INFO     | betting.kelly:settle_bet:107 - [Bankroll] WIN | stake=0.00 | odds=4.33 | bankroll=0.22 | ROI=-100.0%
2026-05-03 22:27:05.043 | INFO     | betting.kelly:settle_bet:107 - [Bankroll] LOSS | stake=0.01 | odds=2.55 | bankroll=0.21 | ROI=-100.0%
2026-05-03 22:27:05.043 | INFO     | betting.kelly:settle_bet:107 - [Bankroll] LOSS | stake=0.00 | odds=5.75 | bankroll=0.21 | ROI=-100.0%
2026-05-03 22:27:05.043 | INFO     | betting.kelly:settle_bet:107 - [Bankroll] WIN | stake=0.00 | odds=11.0 | bankroll=0.25 | ROI=-100.0%
2026-05-03 22:27:05.044 | INFO     | betting.kelly:settle_bet:107 - [Bankroll] LOSS | stake=0.00 | odds=2.88 | bankroll=0.25 | ROI=-100.0%
2026-05-03 22:27:05.044 | INFO     | betting.kelly:settle_bet:107 - [Bankroll] LOSS | stake=0.00 | odds=3.8 | bankroll=0.25 | ROI=-100.0%
2026-05-03 22:27:05.044 | INFO     | betting.kelly:settle_bet:107 - [Bankroll] LOSS | stake=0.01 | odds=9.0 | bankroll=0.24 | ROI=-100.0%
2026-05-03 22:27:05.044 | INFO     | betting.kelly:settle_bet:107 - [Bankroll] LOSS | stake=0.01 | odds=19.0 | bankroll=0.23 | ROI=-100.0%
2026-05-03 22:27:05.044 | INFO     | betting.kelly:settle_bet:107 - [Bankroll] LOSS | stake=0.00 | odds=4.33 | bankroll=0.23 | ROI=-100.0%
2026-05-03 22:27:05.044 | INFO     | betting.kelly:settle_bet:107 - [Bankroll] LOSS | stake=0.00 | odds=4.75 | bankroll=0.23 | ROI=-100.0%
2026-05-03 22:27:05.044 | INFO     | betting.kelly:settle_bet:107 - [Bankroll] LOSS | stake=0.01 | odds=8.0 | bankroll=0.22 | ROI=-100.0%
2026-05-03 22:27:05.044 | INFO     | betting.kelly:settle_bet:107 - [Bankroll] LOSS | stake=0.01 | odds=12.0 | bankroll=0.21 | ROI=-100.0%
2026-05-03 22:27:05.044 | INFO     | betting.kelly:settle_bet:107 - [Bankroll] LOSS | stake=0.01 | odds=5.75 | bankroll=0.20 | ROI=-100.0%
2026-05-03 22:27:05.044 | INFO     | betting.kelly:settle_bet:107 - [Bankroll] WIN | stake=0.00 | odds=4.0 | bankroll=0.20 | ROI=-100.0%
2026-05-03 22:27:05.044 | INFO     | betting.kelly:settle_bet:107 - [Bankroll] LOSS | stake=0.00 | odds=4.33 | bankroll=0.20 | ROI=-100.0%
2026-05-03 22:27:05.044 | INFO     | betting.kelly:settle_bet:107 - [Bankroll] LOSS | stake=0.01 | odds=2.35 | bankroll=0.19 | ROI=-100.0%
2026-05-03 22:27:05.044 | INFO     | betting.kelly:settle_bet:107 - [Bankroll] WIN | stake=0.00 | odds=2.25 | bankroll=0.19 | ROI=-100.0%
2026-05-03 22:27:05.044 | INFO     | betting.kelly:settle_bet:107 - [Bankroll] WIN | stake=0.00 | odds=2.0 | bankroll=0.19 | ROI=-100.0%
2026-05-03 22:27:05.044 | INFO     | betting.kelly:settle_bet:107 - [Bankroll] LOSS | stake=0.00 | odds=3.9 | bankroll=0.19 | ROI=-100.0%
2026-05-03 22:27:05.044 | INFO     | betting.kelly:settle_bet:107 - [Bankroll] WIN | stake=0.00 | odds=2.38 | bankroll=0.19 | ROI=-100.0%
2026-05-03 22:27:05.048 | INFO     | betting.kelly:settle_bet:107 - [Bankroll] LOSS | stake=0.00 | odds=4.2 | bankroll=0.19 | ROI=-100.0%
2026-05-03 22:27:05.048 | INFO     | betting.kelly:settle_bet:107 - [Bankroll] WIN | stake=0.01 | odds=4.2 | bankroll=0.21 | ROI=-100.0%
2026-05-03 22:27:05.048 | INFO     | betting.kelly:settle_bet:107 - [Bankroll] WIN | stake=0.01 | odds=2.0 | bankroll=0.22 | ROI=-100.0%
2026-05-03 22:27:05.048 | INFO     | betting.kelly:settle_bet:107 - [Bankroll] WIN | stake=0.00 | odds=4.33 | bankroll=0.23 | ROI=-100.0%
2026-05-03 22:27:05.048 | INFO     | betting.kelly:settle_bet:107 - [Bankroll] WIN | stake=0.00 | odds=2.55 | bankroll=0.23 | ROI=-100.0%
2026-05-03 22:27:05.048 | INFO     | betting.kelly:settle_bet:107 - [Bankroll] LOSS | stake=0.00 | odds=3.6 | bankroll=0.23 | ROI=-100.0%
2026-05-03 22:27:05.050 | INFO     | betting.kelly:settle_bet:107 - [Bankroll] LOSS | stake=0.01 | odds=8.5 | bankroll=0.22 | ROI=-100.0%
2026-05-03 22:27:05.050 | INFO     | betting.kelly:settle_bet:107 - [Bankroll] WIN | stake=0.01 | odds=5.0 | bankroll=0.25 | ROI=-100.0%
2026-05-03 22:27:05.050 | INFO     | betting.kelly:settle_bet:107 - [Bankroll] LOSS | stake=0.00 | odds=4.1 | bankroll=0.25 | ROI=-100.0%
2026-05-03 22:27:05.050 | INFO     | betting.kelly:settle_bet:107 - [Bankroll] LOSS | stake=0.01 | odds=3.1 | bankroll=0.24 | ROI=-100.0%
2026-05-03 22:27:05.050 | INFO     | betting.kelly:settle_bet:107 - [Bankroll] LOSS | stake=0.01 | odds=3.1 | bankroll=0.22 | ROI=-100.0%
2026-05-03 22:27:05.050 | INFO     | betting.kelly:settle_bet:107 - [Bankroll] LOSS | stake=0.00 | odds=4.5 | bankroll=0.22 | ROI=-100.0%
2026-05-03 22:27:05.051 | INFO     | betting.kelly:settle_bet:107 - [Bankroll] WIN | stake=0.01 | odds=2.0 | bankroll=0.23 | ROI=-100.0%
2026-05-03 22:27:05.051 | INFO     | betting.kelly:settle_bet:107 - [Bankroll] LOSS | stake=0.01 | odds=4.5 | bankroll=0.22 | ROI=-100.0%
2026-05-03 22:27:05.051 | INFO     | betting.kelly:settle_bet:107 - [Bankroll] WIN | stake=0.00 | odds=2.0 | bankroll=0.22 | ROI=-100.0%
2026-05-03 22:27:05.051 | INFO     | betting.kelly:settle_bet:107 - [Bankroll] LOSS | stake=0.01 | odds=6.5 | bankroll=0.21 | ROI=-100.0%
2026-05-03 22:27:05.052 | INFO     | betting.kelly:settle_bet:107 - [Bankroll] LOSS | stake=0.01 | odds=12.0 | bankroll=0.20 | ROI=-100.0%
2026-05-03 22:27:05.052 | INFO     | betting.kelly:settle_bet:107 - [Bankroll] LOSS | stake=0.01 | odds=8.0 | bankroll=0.19 | ROI=-100.0%
2026-05-03 22:27:05.052 | INFO     | betting.kelly:settle_bet:107 - [Bankroll] LOSS | stake=0.00 | odds=15.0 | bankroll=0.19 | ROI=-100.0%
2026-05-03 22:27:05.052 | INFO     | betting.kelly:settle_bet:107 - [Bankroll] LOSS | stake=0.01 | odds=2.35 | bankroll=0.18 | ROI=-100.0%
2026-05-03 22:27:05.053 | INFO     | betting.kelly:settle_bet:107 - [Bankroll] LOSS | stake=0.01 | odds=3.2 | bankroll=0.17 | ROI=-100.0%
2026-05-03 22:27:05.053 | INFO     | betting.kelly:settle_bet:107 - [Bankroll] WIN | stake=0.01 | odds=2.88 | bankroll=0.18 | ROI=-100.0%
2026-05-03 22:27:05.053 | INFO     | betting.kelly:settle_bet:107 - [Bankroll] LOSS | stake=0.00 | odds=3.7 | bankroll=0.18 | ROI=-100.0%
2026-05-03 22:27:05.054 | INFO     | betting.kelly:settle_bet:107 - [Bankroll] WIN | stake=0.01 | odds=2.5 | bankroll=0.19 | ROI=-100.0%
2026-05-03 22:27:05.054 | INFO     | betting.kelly:settle_bet:107 - [Bankroll] LOSS | stake=0.00 | odds=3.8 | bankroll=0.19 | ROI=-100.0%
2026-05-03 22:27:05.054 | INFO     | betting.kelly:settle_bet:107 - [Bankroll] LOSS | stake=0.00 | odds=3.75 | bankroll=0.19 | ROI=-100.0%
2026-05-03 22:27:05.054 | INFO     | betting.kelly:settle_bet:107 - [Bankroll] WIN | stake=0.01 | odds=5.0 | bankroll=0.22 | ROI=-100.0%
2026-05-03 22:27:05.054 | INFO     | betting.kelly:settle_bet:107 - [Bankroll] LOSS | stake=0.00 | odds=2.0 | bankroll=0.22 | ROI=-100.0%
2026-05-03 22:27:05.054 | INFO     | betting.kelly:settle_bet:107 - [Bankroll] LOSS | stake=0.00 | odds=3.9 | bankroll=0.22 | ROI=-100.0%
2026-05-03 22:27:05.054 | INFO     | betting.kelly:settle_bet:107 - [Bankroll] LOSS | stake=0.01 | odds=5.0 | bankroll=0.21 | ROI=-100.0%
2026-05-03 22:27:05.055 | INFO     | betting.kelly:settle_bet:107 - [Bankroll] LOSS | stake=0.00 | odds=4.33 | bankroll=0.21 | ROI=-100.0%
2026-05-03 22:27:05.055 | INFO     | betting.kelly:settle_bet:107 - [Bankroll] LOSS | stake=0.00 | odds=7.0 | bankroll=0.21 | ROI=-100.0%
2026-05-03 22:27:05.056 | INFO     | betting.kelly:settle_bet:107 - [Bankroll] WIN | stake=0.01 | odds=2.3 | bankroll=0.22 | ROI=-100.0%
2026-05-03 22:27:05.056 | INFO     | betting.kelly:settle_bet:107 - [Bankroll] LOSS | stake=0.00 | odds=2.05 | bankroll=0.22 | ROI=-100.0%
2026-05-03 22:27:05.056 | INFO     | betting.kelly:settle_bet:107 - [Bankroll] LOSS | stake=0.01 | odds=8.0 | bankroll=0.21 | ROI=-100.0%
2026-05-03 22:27:05.056 | INFO     | betting.kelly:settle_bet:107 - [Bankroll] LOSS | stake=0.00 | odds=10.0 | bankroll=0.21 | ROI=-100.0%
2026-05-03 22:27:05.056 | INFO     | betting.kelly:settle_bet:107 - [Bankroll] LOSS | stake=0.00 | odds=5.75 | bankroll=0.21 | ROI=-100.0%
2026-05-03 22:27:05.056 | INFO     | betting.kelly:settle_bet:107 - [Bankroll] LOSS | stake=0.00 | odds=5.0 | bankroll=0.21 | ROI=-100.0%
2026-05-03 22:27:05.056 | INFO     | betting.kelly:settle_bet:107 - [Bankroll] LOSS | stake=0.00 | odds=8.0 | bankroll=0.21 | ROI=-100.0%
2026-05-03 22:27:05.058 | INFO     | betting.kelly:settle_bet:107 - [Bankroll] LOSS | stake=0.00 | odds=4.5 | bankroll=0.21 | ROI=-100.0%
2026-05-03 22:27:05.058 | INFO     | betting.kelly:settle_bet:107 - [Bankroll] LOSS | stake=0.01 | odds=4.0 | bankroll=0.20 | ROI=-100.0%
2026-05-03 22:27:05.058 | INFO     | betting.kelly:settle_bet:107 - [Bankroll] LOSS | stake=0.00 | odds=5.25 | bankroll=0.20 | ROI=-100.0%
2026-05-03 22:27:05.058 | INFO     | betting.kelly:settle_bet:107 - [Bankroll] WIN | stake=0.00 | odds=7.5 | bankroll=0.21 | ROI=-100.0%
2026-05-03 22:27:05.059 | INFO     | betting.kelly:settle_bet:107 - [Bankroll] LOSS | stake=0.00 | odds=4.5 | bankroll=0.21 | ROI=-100.0%
2026-05-03 22:27:05.059 | INFO     | betting.kelly:settle_bet:107 - [Bankroll] LOSS | stake=0.01 | odds=7.5 | bankroll=0.20 | ROI=-100.0%
2026-05-03 22:27:05.059 | INFO     | betting.kelly:settle_bet:107 - [Bankroll] LOSS | stake=0.00 | odds=4.75 | bankroll=0.20 | ROI=-100.0%
2026-05-03 22:27:05.059 | INFO     | betting.kelly:settle_bet:107 - [Bankroll] WIN | stake=0.00 | odds=2.35 | bankroll=0.20 | ROI=-100.0%
2026-05-03 22:27:05.060 | INFO     | betting.kelly:settle_bet:107 - [Bankroll] LOSS | stake=0.00 | odds=4.2 | bankroll=0.20 | ROI=-100.0%
2026-05-03 22:27:05.060 | INFO     | betting.kelly:settle_bet:107 - [Bankroll] LOSS | stake=0.00 | odds=5.5 | bankroll=0.20 | ROI=-100.0%
2026-05-03 22:27:05.060 | INFO     | betting.kelly:settle_bet:107 - [Bankroll] LOSS | stake=0.00 | odds=3.7 | bankroll=0.20 | ROI=-100.0%
2026-05-03 22:27:05.060 | INFO     | betting.kelly:settle_bet:107 - [Bankroll] WIN | stake=0.01 | odds=2.63 | bankroll=0.22 | ROI=-100.0%
2026-05-03 22:27:05.060 | INFO     | betting.kelly:settle_bet:107 - [Bankroll] LOSS | stake=0.01 | odds=6.5 | bankroll=0.21 | ROI=-100.0%
2026-05-03 22:27:05.060 | INFO     | betting.kelly:settle_bet:107 - [Bankroll] LOSS | stake=0.00 | odds=4.75 | bankroll=0.21 | ROI=-100.0%
2026-05-03 22:27:05.060 | INFO     | betting.kelly:settle_bet:107 - [Bankroll] LOSS | stake=0.01 | odds=3.0 | bankroll=0.20 | ROI=-100.0%
2026-05-03 22:27:05.060 | INFO     | betting.kelly:settle_bet:107 - [Bankroll] WIN | stake=0.00 | odds=2.15 | bankroll=0.20 | ROI=-100.0%
2026-05-03 22:27:05.060 | INFO     | betting.kelly:settle_bet:107 - [Bankroll] WIN | stake=0.00 | odds=4.5 | bankroll=0.21 | ROI=-100.0%
2026-05-03 22:27:05.060 | INFO     | betting.kelly:settle_bet:107 - [Bankroll] LOSS | stake=0.00 | odds=7.0 | bankroll=0.21 | ROI=-100.0%
2026-05-03 22:27:05.060 | INFO     | betting.kelly:settle_bet:107 - [Bankroll] LOSS | stake=0.01 | odds=5.25 | bankroll=0.20 | ROI=-100.0%
2026-05-03 22:27:05.062 | INFO     | betting.kelly:settle_bet:107 - [Bankroll] WIN | stake=0.01 | odds=2.63 | bankroll=0.22 | ROI=-100.0%
2026-05-03 22:27:05.062 | INFO     | betting.kelly:settle_bet:107 - [Bankroll] LOSS | stake=0.01 | odds=5.5 | bankroll=0.21 | ROI=-100.0%
2026-05-03 22:27:05.062 | INFO     | betting.kelly:settle_bet:107 - [Bankroll] LOSS | stake=0.01 | odds=6.5 | bankroll=0.20 | ROI=-100.0%
2026-05-03 22:27:05.062 | INFO     | betting.kelly:settle_bet:107 - [Bankroll] LOSS | stake=0.01 | odds=3.2 | bankroll=0.19 | ROI=-100.0%
2026-05-03 22:27:05.062 | INFO     | betting.kelly:settle_bet:107 - [Bankroll] WIN | stake=0.01 | odds=4.5 | bankroll=0.23 | ROI=-100.0%
2026-05-03 22:27:05.062 | INFO     | betting.kelly:settle_bet:107 - [Bankroll] LOSS | stake=0.00 | odds=2.5 | bankroll=0.23 | ROI=-100.0%
2026-05-03 22:27:05.062 | INFO     | betting.kelly:settle_bet:107 - [Bankroll] LOSS | stake=0.01 | odds=6.5 | bankroll=0.22 | ROI=-100.0%
2026-05-03 22:27:05.064 | INFO     | betting.kelly:settle_bet:107 - [Bankroll] LOSS | stake=0.00 | odds=4.2 | bankroll=0.22 | ROI=-100.0%
2026-05-03 22:27:05.064 | INFO     | betting.kelly:settle_bet:107 - [Bankroll] WIN | stake=0.00 | odds=2.3 | bankroll=0.22 | ROI=-100.0%
2026-05-03 22:27:05.064 | INFO     | betting.kelly:settle_bet:107 - [Bankroll] LOSS | stake=0.01 | odds=3.25 | bankroll=0.21 | ROI=-100.0%
2026-05-03 22:27:05.064 | INFO     | betting.kelly:settle_bet:107 - [Bankroll] LOSS | stake=0.00 | odds=4.75 | bankroll=0.21 | ROI=-100.0%
2026-05-03 22:27:05.065 | INFO     | betting.kelly:settle_bet:107 - [Bankroll] LOSS | stake=0.00 | odds=5.75 | bankroll=0.21 | ROI=-100.0%
2026-05-03 22:27:05.065 | INFO     | betting.kelly:settle_bet:107 - [Bankroll] WIN | stake=0.01 | odds=6.0 | bankroll=0.24 | ROI=-100.0%
2026-05-03 22:27:05.065 | INFO     | betting.kelly:settle_bet:107 - [Bankroll] LOSS | stake=0.00 | odds=10.0 | bankroll=0.24 | ROI=-100.0%
2026-05-03 22:27:05.065 | INFO     | betting.kelly:settle_bet:107 - [Bankroll] LOSS | stake=0.01 | odds=2.15 | bankroll=0.23 | ROI=-100.0%
2026-05-03 22:27:05.066 | INFO     | betting.kelly:settle_bet:107 - [Bankroll] WIN | stake=0.00 | odds=4.75 | bankroll=0.24 | ROI=-100.0%
2026-05-03 22:27:05.066 | INFO     | betting.kelly:settle_bet:107 - [Bankroll] LOSS | stake=0.00 | odds=9.5 | bankroll=0.24 | ROI=-100.0%
2026-05-03 22:27:05.066 | INFO     | betting.kelly:settle_bet:107 - [Bankroll] WIN | stake=0.00 | odds=3.7 | bankroll=0.24 | ROI=-100.0%
2026-05-03 22:27:05.066 | INFO     | betting.kelly:settle_bet:107 - [Bankroll] LOSS | stake=0.00 | odds=6.0 | bankroll=0.24 | ROI=-100.0%
2026-05-03 22:27:05.066 | INFO     | betting.kelly:settle_bet:107 - [Bankroll] WIN | stake=0.00 | odds=4.33 | bankroll=0.25 | ROI=-100.0%
2026-05-03 22:27:05.066 | INFO     | betting.kelly:settle_bet:107 - [Bankroll] LOSS | stake=0.00 | odds=5.0 | bankroll=0.25 | ROI=-100.0%
2026-05-03 22:27:05.066 | INFO     | betting.kelly:settle_bet:107 - [Bankroll] WIN | stake=0.01 | odds=5.25 | bankroll=0.28 | ROI=-100.0%
2026-05-03 22:27:05.067 | INFO     | betting.kelly:settle_bet:107 - [Bankroll] LOSS | stake=0.00 | odds=6.0 | bankroll=0.28 | ROI=-100.0%
2026-05-03 22:27:05.067 | INFO     | betting.kelly:settle_bet:107 - [Bankroll] WIN | stake=0.01 | odds=2.7 | bankroll=0.29 | ROI=-100.0%
2026-05-03 22:27:05.067 | INFO     | betting.kelly:settle_bet:107 - [Bankroll] WIN | stake=0.01 | odds=7.0 | bankroll=0.34 | ROI=-100.0%
2026-05-03 22:27:05.067 | INFO     | betting.kelly:settle_bet:107 - [Bankroll] LOSS | stake=0.00 | odds=8.5 | bankroll=0.34 | ROI=-100.0%
2026-05-03 22:27:05.068 | INFO     | betting.kelly:settle_bet:107 - [Bankroll] LOSS | stake=0.01 | odds=6.0 | bankroll=0.33 | ROI=-100.0%
2026-05-03 22:27:05.068 | INFO     | betting.kelly:settle_bet:107 - [Bankroll] LOSS | stake=0.00 | odds=8.0 | bankroll=0.33 | ROI=-100.0%
2026-05-03 22:27:05.068 | INFO     | betting.kelly:settle_bet:107 - [Bankroll] WIN | stake=0.00 | odds=2.2 | bankroll=0.33 | ROI=-100.0%
2026-05-03 22:27:05.068 | INFO     | betting.kelly:settle_bet:107 - [Bankroll] LOSS | stake=0.00 | odds=4.2 | bankroll=0.33 | ROI=-100.0%
2026-05-03 22:27:05.068 | INFO     | betting.kelly:settle_bet:107 - [Bankroll] LOSS | stake=0.00 | odds=4.2 | bankroll=0.33 | ROI=-100.0%
2026-05-03 22:27:05.068 | INFO     | betting.kelly:settle_bet:107 - [Bankroll] LOSS | stake=0.00 | odds=4.33 | bankroll=0.33 | ROI=-100.0%
2026-05-03 22:27:05.068 | INFO     | betting.kelly:settle_bet:107 - [Bankroll] WIN | stake=0.01 | odds=4.5 | bankroll=0.36 | ROI=-100.0%
2026-05-03 22:27:05.068 | INFO     | betting.kelly:settle_bet:107 - [Bankroll] LOSS | stake=0.01 | odds=3.3 | bankroll=0.35 | ROI=-100.0%
2026-05-03 22:27:05.068 | INFO     | betting.kelly:settle_bet:107 - [Bankroll] LOSS | stake=0.01 | odds=2.45 | bankroll=0.34 | ROI=-100.0%
2026-05-03 22:27:05.068 | INFO     | betting.kelly:settle_bet:107 - [Bankroll] LOSS | stake=0.02 | odds=9.0 | bankroll=0.32 | ROI=-100.0%
2026-05-03 22:27:05.068 | INFO     | betting.kelly:settle_bet:107 - [Bankroll] LOSS | stake=0.01 | odds=6.0 | bankroll=0.31 | ROI=-100.0%
2026-05-03 22:27:05.071 | INFO     | betting.kelly:settle_bet:107 - [Bankroll] WIN | stake=0.01 | odds=5.75 | bankroll=0.35 | ROI=-100.0%
2026-05-03 22:27:05.071 | INFO     | betting.kelly:settle_bet:107 - [Bankroll] LOSS | stake=0.00 | odds=7.5 | bankroll=0.35 | ROI=-100.0%
2026-05-03 22:27:05.071 | INFO     | betting.kelly:settle_bet:107 - [Bankroll] WIN | stake=0.01 | odds=1.73 | bankroll=0.35 | ROI=-100.0%
2026-05-03 22:27:05.071 | INFO     | betting.kelly:settle_bet:107 - [Bankroll] LOSS | stake=0.01 | odds=2.8 | bankroll=0.34 | ROI=-100.0%
2026-05-03 22:27:05.072 | INFO     | betting.kelly:settle_bet:107 - [Bankroll] WIN | stake=0.00 | odds=4.33 | bankroll=0.35 | ROI=-100.0%
2026-05-03 22:27:05.072 | INFO     | betting.kelly:settle_bet:107 - [Bankroll] LOSS | stake=0.01 | odds=6.5 | bankroll=0.34 | ROI=-100.0%
2026-05-03 22:27:05.072 | INFO     | betting.kelly:settle_bet:107 - [Bankroll] WIN | stake=0.00 | odds=2.3 | bankroll=0.34 | ROI=-100.0%
2026-05-03 22:27:05.072 | INFO     | betting.kelly:settle_bet:107 - [Bankroll] WIN | stake=0.01 | odds=2.4 | bankroll=0.35 | ROI=-100.0%
2026-05-03 22:27:05.073 | INFO     | betting.kelly:settle_bet:107 - [Bankroll] LOSS | stake=0.00 | odds=3.7 | bankroll=0.35 | ROI=-100.0%
2026-05-03 22:27:05.073 | INFO     | betting.kelly:settle_bet:107 - [Bankroll] LOSS | stake=0.00 | odds=2.55 | bankroll=0.35 | ROI=-100.0%
2026-05-03 22:27:05.073 | INFO     | betting.kelly:settle_bet:107 - [Bankroll] LOSS | stake=0.01 | odds=5.25 | bankroll=0.34 | ROI=-100.0%
2026-05-03 22:27:05.074 | INFO     | betting.kelly:settle_bet:107 - [Bankroll] WIN | stake=0.00 | odds=3.6 | bankroll=0.35 | ROI=-100.0%
2026-05-03 22:27:05.074 | INFO     | betting.kelly:settle_bet:107 - [Bankroll] LOSS | stake=0.02 | odds=11.0 | bankroll=0.33 | ROI=-100.0%
2026-05-03 22:27:05.074 | INFO     | betting.kelly:settle_bet:107 - [Bankroll] LOSS | stake=0.01 | odds=6.25 | bankroll=0.32 | ROI=-100.0%
2026-05-03 22:27:05.074 | INFO     | betting.kelly:settle_bet:107 - [Bankroll] LOSS | stake=0.02 | odds=8.0 | bankroll=0.30 | ROI=-100.0%
2026-05-03 22:27:05.074 | INFO     | betting.kelly:settle_bet:107 - [Bankroll] LOSS | stake=0.01 | odds=4.5 | bankroll=0.29 | ROI=-100.0%
2026-05-03 22:27:05.074 | INFO     | betting.kelly:settle_bet:107 - [Bankroll] LOSS | stake=0.01 | odds=5.25 | bankroll=0.28 | ROI=-100.0%
2026-05-03 22:27:05.074 | INFO     | betting.kelly:settle_bet:107 - [Bankroll] LOSS | stake=0.00 | odds=6.5 | bankroll=0.28 | ROI=-100.0%
2026-05-03 22:27:05.074 | INFO     | betting.kelly:settle_bet:107 - [Bankroll] WIN | stake=0.01 | odds=2.63 | bankroll=0.29 | ROI=-100.0%
2026-05-03 22:27:05.074 | INFO     | betting.kelly:settle_bet:107 - [Bankroll] LOSS | stake=0.00 | odds=4.1 | bankroll=0.29 | ROI=-100.0%
2026-05-03 22:27:05.074 | INFO     | betting.kelly:settle_bet:107 - [Bankroll] WIN | stake=0.00 | odds=4.75 | bankroll=0.31 | ROI=-100.0%
2026-05-03 22:27:05.074 | INFO     | betting.kelly:settle_bet:107 - [Bankroll] LOSS | stake=0.01 | odds=7.5 | bankroll=0.30 | ROI=-100.0%
2026-05-03 22:27:05.074 | INFO     | betting.kelly:settle_bet:107 - [Bankroll] LOSS | stake=0.01 | odds=5.0 | bankroll=0.29 | ROI=-100.0%
2026-05-03 22:27:05.074 | INFO     | betting.kelly:settle_bet:107 - [Bankroll] WIN | stake=0.01 | odds=5.75 | bankroll=0.34 | ROI=-100.0%
2026-05-03 22:27:05.074 | INFO     | betting.kelly:settle_bet:107 - [Bankroll] WIN | stake=0.02 | odds=3.1 | bankroll=0.38 | ROI=-100.0%
2026-05-03 22:27:05.074 | INFO     | betting.kelly:settle_bet:107 - [Bankroll] LOSS | stake=0.00 | odds=3.8 | bankroll=0.38 | ROI=-100.0%
2026-05-03 22:27:05.074 | INFO     | betting.kelly:settle_bet:107 - [Bankroll] LOSS | stake=0.00 | odds=4.1 | bankroll=0.38 | ROI=-100.0%
2026-05-03 22:27:05.074 | INFO     | betting.kelly:settle_bet:107 - [Bankroll] LOSS | stake=0.00 | odds=4.33 | bankroll=0.38 | ROI=-100.0%
2026-05-03 22:27:05.078 | INFO     | betting.kelly:settle_bet:107 - [Bankroll] LOSS | stake=0.01 | odds=7.0 | bankroll=0.37 | ROI=-100.0%
2026-05-03 22:27:05.078 | INFO     | betting.kelly:settle_bet:107 - [Bankroll] LOSS | stake=0.01 | odds=11.0 | bankroll=0.36 | ROI=-100.0%
2026-05-03 22:27:05.078 | INFO     | betting.kelly:settle_bet:107 - [Bankroll] LOSS | stake=0.00 | odds=4.2 | bankroll=0.36 | ROI=-100.0%
2026-05-03 22:27:05.078 | INFO     | betting.kelly:settle_bet:107 - [Bankroll] LOSS | stake=0.00 | odds=6.25 | bankroll=0.36 | ROI=-100.0%
2026-05-03 22:27:05.078 | INFO     | betting.kelly:settle_bet:107 - [Bankroll] LOSS | stake=0.00 | odds=3.8 | bankroll=0.36 | ROI=-100.0%
2026-05-03 22:27:05.079 | INFO     | betting.kelly:settle_bet:107 - [Bankroll] LOSS | stake=0.01 | odds=4.2 | bankroll=0.35 | ROI=-100.0%
2026-05-03 22:27:05.079 | INFO     | betting.kelly:settle_bet:107 - [Bankroll] LOSS | stake=0.01 | odds=4.75 | bankroll=0.34 | ROI=-100.0%
2026-05-03 22:27:05.079 | INFO     | betting.kelly:settle_bet:107 - [Bankroll] LOSS | stake=0.01 | odds=7.5 | bankroll=0.33 | ROI=-100.0%
2026-05-03 22:27:05.079 | INFO     | betting.kelly:settle_bet:107 - [Bankroll] LOSS | stake=0.01 | odds=13.0 | bankroll=0.32 | ROI=-100.0%
2026-05-03 22:27:05.079 | INFO     | betting.kelly:settle_bet:107 - [Bankroll] LOSS | stake=0.00 | odds=4.0 | bankroll=0.32 | ROI=-100.0%
2026-05-03 22:27:05.079 | INFO     | betting.kelly:settle_bet:107 - [Bankroll] LOSS | stake=0.02 | odds=6.0 | bankroll=0.30 | ROI=-100.0%
2026-05-03 22:27:05.080 | INFO     | betting.kelly:settle_bet:107 - [Bankroll] LOSS | stake=0.00 | odds=5.0 | bankroll=0.30 | ROI=-100.0%
2026-05-03 22:27:05.080 | INFO     | betting.kelly:settle_bet:107 - [Bankroll] LOSS | stake=0.00 | odds=8.5 | bankroll=0.30 | ROI=-100.0%
2026-05-03 22:27:05.080 | INFO     | betting.kelly:settle_bet:107 - [Bankroll] LOSS | stake=0.00 | odds=1.85 | bankroll=0.30 | ROI=-100.0%
2026-05-03 22:27:05.080 | INFO     | betting.kelly:settle_bet:107 - [Bankroll] WIN | stake=0.00 | odds=4.0 | bankroll=0.30 | ROI=-100.0%
2026-05-03 22:27:05.080 | INFO     | betting.kelly:settle_bet:107 - [Bankroll] LOSS | stake=0.01 | odds=6.0 | bankroll=0.29 | ROI=-100.0%
2026-05-03 22:27:05.080 | INFO     | betting.kelly:settle_bet:107 - [Bankroll] LOSS | stake=0.00 | odds=11.0 | bankroll=0.29 | ROI=-100.0%
2026-05-03 22:27:05.080 | INFO     | betting.kelly:settle_bet:107 - [Bankroll] LOSS | stake=0.02 | odds=2.25 | bankroll=0.27 | ROI=-100.0%
2026-05-03 22:27:05.082 | INFO     | betting.kelly:settle_bet:107 - [Bankroll] LOSS | stake=0.00 | odds=2.15 | bankroll=0.27 | ROI=-100.0%
2026-05-03 22:27:05.082 | INFO     | betting.kelly:settle_bet:107 - [Bankroll] LOSS | stake=0.00 | odds=3.1 | bankroll=0.27 | ROI=-100.0%
2026-05-03 22:27:05.082 | INFO     | betting.kelly:settle_bet:107 - [Bankroll] LOSS | stake=0.00 | odds=4.75 | bankroll=0.27 | ROI=-100.0%
2026-05-03 22:27:05.083 | INFO     | betting.kelly:settle_bet:107 - [Bankroll] LOSS | stake=0.00 | odds=7.5 | bankroll=0.27 | ROI=-100.0%
2026-05-03 22:27:05.083 | INFO     | betting.kelly:settle_bet:107 - [Bankroll] LOSS | stake=0.01 | odds=5.75 | bankroll=0.26 | ROI=-100.0%
2026-05-03 22:27:05.083 | INFO     | betting.kelly:settle_bet:107 - [Bankroll] LOSS | stake=0.00 | odds=7.5 | bankroll=0.26 | ROI=-100.0%
2026-05-03 22:27:05.083 | INFO     | betting.kelly:settle_bet:107 - [Bankroll] LOSS | stake=0.02 | odds=2.05 | bankroll=0.24 | ROI=-100.0%
2026-05-03 22:27:05.084 | INFO     | betting.kelly:settle_bet:107 - [Bankroll] LOSS | stake=0.01 | odds=4.5 | bankroll=0.22 | ROI=-100.0%
2026-05-03 22:27:05.084 | INFO     | betting.kelly:settle_bet:107 - [Bankroll] WIN | stake=0.00 | odds=4.33 | bankroll=0.23 | ROI=-100.0%
2026-05-03 22:27:05.084 | INFO     | betting.kelly:settle_bet:107 - [Bankroll] WIN | stake=0.00 | odds=4.0 | bankroll=0.23 | ROI=-100.0%
2026-05-03 22:27:05.084 | INFO     | betting.kelly:settle_bet:107 - [Bankroll] LOSS | stake=0.00 | odds=3.0 | bankroll=0.23 | ROI=-100.0%
2026-05-03 22:27:05.084 | INFO     | betting.kelly:settle_bet:107 - [Bankroll] LOSS | stake=0.00 | odds=2.7 | bankroll=0.23 | ROI=-100.0%
2026-05-03 22:27:05.085 | INFO     | betting.kelly:settle_bet:107 - [Bankroll] WIN | stake=0.01 | odds=2.3 | bankroll=0.24 | ROI=-100.0%
2026-05-03 22:27:05.085 | INFO     | betting.kelly:settle_bet:107 - [Bankroll] LOSS | stake=0.00 | odds=2.88 | bankroll=0.24 | ROI=-100.0%
2026-05-03 22:27:05.085 | INFO     | betting.kelly:settle_bet:107 - [Bankroll] WIN | stake=0.00 | odds=3.7 | bankroll=0.24 | ROI=-100.0%
2026-05-03 22:27:05.085 | INFO     | betting.kelly:settle_bet:107 - [Bankroll] LOSS | stake=0.01 | odds=3.2 | bankroll=0.22 | ROI=-100.0%
2026-05-03 22:27:05.086 | INFO     | betting.kelly:settle_bet:107 - [Bankroll] WIN | stake=0.01 | odds=2.15 | bankroll=0.23 | ROI=-100.0%
2026-05-03 22:27:05.086 | INFO     | betting.kelly:settle_bet:107 - [Bankroll] LOSS | stake=0.01 | odds=2.25 | bankroll=0.22 | ROI=-100.0%
2026-05-03 22:27:05.086 | INFO     | betting.kelly:settle_bet:107 - [Bankroll] LOSS | stake=0.01 | odds=2.9 | bankroll=0.21 | ROI=-100.0%
2026-05-03 22:27:05.086 | INFO     | betting.kelly:settle_bet:107 - [Bankroll] WIN | stake=0.00 | odds=3.3 | bankroll=0.21 | ROI=-100.0%
2026-05-03 22:27:05.088 | INFO     | betting.kelly:settle_bet:107 - [Bankroll] LOSS | stake=0.01 | odds=2.7 | bankroll=0.20 | ROI=-100.0%
2026-05-03 22:27:05.088 | INFO     | betting.kelly:settle_bet:107 - [Bankroll] WIN | stake=0.01 | odds=4.5 | bankroll=0.22 | ROI=-100.0%
2026-05-03 22:27:05.088 | INFO     | betting.kelly:settle_bet:107 - [Bankroll] LOSS | stake=0.01 | odds=2.9 | bankroll=0.21 | ROI=-100.0%
2026-05-03 22:27:05.089 | INFO     | betting.kelly:settle_bet:107 - [Bankroll] LOSS | stake=0.01 | odds=11.0 | bankroll=0.20 | ROI=-100.0%
2026-05-03 22:27:05.089 | INFO     | betting.kelly:settle_bet:107 - [Bankroll] WIN | stake=0.01 | odds=7.5 | bankroll=0.24 | ROI=-100.0%
2026-05-03 22:27:05.089 | INFO     | betting.kelly:settle_bet:107 - [Bankroll] LOSS | stake=0.01 | odds=2.35 | bankroll=0.23 | ROI=-100.0%
2026-05-03 22:27:05.089 | INFO     | betting.kelly:settle_bet:107 - [Bankroll] LOSS | stake=0.00 | odds=3.1 | bankroll=0.23 | ROI=-100.0%
2026-05-03 22:27:05.089 | INFO     | betting.kelly:settle_bet:107 - [Bankroll] LOSS | stake=0.01 | odds=9.5 | bankroll=0.22 | ROI=-100.0%
2026-05-03 22:27:05.089 | INFO     | betting.kelly:settle_bet:107 - [Bankroll] LOSS | stake=0.00 | odds=11.0 | bankroll=0.22 | ROI=-100.0%
2026-05-03 22:27:05.089 | INFO     | betting.kelly:settle_bet:107 - [Bankroll] WIN | stake=0.00 | odds=5.25 | bankroll=0.24 | ROI=-100.0%
2026-05-03 22:27:05.089 | INFO     | betting.kelly:settle_bet:107 - [Bankroll] LOSS | stake=0.00 | odds=8.0 | bankroll=0.24 | ROI=-100.0%
2026-05-03 22:27:05.089 | INFO     | betting.kelly:settle_bet:107 - [Bankroll] LOSS | stake=0.01 | odds=2.7 | bankroll=0.22 | ROI=-100.0%
2026-05-03 22:27:05.089 | INFO     | betting.kelly:settle_bet:107 - [Bankroll] WIN | stake=0.00 | odds=3.6 | bankroll=0.22 | ROI=-100.0%
2026-05-03 22:27:05.089 | INFO     | betting.kelly:settle_bet:107 - [Bankroll] LOSS | stake=0.00 | odds=3.75 | bankroll=0.22 | ROI=-100.0%
2026-05-03 22:27:05.089 | INFO     | betting.kelly:settle_bet:107 - [Bankroll] LOSS | stake=0.00 | odds=5.75 | bankroll=0.22 | ROI=-100.0%
2026-05-03 22:27:05.089 | INFO     | betting.kelly:settle_bet:107 - [Bankroll] LOSS | stake=0.00 | odds=4.33 | bankroll=0.22 | ROI=-100.0%
2026-05-03 22:27:05.089 | INFO     | betting.kelly:settle_bet:107 - [Bankroll] LOSS | stake=0.00 | odds=5.75 | bankroll=0.22 | ROI=-100.0%
2026-05-03 22:27:05.089 | INFO     | betting.kelly:settle_bet:107 - [Bankroll] WIN | stake=0.00 | odds=4.0 | bankroll=0.23 | ROI=-100.0%
2026-05-03 22:27:05.092 | INFO     | betting.kelly:settle_bet:107 - [Bankroll] LOSS | stake=0.00 | odds=6.0 | bankroll=0.23 | ROI=-100.0%
2026-05-03 22:27:05.092 | INFO     | betting.kelly:settle_bet:107 - [Bankroll] LOSS | stake=0.00 | odds=8.5 | bankroll=0.23 | ROI=-100.0%
2026-05-03 22:27:05.092 | INFO     | betting.kelly:settle_bet:107 - [Bankroll] LOSS | stake=0.00 | odds=5.0 | bankroll=0.23 | ROI=-100.0%
2026-05-03 22:27:05.092 | INFO     | betting.kelly:settle_bet:107 - [Bankroll] LOSS | stake=0.00 | odds=6.25 | bankroll=0.23 | ROI=-100.0%
2026-05-03 22:27:05.092 | INFO     | betting.kelly:settle_bet:107 - [Bankroll] LOSS | stake=0.00 | odds=4.2 | bankroll=0.23 | ROI=-100.0%
2026-05-03 22:27:05.092 | INFO     | betting.kelly:settle_bet:107 - [Bankroll] WIN | stake=0.01 | odds=4.5 | bankroll=0.28 | ROI=-100.0%
2026-05-03 22:27:05.092 | INFO     | betting.kelly:settle_bet:107 - [Bankroll] WIN | stake=0.00 | odds=3.9 | bankroll=0.28 | ROI=-100.0%
2026-05-03 22:27:05.092 | INFO     | betting.kelly:settle_bet:107 - [Bankroll] LOSS | stake=0.01 | odds=2.35 | bankroll=0.27 | ROI=-100.0%
2026-05-03 22:27:05.092 | INFO     | betting.kelly:settle_bet:107 - [Bankroll] LOSS | stake=0.00 | odds=3.7 | bankroll=0.27 | ROI=-100.0%
2026-05-03 22:27:05.092 | INFO     | betting.kelly:settle_bet:107 - [Bankroll] LOSS | stake=0.00 | odds=2.0 | bankroll=0.27 | ROI=-100.0%
2026-05-03 22:27:05.095 | INFO     | betting.kelly:settle_bet:107 - [Bankroll] LOSS | stake=0.00 | odds=4.2 | bankroll=0.27 | ROI=-100.0%
2026-05-03 22:27:05.095 | INFO     | betting.kelly:settle_bet:107 - [Bankroll] LOSS | stake=0.01 | odds=12.0 | bankroll=0.26 | ROI=-100.0%
2026-05-03 22:27:05.095 | INFO     | betting.kelly:settle_bet:107 - [Bankroll] LOSS | stake=0.01 | odds=19.0 | bankroll=0.25 | ROI=-100.0%
2026-05-03 22:27:05.095 | INFO     | betting.kelly:settle_bet:107 - [Bankroll] LOSS | stake=0.00 | odds=4.2 | bankroll=0.25 | ROI=-100.0%
2026-05-03 22:27:05.096 | INFO     | betting.kelly:settle_bet:107 - [Bankroll] WIN | stake=0.01 | odds=2.8 | bankroll=0.27 | ROI=-100.0%
2026-05-03 22:27:05.096 | INFO     | betting.kelly:settle_bet:107 - [Bankroll] LOSS | stake=0.01 | odds=5.0 | bankroll=0.26 | ROI=-100.0%
2026-05-03 22:27:05.096 | INFO     | betting.kelly:settle_bet:107 - [Bankroll] LOSS | stake=0.00 | odds=5.25 | bankroll=0.26 | ROI=-100.0%
2026-05-03 22:27:05.096 | INFO     | betting.kelly:settle_bet:107 - [Bankroll] LOSS | stake=0.00 | odds=4.75 | bankroll=0.26 | ROI=-100.0%
2026-05-03 22:27:05.096 | INFO     | betting.kelly:settle_bet:107 - [Bankroll] LOSS | stake=0.00 | odds=7.5 | bankroll=0.26 | ROI=-100.0%
2026-05-03 22:27:05.097 | INFO     | betting.kelly:settle_bet:107 - [Bankroll] LOSS | stake=0.01 | odds=2.75 | bankroll=0.25 | ROI=-100.0%
2026-05-03 22:27:05.097 | INFO     | betting.kelly:settle_bet:107 - [Bankroll] LOSS | stake=0.01 | odds=1.91 | bankroll=0.24 | ROI=-100.0%
2026-05-03 22:27:05.097 | INFO     | betting.kelly:settle_bet:107 - [Bankroll] WIN | stake=0.01 | odds=2.3 | bankroll=0.26 | ROI=-100.0%
2026-05-03 22:27:05.097 | INFO     | betting.kelly:settle_bet:107 - [Bankroll] LOSS | stake=0.00 | odds=3.7 | bankroll=0.26 | ROI=-100.0%
2026-05-03 22:27:05.097 | INFO     | betting.kelly:settle_bet:107 - [Bankroll] LOSS | stake=0.00 | odds=3.7 | bankroll=0.26 | ROI=-100.0%
2026-05-03 22:27:05.098 | INFO     | betting.kelly:settle_bet:107 - [Bankroll] WIN | stake=0.01 | odds=2.6 | bankroll=0.28 | ROI=-100.0%
2026-05-03 22:27:05.098 | INFO     | betting.kelly:settle_bet:107 - [Bankroll] WIN | stake=0.01 | odds=2.25 | bankroll=0.30 | ROI=-100.0%
2026-05-03 22:27:05.098 | INFO     | betting.kelly:settle_bet:107 - [Bankroll] WIN | stake=0.01 | odds=6.0 | bankroll=0.34 | ROI=-100.0%
2026-05-03 22:27:05.098 | INFO     | betting.kelly:settle_bet:107 - [Bankroll] LOSS | stake=0.02 | odds=5.0 | bankroll=0.32 | ROI=-100.0%
2026-05-03 22:27:05.098 | INFO     | betting.kelly:settle_bet:107 - [Bankroll] LOSS | stake=0.00 | odds=4.2 | bankroll=0.32 | ROI=-100.0%
2026-05-03 22:27:05.098 | INFO     | betting.kelly:settle_bet:107 - [Bankroll] LOSS | stake=0.01 | odds=5.5 | bankroll=0.31 | ROI=-100.0%
2026-05-03 22:27:05.098 | INFO     | betting.kelly:settle_bet:107 - [Bankroll] WIN | stake=0.01 | odds=8.5 | bankroll=0.37 | ROI=-100.0%
2026-05-03 22:27:05.098 | INFO     | betting.kelly:settle_bet:107 - [Bankroll] LOSS | stake=0.01 | odds=5.25 | bankroll=0.36 | ROI=-100.0%
2026-05-03 22:27:05.098 | INFO     | betting.kelly:settle_bet:107 - [Bankroll] LOSS | stake=0.01 | odds=8.5 | bankroll=0.35 | ROI=-100.0%
2026-05-03 22:27:05.098 | INFO     | betting.kelly:settle_bet:107 - [Bankroll] LOSS | stake=0.02 | odds=8.5 | bankroll=0.33 | ROI=-100.0%
2026-05-03 22:27:05.098 | INFO     | betting.kelly:settle_bet:107 - [Bankroll] LOSS | stake=0.01 | odds=6.0 | bankroll=0.32 | ROI=-100.0%
2026-05-03 22:27:05.098 | INFO     | betting.kelly:settle_bet:107 - [Bankroll] LOSS | stake=0.00 | odds=2.7 | bankroll=0.32 | ROI=-100.0%
2026-05-03 22:27:05.098 | INFO     | betting.kelly:settle_bet:107 - [Bankroll] LOSS | stake=0.01 | odds=3.0 | bankroll=0.31 | ROI=-100.0%
2026-05-03 22:27:05.098 | INFO     | betting.kelly:settle_bet:107 - [Bankroll] LOSS | stake=0.00 | odds=3.75 | bankroll=0.31 | ROI=-100.0%
2026-05-03 22:27:05.098 | INFO     | betting.kelly:settle_bet:107 - [Bankroll] WIN | stake=0.00 | odds=4.33 | bankroll=0.32 | ROI=-100.0%
2026-05-03 22:27:05.098 | INFO     | betting.kelly:settle_bet:107 - [Bankroll] LOSS | stake=0.00 | odds=4.33 | bankroll=0.32 | ROI=-100.0%
2026-05-03 22:27:05.141 | SUCCESS  | betting.backtest:walk_forward_backtest:107 - [Backtest] Kết quả: {'initial': 1000.0, 'current': 0.32, 'roi_pct': -99.97, 'total_bets': 1666, 'win_rate': 22.3, 'peak': 1000.0, 'max_dd': -99.99}
2026-05-03 22:27:05.172 | SUCCESS  | __main__:step_backtest:93 - Backtest complete → D:\dream_project\pipeline_dish\data\processed\backtest_results.csv
2026-05-03 22:27:05.172 | SUCCESS  | __main__:step_backtest:94 - Summary: {'initial': 1000.0, 'current': 0.32, 'roi_pct': -99.97, 'total_bets': 1666, 'win_rate': 22.3, 'peak': 1000.0, 'max_dd': -99.99} ✓
2026-05-03 22:35:50.692 | INFO     | __main__:step_train:44 - ═══ STEP 3: Train Models ═══
2026-05-03 22:35:55.746 | INFO     | models.trainer:run_training_pipeline:143 - [Trainer] Train size: 2744 | Cal size: 686
2026-05-03 22:35:55.746 | INFO     | models.trainer:run_training_pipeline:146 - [Trainer] Computing OOF for XGBoost...
2026-05-03 22:35:56.981 | DEBUG    | models.trainer:get_oof_predictions:46 - [Trainer] Fold 1/5 done
2026-05-03 22:35:57.701 | DEBUG    | models.trainer:get_oof_predictions:46 - [Trainer] Fold 2/5 done
2026-05-03 22:35:58.523 | DEBUG    | models.trainer:get_oof_predictions:46 - [Trainer] Fold 3/5 done
2026-05-03 22:35:59.402 | DEBUG    | models.trainer:get_oof_predictions:46 - [Trainer] Fold 4/5 done
2026-05-03 22:36:00.341 | DEBUG    | models.trainer:get_oof_predictions:46 - [Trainer] Fold 5/5 done
2026-05-03 22:36:00.345 | INFO     | models.trainer:run_training_pipeline:149 - [Trainer] Computing OOF for LightGBM...
2026-05-03 22:36:00.861 | DEBUG    | models.trainer:get_oof_predictions:46 - [Trainer] Fold 1/5 done
2026-05-03 22:36:01.554 | DEBUG    | models.trainer:get_oof_predictions:46 - [Trainer] Fold 2/5 done
2026-05-03 22:36:02.313 | DEBUG    | models.trainer:get_oof_predictions:46 - [Trainer] Fold 3/5 done
2026-05-03 22:36:03.132 | DEBUG    | models.trainer:get_oof_predictions:46 - [Trainer] Fold 4/5 done
2026-05-03 22:36:03.923 | DEBUG    | models.trainer:get_oof_predictions:46 - [Trainer] Fold 5/5 done
2026-05-03 22:36:03.923 | INFO     | models.trainer:train_base_models:24 - [Trainer] Training XGBoost...
2026-05-03 22:36:04.908 | INFO     | models.trainer:train_base_models:28 - [Trainer] Training LightGBM...
2026-05-03 22:36:05.715 | INFO     | models.trainer:train_meta_model:56 - [Trainer] Meta model trained
2026-05-03 22:36:05.747 | INFO     | models.trainer:run_training_pipeline:162 - [Trainer] Before calibration: {'brier_Home': 0.2236, 'brier_Draw': 0.1865, 'brier_Away': 0.2156, 'log_loss': 1.0401}
2026-05-03 22:36:05.809 | INFO     | models.trainer:run_training_pipeline:171 - [Trainer] After calibration:  {'brier_Home': 0.2164, 'brier_Draw': 0.186, 'brier_Away': 0.2103, 'log_loss': 1.0221}
2026-05-03 22:36:05.837 | INFO     | models.trainer:save_models:109 - [Trainer] Saved D:\dream_project\pipeline_dish\models\saved\xgb_all.pkl
2026-05-03 22:36:05.932 | INFO     | models.trainer:save_models:109 - [Trainer] Saved D:\dream_project\pipeline_dish\models\saved\lgb_all.pkl
2026-05-03 22:36:05.934 | INFO     | models.trainer:save_models:109 - [Trainer] Saved D:\dream_project\pipeline_dish\models\saved\meta_all.pkl
2026-05-03 22:36:06.048 | INFO     | models.trainer:save_models:114 - [Trainer] Saved calibrated model → D:\dream_project\pipeline_dish\models\calibrated\calibrated_all.pkl
2026-05-03 22:36:06.050 | SUCCESS  | models.trainer:run_training_pipeline:175 - [Trainer] Pipeline hoàn thành cho league=all
2026-05-03 22:36:06.050 | SUCCESS  | __main__:step_train:68 - Training complete. Metrics: {'brier_Home': 0.2164, 'brier_Draw': 0.186, 'brier_Away': 0.2103, 'log_loss': 1.0221} ✓
2026-05-03 22:36:20.863 | INFO     | __main__:step_backtest:72 - ═══ STEP 4: Walk-Forward Backtest ═══
2026-05-03 22:36:21.927 | INFO     | betting.backtest:walk_forward_backtest:25 - [Backtest] Seasons: ['2020-21', '2021-22', '2022-23', '2023-24', '2024-25']
2026-05-03 22:36:21.927 | INFO     | betting.backtest:walk_forward_backtest:41 - [Backtest] Train: ['2020-21', '2021-22', '2022-23'] (2058 trận) | Test: 2023-24 (686 trận)
2026-05-03 22:36:27.047 | INFO     | models.trainer:run_training_pipeline:143 - [Trainer] Train size: 1646 | Cal size: 412
2026-05-03 22:36:27.047 | INFO     | models.trainer:run_training_pipeline:146 - [Trainer] Computing OOF for XGBoost...
2026-05-03 22:36:28.204 | DEBUG    | models.trainer:get_oof_predictions:46 - [Trainer] Fold 1/5 done
2026-05-03 22:36:28.868 | DEBUG    | models.trainer:get_oof_predictions:46 - [Trainer] Fold 2/5 done
2026-05-03 22:36:29.646 | DEBUG    | models.trainer:get_oof_predictions:46 - [Trainer] Fold 3/5 done
2026-05-03 22:36:30.480 | DEBUG    | models.trainer:get_oof_predictions:46 - [Trainer] Fold 4/5 done
2026-05-03 22:36:31.344 | DEBUG    | models.trainer:get_oof_predictions:46 - [Trainer] Fold 5/5 done
2026-05-03 22:36:31.346 | INFO     | models.trainer:run_training_pipeline:149 - [Trainer] Computing OOF for LightGBM...
2026-05-03 22:36:31.712 | DEBUG    | models.trainer:get_oof_predictions:46 - [Trainer] Fold 1/5 done
2026-05-03 22:36:32.178 | DEBUG    | models.trainer:get_oof_predictions:46 - [Trainer] Fold 2/5 done
2026-05-03 22:36:32.895 | DEBUG    | models.trainer:get_oof_predictions:46 - [Trainer] Fold 3/5 done
2026-05-03 22:36:33.646 | DEBUG    | models.trainer:get_oof_predictions:46 - [Trainer] Fold 4/5 done
2026-05-03 22:36:34.427 | DEBUG    | models.trainer:get_oof_predictions:46 - [Trainer] Fold 5/5 done
2026-05-03 22:36:34.427 | INFO     | models.trainer:train_base_models:24 - [Trainer] Training XGBoost...
2026-05-03 22:36:35.940 | INFO     | models.trainer:train_base_models:28 - [Trainer] Training LightGBM...
2026-05-03 22:36:43.339 | INFO     | models.trainer:train_meta_model:56 - [Trainer] Meta model trained
2026-05-03 22:36:43.388 | INFO     | models.trainer:run_training_pipeline:162 - [Trainer] Before calibration: {'brier_Home': 0.2257, 'brier_Draw': 0.1815, 'brier_Away': 0.1907, 'log_loss': 1.0035}
2026-05-03 22:36:43.482 | INFO     | models.trainer:run_training_pipeline:171 - [Trainer] After calibration:  {'brier_Home': 0.2247, 'brier_Draw': 0.1811, 'brier_Away': 0.1897, 'log_loss': 0.9967}
2026-05-03 22:36:43.520 | INFO     | models.trainer:save_models:109 - [Trainer] Saved D:\dream_project\pipeline_dish\models\saved\xgb_wf_2023-24.pkl
2026-05-03 22:36:43.638 | INFO     | models.trainer:save_models:109 - [Trainer] Saved D:\dream_project\pipeline_dish\models\saved\lgb_wf_2023-24.pkl
2026-05-03 22:36:43.640 | INFO     | models.trainer:save_models:109 - [Trainer] Saved D:\dream_project\pipeline_dish\models\saved\meta_wf_2023-24.pkl
2026-05-03 22:36:43.793 | INFO     | models.trainer:save_models:114 - [Trainer] Saved calibrated model → D:\dream_project\pipeline_dish\models\calibrated\calibrated_wf_2023-24.pkl
2026-05-03 22:36:43.793 | SUCCESS  | models.trainer:run_training_pipeline:175 - [Trainer] Pipeline hoàn thành cho league=wf_2023-24
